seller_id,buyer_id,o,d,cargo_type,outcome,chosen,rel,base_road,line_haul
AFR,1304,6142,2311,dry_bulk,gives_up,free,0.007686563321037898,92.54060835346725,maritime+waterways
AFR,1305,6142,2335,dry_bulk,gives_up,free,0.05492728963127469,53.962181385988394,maritime+waterways
AFR,1306,6142,2347,dry_bulk,gives_up,free,0.004818142175557316,84.91636886507443,maritime+waterways
AFR,1318,6142,2311,dry_bulk,gives_up,free,0.007686563321037898,92.54060835346725,maritime+waterways
AFR,1319,6142,2335,dry_bulk,gives_up,free,0.05492728963127469,53.962181385988394,maritime+waterways
AFR,1320,6142,2347,dry_bulk,gives_up,free,0.004818142175557316,84.91636886507443,maritime+waterways
AFR,1356,6142,2311,dry_bulk,gives_up,free,0.007686563321037898,92.54060835346725,maritime+waterways
AFR,1357,6142,2335,dry_bulk,gives_up,free,0.05492728963127469,53.962181385988394,maritime+waterways
AFR,1358,6142,2347,dry_bulk,gives_up,free,0.004818142175557316,84.91636886507443,maritime+waterways
AFR,1363,6142,2311,dry_bulk,gives_up,free,0.007686563321037898,92.54060835346725,maritime+waterways
AFR,1364,6142,2335,dry_bulk,gives_up,free,0.05492728963127469,53.962181385988394,maritime+waterways
AFR,1365,6142,2347,dry_bulk,gives_up,free,0.004818142175557316,84.91636886507443,maritime+waterways
AFR,1426,6142,2335,dry_bulk,gives_up,free,0.05492728963127469,53.962181385988394,maritime+waterways
AFR,1427,6142,2347,dry_bulk,gives_up,free,0.004818142175557316,84.91636886507443,maritime+waterways
AFR,2121,6142,699,dry_bulk,gives_up,free,0.23637482393918452,0.10106237396258157,maritime+waterways
AFR,2124,6142,1728,dry_bulk,delivers_same,same,0.11350499248951751,91.96647030167068,maritime+waterways
AFR,2126,6142,1553,dry_bulk,gives_up,free,0.17578849254296625,0.0,maritime+waterways
AFR,2127,6142,1552,dry_bulk,gives_up,free,0.12632383130872826,25.670068688816244,maritime+waterways
AFR,2128,6142,1272,dry_bulk,gives_up,free,0.1733494215317981,9.117745372228498,maritime+waterways
AFR,2129,6142,1552,dry_bulk,gives_up,free,0.12632383130872826,25.670068688816244,maritime+waterways
AFR,2130,6142,699,dry_bulk,gives_up,free,0.23637482393918452,0.10106237396258157,maritime+waterways
AFR,2132,6142,1728,dry_bulk,delivers_same,same,0.11350499248951751,91.96647030167068,maritime+waterways
AFR,2133,6142,699,dry_bulk,gives_up,free,0.23637482393918452,0.10106237396258157,maritime+waterways
AFR,2134,6142,281,dry_bulk,gives_up,free,0.18972725972615745,1.8419286483586,maritime+waterways
AFR,2135,6142,891,dry_bulk,gives_up,free,0.17521537889367278,3.0717279783022433,maritime+waterways
AFR,2204,6142,930,dry_bulk,gives_up,free,0.1855230441568254,23.59886555092788,maritime+waterways
AFR,2205,6142,671,dry_bulk,gives_up,free,0.22208762443339114,0.0,maritime+waterways
AFR,2206,6142,672,dry_bulk,gives_up,free,0.15177573166139657,62.967290765500785,maritime+waterways
AFR,2207,6142,929,dry_bulk,gives_up,free,0.18298864169248863,40.080098218642256,maritime+waterways
AFR,2210,6142,1322,dry_bulk,gives_up,free,0.2618855882123323,0.0,maritime+waterways
AFR,2211,6142,928,dry_bulk,gives_up,free,0.25910541895798556,7.368734645267233,maritime+waterways
AFR,2212,6142,1269,dry_bulk,gives_up,free,0.2286847859088259,85.28259871900035,maritime+waterways
AFR,2213,6142,1109,dry_bulk,gives_up,free,0.20298193675904175,24.289232740958152,maritime+waterways
AFR,2214,6142,673,dry_bulk,gives_up,free,0.1496044645762109,74.30462955338919,maritime+waterways
AFR,2215,6142,1269,dry_bulk,gives_up,free,0.2286847859088259,85.28259871900035,maritime+waterways
AFR,2217,6142,2038,dry_bulk,gives_up,free,0.17379276749751482,49.29726616677415,maritime+waterways
AFR,2218,6142,2038,dry_bulk,gives_up,free,0.17379276749751482,49.29726616677415,maritime+waterways
AFR,2219,6142,2067,dry_bulk,gives_up,free,0.17837637418169328,39.44127812963945,maritime+waterways
AFR,2220,6142,285,dry_bulk,gives_up,free,0.2091089741710488,16.05814531736965,maritime+waterways
AFR,2222,6142,1322,dry_bulk,gives_up,free,0.2618855882123323,0.0,maritime+waterways
AFR,2223,6142,285,dry_bulk,gives_up,free,0.2091089741710488,16.05814531736965,maritime+waterways
AFR,2226,6142,930,dry_bulk,gives_up,free,0.1855230441568254,23.59886555092788,maritime+waterways
AFR,2227,6142,2067,dry_bulk,gives_up,free,0.17837637418169328,39.44127812963945,maritime+waterways
AFR,2229,6142,360,dry_bulk,gives_up,free,0.0905231367170114,2.747899980959438,maritime+waterways
AFR,2230,6142,710,dry_bulk,gives_up,free,0.18362899309167902,18.462776185723687,maritime+waterways
AFR,2231,6142,710,dry_bulk,gives_up,free,0.18362899309167902,18.462776185723687,maritime+waterways
AFR,2236,6142,2302,dry_bulk,gives_up,free,0.05828552673765253,8.544993835518667,maritime+waterways
AFR,2237,6142,2335,dry_bulk,gives_up,free,0.05492728963127469,53.962181385988394,maritime+waterways
AFR,2238,6142,671,dry_bulk,gives_up,free,0.22208762443339114,0.0,maritime+waterways
AFR,2239,6142,52,dry_bulk,gives_up,free,0.2093944138472157,15.633182925615356,maritime+waterways
AFR,2240,6142,52,dry_bulk,gives_up,free,0.2093944138472157,15.633182925615356,maritime+waterways
AFR,2242,6142,672,dry_bulk,gives_up,free,0.15177573166139657,62.967290765500785,maritime+waterways
AFR,2243,6142,672,dry_bulk,gives_up,free,0.15177573166139657,62.967290765500785,maritime+waterways
AFR,2247,6142,624,dry_bulk,delivers_same,same,0.41885777676625735,105.25118614014254,maritime+waterways
AFR,2253,6142,1286,dry_bulk,delivers_same,same,0.4513309463751105,187.22316360694916,maritime+waterways
AFR,2255,6142,624,dry_bulk,delivers_same,same,0.41885777676625735,105.25118614014254,maritime+waterways
AFR,2257,6142,624,dry_bulk,delivers_same,same,0.41885777676625735,105.25118614014254,maritime+waterways
AFR,2258,6142,1286,dry_bulk,delivers_same,same,0.4513309463751105,187.22316360694916,maritime+waterways
AFR,2259,6142,1154,dry_bulk,delivers_same,same,0.43913712966115814,198.8748319059288,maritime+waterways
AFR,2263,6142,624,dry_bulk,delivers_same,same,0.41885777676625735,105.25118614014254,maritime+waterways
AFR,2264,6142,624,dry_bulk,delivers_same,same,0.41885777676625735,105.25118614014254,maritime+waterways
AFR,2266,6142,1154,dry_bulk,delivers_same,same,0.43913712966115814,198.8748319059288,maritime+waterways
AFR,2268,6142,1154,dry_bulk,delivers_same,same,0.43913712966115814,198.8748319059288,maritime+waterways
AFR,2269,6142,460,dry_bulk,gives_up,free,0.15007697198785586,2.4222279732939214,maritime+waterways
AFR,2270,6142,461,dry_bulk,gives_up,free,0.14045775488501966,0.0,maritime+waterways
AFR,2271,6142,461,dry_bulk,gives_up,free,0.14045775488501966,0.0,maritime+waterways
AFR,2273,6142,2022,dry_bulk,gives_up,free,0.15052078597994356,0.0,maritime+waterways
AFR,2274,6142,460,dry_bulk,gives_up,free,0.15007697198785586,2.4222279732939214,maritime+waterways
AFR,2277,6142,461,dry_bulk,gives_up,free,0.14045775488501966,0.0,maritime+waterways
AFR,2278,6142,461,dry_bulk,gives_up,free,0.14045775488501966,0.0,maritime+waterways
AFR,2279,6142,461,dry_bulk,gives_up,free,0.14045775488501966,0.0,maritime+waterways
AFR,2281,6142,445,dry_bulk,gives_up,free,0.07275074514973867,92.88539843237076,maritime+waterways
AFR,2282,6142,461,dry_bulk,gives_up,free,0.14045775488501966,0.0,maritime+waterways
AFR,2283,6142,1532,dry_bulk,gives_up,free,0.13492285518983205,15.51251440858761,maritime+waterways
AFR,2284,6142,445,dry_bulk,gives_up,free,0.07275074514973867,92.88539843237076,maritime+waterways
AFR,2285,6142,460,dry_bulk,gives_up,free,0.15007697198785586,2.4222279732939214,maritime+waterways
AFR,2286,6142,445,dry_bulk,gives_up,free,0.07275074514973867,92.88539843237076,maritime+waterways
AFR,2291,6142,501,dry_bulk,gives_up,free,0.13261824829302338,29.32664601191391,maritime+waterways
AFR,2294,6142,501,dry_bulk,gives_up,free,0.13261824829302338,29.32664601191391,maritime+waterways
AFR,2301,6142,501,dry_bulk,gives_up,free,0.13261824829302338,29.32664601191391,maritime+waterways
AFR,2302,6142,1269,dry_bulk,gives_up,free,0.2286847859088259,85.28259871900035,maritime+waterways
AFR,2303,6142,501,dry_bulk,gives_up,free,0.13261824829302338,29.32664601191391,maritime+waterways
AFR,2304,6142,501,dry_bulk,gives_up,free,0.13261824829302338,29.32664601191391,maritime+waterways
AFR,2305,6142,1532,dry_bulk,gives_up,free,0.13492285518983205,15.51251440858761,maritime+waterways
AFR,2306,6142,1269,dry_bulk,gives_up,free,0.2286847859088259,85.28259871900035,maritime+waterways
AFR,2307,6142,1270,dry_bulk,gives_up,free,0.13760817751156962,0.0,maritime+waterways
AFR,2308,6142,1270,dry_bulk,gives_up,free,0.13760817751156962,0.0,maritime+waterways
AFR,2310,6142,1306,dry_bulk,gives_up,free,0.19656981639960036,0.0,maritime+waterways
AFR,2311,6142,741,dry_bulk,gives_up,free,0.17069150017415646,77.61936980158896,maritime+waterways
AFR,2312,6142,841,dry_bulk,gives_up,free,0.16905998207427997,85.0020292522239,maritime+waterways
AFR,2313,6142,841,dry_bulk,gives_up,free,0.16905998207427997,85.0020292522239,maritime+waterways
AFR,2314,6142,500,dry_bulk,gives_up,free,0.19639102175872591,48.173009512997936,maritime+waterways
AFR,2315,6142,1307,dry_bulk,gives_up,free,0.21015448601040188,0.0,maritime+waterways
AFR,2316,6142,1109,dry_bulk,gives_up,free,0.20298193675904175,24.289232740958152,maritime+waterways
AFR,2317,6142,841,dry_bulk,gives_up,free,0.16905998207427997,85.0020292522239,maritime+waterways
AFR,2318,6142,1109,dry_bulk,gives_up,free,0.20298193675904175,24.289232740958152,maritime+waterways
AFR,2319,6142,1286,dry_bulk,delivers_same,same,0.4513309463751105,187.22316360694916,maritime+waterways
AFR,2321,6142,1286,dry_bulk,delivers_same,same,0.4513309463751105,187.22316360694916,maritime+waterways
AFR,2322,6142,1153,dry_bulk,gives_up,free,0.04791328084456481,131.8372137865686,maritime+waterways
AFR,2323,6142,673,dry_bulk,gives_up,free,0.1496044645762109,74.30462955338919,maritime+waterways
AFR,2324,6142,673,dry_bulk,gives_up,free,0.1496044645762109,74.30462955338919,maritime+waterways
AFR,2325,6142,673,dry_bulk,gives_up,free,0.1496044645762109,74.30462955338919,maritime+waterways
AFR,2327,6142,1153,dry_bulk,gives_up,free,0.04791328084456481,131.8372137865686,maritime+waterways
AFR,2328,6142,1153,dry_bulk,gives_up,free,0.04791328084456481,131.8372137865686,maritime+waterways
AFR,2329,6142,1269,dry_bulk,gives_up,free,0.2286847859088259,85.28259871900035,maritime+waterways
AFR,2351,6142,1469,dry_bulk,gives_up,free,0.18091537647306155,0.7027253406243322,maritime+waterways
AFR,2354,6142,612,dry_bulk,gives_up,free,0.20570761589183406,0.0,maritime+waterways
AFR,2355,6142,611,dry_bulk,gives_up,free,0.16769493312506323,13.439123510952633,maritime+waterways
AFR,2356,6142,1449,dry_bulk,gives_up,free,0.16643770372651656,6.972714920667505,maritime+waterways
AFR,2357,6142,1617,dry_bulk,gives_up,free,0.17271463850048518,2.3338410525331055,maritime+waterways
AFR,2358,6142,1306,dry_bulk,gives_up,free,0.19656981639960036,0.0,maritime+waterways
AFR,2359,6142,780,dry_bulk,gives_up,free,0.16521806768950675,0.0,maritime+waterways
AFR,2360,6142,601,dry_bulk,gives_up,free,0.18081034916360061,17.375661593886708,maritime+waterways
AFR,2362,6142,889,dry_bulk,gives_up,free,0.17458302246883606,0.0,maritime+waterways
AFR,2363,6142,197,dry_bulk,gives_up,free,0.08163120934189516,51.77970370458033,maritime+waterways
AFR,2364,6142,197,dry_bulk,gives_up,free,0.08163120934189516,51.77970370458033,maritime+waterways
AFR,2365,6142,197,dry_bulk,gives_up,free,0.08163120934189516,51.77970370458033,maritime+waterways
AFR,2366,6142,889,dry_bulk,gives_up,free,0.17458302246883606,0.0,maritime+waterways
AFR,2367,6142,862,dry_bulk,gives_up,free,0.0771418027631674,91.90474031566728,maritime+waterways
AFR,2368,6142,862,dry_bulk,gives_up,free,0.0771418027631674,91.90474031566728,maritime+waterways
AFR,2370,6142,1540,dry_bulk,gives_up,free,0.013542492740517886,133.98764143575337,maritime+waterways
AFR,2371,6142,1540,dry_bulk,gives_up,free,0.013542492740517886,133.98764143575337,maritime+waterways
AFR,2387,6142,928,dry_bulk,gives_up,free,0.25910541895798556,7.368734645267233,maritime+waterways
AFR,2388,6142,1433,dry_bulk,gives_up,free,0.17323034552828354,51.596488346624774,maritime+waterways
AFR,2389,6142,710,dry_bulk,gives_up,free,0.18362899309167902,18.462776185723687,maritime+waterways
AFR,2392,6142,461,dry_bulk,gives_up,free,0.14045775488501966,0.0,maritime+waterways
AFR,2393,6142,445,dry_bulk,gives_up,free,0.07275074514973867,92.88539843237076,maritime+waterways
AFR,2395,6142,1270,dry_bulk,gives_up,free,0.13760817751156962,0.0,maritime+waterways
AFR,2396,6142,741,dry_bulk,gives_up,free,0.17069150017415646,77.61936980158896,maritime+waterways
AFR,2397,6142,1153,dry_bulk,gives_up,free,0.04791328084456481,131.8372137865686,maritime+waterways
AFR,2402,6142,1469,dry_bulk,gives_up,free,0.18091537647306155,0.7027253406243322,maritime+waterways
AFR,2403,6142,197,dry_bulk,gives_up,free,0.08163120934189516,51.77970370458033,maritime+waterways
AFR,2417,6142,1729,dry_bulk,delivers_same,same,0.17975440481789073,70.0171579190455,maritime+waterways
AFR,2517,6142,928,dry_bulk,gives_up,free,0.25910541895798556,7.368734645267233,maritime+waterways
AFR,2518,6142,1433,dry_bulk,gives_up,free,0.17323034552828354,51.596488346624774,maritime+waterways
AFR,2519,6142,710,dry_bulk,gives_up,free,0.18362899309167902,18.462776185723687,maritime+waterways
AFR,2522,6142,461,dry_bulk,gives_up,free,0.14045775488501966,0.0,maritime+waterways
AFR,2523,6142,445,dry_bulk,gives_up,free,0.07275074514973867,92.88539843237076,maritime+waterways
AFR,2525,6142,1270,dry_bulk,gives_up,free,0.13760817751156962,0.0,maritime+waterways
AFR,2526,6142,741,dry_bulk,gives_up,free,0.17069150017415646,77.61936980158896,maritime+waterways
AFR,2527,6142,1153,dry_bulk,gives_up,free,0.04791328084456481,131.8372137865686,maritime+waterways
AFR,2532,6142,1469,dry_bulk,gives_up,free,0.18091537647306155,0.7027253406243322,maritime+waterways
AFR,2533,6142,197,dry_bulk,gives_up,free,0.08163120934189516,51.77970370458033,maritime+waterways
AFR,2547,6142,1729,dry_bulk,delivers_same,same,0.17975440481789073,70.0171579190455,maritime+waterways
AFR,2593,6142,928,dry_bulk,gives_up,free,0.25910541895798556,7.368734645267233,maritime+waterways
AFR,2594,6142,1433,dry_bulk,gives_up,free,0.17323034552828354,51.596488346624774,maritime+waterways
AFR,2595,6142,710,dry_bulk,gives_up,free,0.18362899309167902,18.462776185723687,maritime+waterways
AFR,2598,6142,461,dry_bulk,gives_up,free,0.14045775488501966,0.0,maritime+waterways
AFR,2599,6142,445,dry_bulk,gives_up,free,0.07275074514973867,92.88539843237076,maritime+waterways
AFR,2601,6142,1270,dry_bulk,gives_up,free,0.13760817751156962,0.0,maritime+waterways
AFR,2602,6142,741,dry_bulk,gives_up,free,0.17069150017415646,77.61936980158896,maritime+waterways
AFR,2603,6142,1153,dry_bulk,gives_up,free,0.04791328084456481,131.8372137865686,maritime+waterways
AFR,2608,6142,1469,dry_bulk,gives_up,free,0.18091537647306155,0.7027253406243322,maritime+waterways
AFR,2609,6142,197,dry_bulk,gives_up,free,0.08163120934189516,51.77970370458033,maritime+waterways
AFR,2623,6142,1729,dry_bulk,delivers_same,same,0.17975440481789073,70.0171579190455,maritime+waterways
AFR,2720,6142,2038,dry_bulk,gives_up,free,0.17379276749751482,49.29726616677415,maritime+waterways
AFR,2724,6142,624,dry_bulk,delivers_same,same,0.41885777676625735,105.25118614014254,maritime+waterways
AFR,2726,6142,624,dry_bulk,delivers_same,same,0.41885777676625735,105.25118614014254,maritime+waterways
AFR,2728,6142,624,dry_bulk,delivers_same,same,0.41885777676625735,105.25118614014254,maritime+waterways
AFR,2735,6142,1272,dry_bulk,gives_up,free,0.1733494215317981,9.117745372228498,maritime+waterways
AFR,2738,6142,1272,dry_bulk,gives_up,free,0.1733494215317981,9.117745372228498,maritime+waterways
AFR,2742,6142,1272,dry_bulk,gives_up,free,0.1733494215317981,9.117745372228498,maritime+waterways
AFR,2745,6142,624,dry_bulk,delivers_same,same,0.41885777676625735,105.25118614014254,maritime+waterways
AFR,2826,6142,1552,dry_bulk,gives_up,free,0.12632383130872826,25.670068688816244,maritime+waterways
AFR,2828,6142,1447,dry_bulk,gives_up,free,0.18581758284353223,0.0,maritime+waterways
AFR,2833,6142,1433,dry_bulk,gives_up,free,0.17323034552828354,51.596488346624774,maritime+waterways
AFR,2836,6142,1153,dry_bulk,gives_up,free,0.04791328084456481,131.8372137865686,maritime+waterways
AFR,2837,6142,2022,dry_bulk,gives_up,free,0.15052078597994356,0.0,maritime+waterways
AFR,2840,6142,285,dry_bulk,gives_up,free,0.2091089741710488,16.05814531736965,maritime+waterways
AFR,2842,6142,672,dry_bulk,gives_up,free,0.15177573166139657,62.967290765500785,maritime+waterways
AFR,2843,6142,1307,dry_bulk,gives_up,free,0.21015448601040188,0.0,maritime+waterways
AFR,2846,6142,1448,dry_bulk,gives_up,free,0.19084236891710749,0.0,maritime+waterways
AFR,2855,6142,1269,dry_bulk,gives_up,free,0.2286847859088259,85.28259871900035,maritime+waterways
AFR,2856,6142,1322,dry_bulk,gives_up,free,0.2618855882123323,0.0,maritime+waterways
AFR,2861,6142,672,dry_bulk,gives_up,free,0.15177573166139657,62.967290765500785,maritime+waterways
AFR,2862,6142,673,dry_bulk,gives_up,free,0.1496044645762109,74.30462955338919,maritime+waterways
AFR,2863,6142,1109,dry_bulk,gives_up,free,0.20298193675904175,24.289232740958152,maritime+waterways
AFR,2864,6142,1532,dry_bulk,gives_up,free,0.13492285518983205,15.51251440858761,maritime+waterways
AFR,2865,6142,1270,dry_bulk,gives_up,free,0.13760817751156962,0.0,maritime+waterways
AFR,2869,6142,740,dry_bulk,gives_up,free,0.025880981162662353,129.28778134010452,maritime+waterways
AFR,2872,6142,283,dry_bulk,gives_up,free,0.2142053450686059,0.0,maritime+waterways
AFR,2873,6142,282,dry_bulk,gives_up,free,0.1958761768969146,0.0,maritime+waterways
AFR,2885,6142,970,dry_bulk,gives_up,free,0.1885144563741743,0.0,maritime+waterways
AFR,2886,6142,1286,dry_bulk,delivers_same,same,0.4513309463751105,187.22316360694916,maritime+waterways
AFR,2899,6142,928,dry_bulk,gives_up,free,0.25910541895798556,7.368734645267233,maritime+waterways
AFR,2900,6142,1433,dry_bulk,gives_up,free,0.17323034552828354,51.596488346624774,maritime+waterways
AFR,2901,6142,710,dry_bulk,gives_up,free,0.18362899309167902,18.462776185723687,maritime+waterways
AFR,2904,6142,461,dry_bulk,gives_up,free,0.14045775488501966,0.0,maritime+waterways
AFR,2905,6142,445,dry_bulk,gives_up,free,0.07275074514973867,92.88539843237076,maritime+waterways
AFR,2907,6142,1270,dry_bulk,gives_up,free,0.13760817751156962,0.0,maritime+waterways
AFR,2908,6142,741,dry_bulk,gives_up,free,0.17069150017415646,77.61936980158896,maritime+waterways
AFR,2909,6142,1153,dry_bulk,gives_up,free,0.04791328084456481,131.8372137865686,maritime+waterways
AFR,2914,6142,1469,dry_bulk,gives_up,free,0.18091537647306155,0.7027253406243322,maritime+waterways
AFR,2915,6142,197,dry_bulk,gives_up,free,0.08163120934189516,51.77970370458033,maritime+waterways
AFR,2929,6142,1729,dry_bulk,delivers_same,same,0.17975440481789073,70.0171579190455,maritime+waterways
AFR,2975,6142,928,dry_bulk,gives_up,free,0.25910541895798556,7.368734645267233,maritime+waterways
AFR,2976,6142,1433,dry_bulk,gives_up,free,0.17323034552828354,51.596488346624774,maritime+waterways
AFR,2977,6142,710,dry_bulk,gives_up,free,0.18362899309167902,18.462776185723687,maritime+waterways
AFR,2980,6142,461,dry_bulk,gives_up,free,0.14045775488501966,0.0,maritime+waterways
AFR,2981,6142,445,dry_bulk,gives_up,free,0.07275074514973867,92.88539843237076,maritime+waterways
AFR,2983,6142,1270,dry_bulk,gives_up,free,0.13760817751156962,0.0,maritime+waterways
AFR,2984,6142,741,dry_bulk,gives_up,free,0.17069150017415646,77.61936980158896,maritime+waterways
AFR,2985,6142,1153,dry_bulk,gives_up,free,0.04791328084456481,131.8372137865686,maritime+waterways
AFR,2990,6142,1469,dry_bulk,gives_up,free,0.18091537647306155,0.7027253406243322,maritime+waterways
AFR,2991,6142,197,dry_bulk,gives_up,free,0.08163120934189516,51.77970370458033,maritime+waterways
AFR,3005,6142,1729,dry_bulk,delivers_same,same,0.17975440481789073,70.0171579190455,maritime+waterways
AFR,3203,6142,928,dry_bulk,gives_up,free,0.25910541895798556,7.368734645267233,maritime+waterways
AFR,3204,6142,1433,dry_bulk,gives_up,free,0.17323034552828354,51.596488346624774,maritime+waterways
AFR,3205,6142,710,dry_bulk,gives_up,free,0.18362899309167902,18.462776185723687,maritime+waterways
AFR,3208,6142,461,dry_bulk,gives_up,free,0.14045775488501966,0.0,maritime+waterways
AFR,3209,6142,445,dry_bulk,gives_up,free,0.07275074514973867,92.88539843237076,maritime+waterways
AFR,3211,6142,1270,dry_bulk,gives_up,free,0.13760817751156962,0.0,maritime+waterways
AFR,3212,6142,741,dry_bulk,gives_up,free,0.17069150017415646,77.61936980158896,maritime+waterways
AFR,3213,6142,1153,dry_bulk,gives_up,free,0.04791328084456481,131.8372137865686,maritime+waterways
AFR,3218,6142,1469,dry_bulk,gives_up,free,0.18091537647306155,0.7027253406243322,maritime+waterways
AFR,3219,6142,197,dry_bulk,gives_up,free,0.08163120934189516,51.77970370458033,maritime+waterways
AFR,3233,6142,1729,dry_bulk,delivers_same,same,0.17975440481789073,70.0171579190455,maritime+waterways
AFR,3279,6142,928,dry_bulk,gives_up,free,0.25910541895798556,7.368734645267233,maritime+waterways
AFR,3280,6142,1433,dry_bulk,gives_up,free,0.17323034552828354,51.596488346624774,maritime+waterways
AFR,3281,6142,710,dry_bulk,gives_up,free,0.18362899309167902,18.462776185723687,maritime+waterways
AFR,3284,6142,461,dry_bulk,gives_up,free,0.14045775488501966,0.0,maritime+waterways
AFR,3285,6142,445,dry_bulk,gives_up,free,0.07275074514973867,92.88539843237076,maritime+waterways
AFR,3287,6142,1270,dry_bulk,gives_up,free,0.13760817751156962,0.0,maritime+waterways
AFR,3288,6142,741,dry_bulk,gives_up,free,0.17069150017415646,77.61936980158896,maritime+waterways
AFR,3289,6142,1153,dry_bulk,gives_up,free,0.04791328084456481,131.8372137865686,maritime+waterways
AFR,3294,6142,1469,dry_bulk,gives_up,free,0.18091537647306155,0.7027253406243322,maritime+waterways
AFR,3295,6142,197,dry_bulk,gives_up,free,0.08163120934189516,51.77970370458033,maritime+waterways
AFR,3309,6142,1729,dry_bulk,delivers_same,same,0.17975440481789073,70.0171579190455,maritime+waterways
AFR,3355,6142,928,liquid_bulk,gives_up,free,0.28829501452542394,7.368734645267233,maritime+waterways
AFR,3356,6142,1433,liquid_bulk,gives_up,free,0.21796838598375934,2.2992221798506205,maritime+waterways
AFR,3357,6142,710,liquid_bulk,gives_up,free,0.16009898464975048,18.462776185723687,maritime+waterways
AFR,3360,6142,461,liquid_bulk,gives_up,free,0.015549344369973683,0.0,maritime+waterways
AFR,3361,6142,445,liquid_bulk,gives_up,free,0.005151161404946203,92.88539843237076,maritime+waterways
AFR,3363,6142,1270,liquid_bulk,gives_up,free,0.0405718627843803,0.0,maritime+waterways
AFR,3364,6142,741,liquid_bulk,gives_up,free,0.10329573091660538,77.61936980158896,maritime+waterways
AFR,3365,6142,1153,liquid_bulk,gives_up,free,0.05439527326022975,68.86992302106785,maritime+waterways
AFR,3370,6142,1469,liquid_bulk,gives_up,free,0.15967253013693639,0.7027253406243322,maritime+waterways
AFR,3371,6142,197,liquid_bulk,gives_up,free,0.12667425817904365,51.77970370458033,maritime+waterways
AFR,3385,6142,1729,liquid_bulk,delivers_same,same,0.32295220385365786,70.0171579190455,maritime+waterways
AFR,3431,6142,928,liquid_bulk,gives_up,free,0.28829501452542394,7.368734645267233,maritime+waterways
AFR,3432,6142,1433,liquid_bulk,gives_up,free,0.21796838598375934,2.2992221798506205,maritime+waterways
AFR,3433,6142,710,liquid_bulk,gives_up,free,0.16009898464975048,18.462776185723687,maritime+waterways
AFR,3436,6142,461,liquid_bulk,gives_up,free,0.015549344369973683,0.0,maritime+waterways
AFR,3437,6142,445,liquid_bulk,gives_up,free,0.005151161404946203,92.88539843237076,maritime+waterways
AFR,3439,6142,1270,liquid_bulk,gives_up,free,0.0405718627843803,0.0,maritime+waterways
AFR,3440,6142,741,liquid_bulk,gives_up,free,0.10329573091660538,77.61936980158896,maritime+waterways
AFR,3441,6142,1153,liquid_bulk,gives_up,free,0.05439527326022975,68.86992302106785,maritime+waterways
AFR,3446,6142,1469,liquid_bulk,gives_up,free,0.15967253013693639,0.7027253406243322,maritime+waterways
AFR,3447,6142,197,liquid_bulk,gives_up,free,0.12667425817904365,51.77970370458033,maritime+waterways
AFR,3461,6142,1729,liquid_bulk,delivers_same,same,0.32295220385365786,70.0171579190455,maritime+waterways
AFR,5609,6142,797,dry_bulk,gives_up,free,0.17762279409945858,14.014913482462283,maritime+waterways
AFR,5610,6142,734,dry_bulk,gives_up,free,0.08985458484404907,8.156375702061142,maritime+waterways
AFR,5671,6142,733,dry_bulk,gives_up,free,0.17670324752410127,17.702405438601108,maritime+waterways
AFR,5752,6142,733,dry_bulk,gives_up,free,0.17670324752410127,17.702405438601108,maritime+waterways
AFR,5806,6142,733,dry_bulk,gives_up,free,0.17670324752410127,17.702405438601108,maritime+waterways
AFR,5833,6142,733,dry_bulk,gives_up,free,0.17670324752410127,17.702405438601108,maritime+waterways
AFR,5860,6142,733,dry_bulk,gives_up,free,0.17670324752410127,17.702405438601108,maritime+waterways
AFR,5914,6142,733,dry_bulk,gives_up,free,0.17670324752410127,17.702405438601108,maritime+waterways
AFR,6031,6142,734,dry_bulk,gives_up,free,0.08985458484404907,8.156375702061142,maritime+waterways
AFR,6297,6142,733,dry_bulk,gives_up,free,0.17670324752410127,17.702405438601108,maritime+waterways
AME,1,6168,1138,dry_bulk,gives_up,free,0.05576423287177468,37.643720883928026,maritime+waterways
AME,3,6168,1424,dry_bulk,gives_up,free,0.10549336345423344,0.0,maritime+waterways
AME,4,6168,820,dry_bulk,gives_up,free,0.05454327700468742,15.271361365704378,maritime+waterways
AME,5,6168,820,dry_bulk,gives_up,free,0.05454327700468742,15.271361365704378,maritime+waterways
AME,6,6168,1424,dry_bulk,gives_up,free,0.10549336345423344,0.0,maritime+waterways
AME,7,6168,209,dry_bulk,gives_up,free,0.05686785584919929,15.300461024379937,maritime+waterways
AME,8,6168,209,dry_bulk,gives_up,free,0.05686785584919929,15.300461024379937,maritime+waterways
AME,9,6168,1959,dry_bulk,gives_up,free,0.05738884492790497,10.8719557307726,maritime+waterways
AME,10,6168,209,dry_bulk,gives_up,free,0.05686785584919929,15.300461024379937,maritime+waterways
AME,20,6168,462,dry_bulk,gives_up,free,0.07846692223004426,37.41496581161871,maritime+waterways
AME,21,6168,2291,dry_bulk,gives_up,free,0.08009435962003186,19.62570480816665,maritime+waterways
AME,22,6168,128,dry_bulk,gives_up,free,0.08196995751431246,0.0,maritime+waterways
AME,23,6168,2074,dry_bulk,gives_up,free,0.08034537798567687,16.946013082987758,maritime+waterways
AME,24,6168,437,dry_bulk,gives_up,free,0.07850570112817423,36.98250195280526,maritime+waterways
AME,26,6168,870,dry_bulk,delivers_same,same,0.04892775401904381,5.095734492752605,maritime+railways+waterways
AME,27,6168,2269,dry_bulk,delivers_same,same,0.04919180072655016,0.0,maritime+railways+waterways
AME,28,6168,1153,dry_bulk,gives_up,free,0.17531062355739535,131.8372137865686,maritime+waterways
AME,29,6168,752,dry_bulk,delivers_same,same,0.07123622811756514,58.14992037990897,maritime+railways+waterways
AME,31,6168,751,dry_bulk,delivers_same,same,0.07082989548856355,63.78400371947424,maritime+railways+waterways
AME,32,6168,1371,dry_bulk,delivers_same,same,0.0757195396706063,0.0,maritime+railways+waterways
AME,33,6168,750,dry_bulk,gives_up,free,0.1058654612145955,198.23283574272565,maritime+waterways
AME,34,6168,750,dry_bulk,gives_up,free,0.1058654612145955,198.23283574272565,maritime+waterways
AME,84,6168,820,dry_bulk,gives_up,free,0.05454327700468742,15.271361365704378,maritime+waterways
AME,85,6168,1158,dry_bulk,gives_up,free,0.05758957268098763,3.7288462901362767,maritime+waterways
AME,88,6168,462,dry_bulk,gives_up,free,0.07846692223004426,37.41496581161871,maritime+waterways
AME,89,6168,870,dry_bulk,delivers_same,same,0.04892775401904381,5.095734492752605,maritime+railways+waterways
AME,90,6168,751,dry_bulk,delivers_same,same,0.07082989548856355,63.78400371947424,maritime+railways+waterways
AME,91,6168,750,dry_bulk,gives_up,free,0.1058654612145955,198.23283574272565,maritime+waterways
AME,115,6168,1668,dry_bulk,gives_up,free,0.057798920257562614,4.352265160396285,maritime+waterways
AME,145,6168,128,dry_bulk,gives_up,free,0.08196995751431246,0.0,maritime+waterways
AME,147,6168,820,dry_bulk,gives_up,free,0.05454327700468742,15.271361365704378,maritime+waterways
AME,148,6168,1158,dry_bulk,gives_up,free,0.05758957268098763,3.7288462901362767,maritime+waterways
AME,151,6168,462,dry_bulk,gives_up,free,0.07846692223004426,37.41496581161871,maritime+waterways
AME,152,6168,870,dry_bulk,delivers_same,same,0.04892775401904381,5.095734492752605,maritime+railways+waterways
AME,153,6168,751,dry_bulk,delivers_same,same,0.07082989548856355,63.78400371947424,maritime+railways+waterways
AME,154,6168,750,dry_bulk,gives_up,free,0.1058654612145955,198.23283574272565,maritime+waterways
AME,228,6168,820,dry_bulk,gives_up,free,0.05454327700468742,15.271361365704378,maritime+waterways
AME,229,6168,1158,dry_bulk,gives_up,free,0.05758957268098763,3.7288462901362767,maritime+waterways
AME,232,6168,462,dry_bulk,gives_up,free,0.07846692223004426,37.41496581161871,maritime+waterways
AME,233,6168,870,dry_bulk,delivers_same,same,0.04892775401904381,5.095734492752605,maritime+railways+waterways
AME,234,6168,751,dry_bulk,delivers_same,same,0.07082989548856355,63.78400371947424,maritime+railways+waterways
AME,235,6168,750,dry_bulk,gives_up,free,0.1058654612145955,198.23283574272565,maritime+waterways
AME,1248,6168,2316,dry_bulk,delivers_same,same,0.06125037619931861,189.47741590219567,maritime+waterways
AME,1249,6168,793,dry_bulk,gives_up,free,0.019489191912323678,235.65254492486844,maritime+waterways
AME,1250,6168,2310,dry_bulk,gives_up,free,0.22606307748926202,85.04640323471926,maritime+waterways
AME,1251,6168,2305,dry_bulk,gives_up,free,0.2244060037075568,90.62487232839729,maritime+waterways
AME,1252,6168,778,dry_bulk,gives_up,free,0.23546837979383306,59.782190166966494,maritime+waterways
AME,1253,6168,2336,dry_bulk,gives_up,free,0.23544804446331602,54.93400688851328,maritime+waterways
AME,1254,6168,54,dry_bulk,gives_up,free,0.21999278488553786,105.89173662104216,maritime+waterways
AME,1255,6168,2024,dry_bulk,gives_up,free,0.11459114867942777,189.63706234180418,maritime+waterways
AME,1256,6168,2324,dry_bulk,gives_up,free,0.12280794123847905,177.55179105341074,maritime+waterways
AME,1257,6168,53,dry_bulk,gives_up,free,0.13798322004322539,148.5011686950821,maritime+waterways
AME,1258,6168,2334,dry_bulk,gives_up,free,0.22492836826057583,88.85748276211135,maritime+waterways
AME,1261,6168,793,dry_bulk,gives_up,free,0.019489191912323678,235.65254492486844,maritime+waterways
AME,1262,6168,2311,dry_bulk,gives_up,free,0.22384252767694535,92.54060835346725,maritime+waterways
AME,1263,6168,2335,dry_bulk,gives_up,free,0.23576392541694213,53.962181385988394,maritime+waterways
AME,1264,6168,2347,dry_bulk,gives_up,free,0.2261019958819357,84.91636886507443,maritime+waterways
AME,1265,6168,2324,dry_bulk,gives_up,free,0.12280794123847905,177.55179105341074,maritime+waterways
AME,1266,6168,2312,dry_bulk,gives_up,free,0.2218694478489549,99.32548326571344,maritime+waterways
AME,1282,6168,793,dry_bulk,gives_up,free,0.019489191912323678,235.65254492486844,maritime+waterways
AME,1283,6168,2311,dry_bulk,gives_up,free,0.22384252767694535,92.54060835346725,maritime+waterways
AME,1284,6168,2335,dry_bulk,gives_up,free,0.23576392541694213,53.962181385988394,maritime+waterways
AME,1285,6168,2347,dry_bulk,gives_up,free,0.2261019958819357,84.91636886507443,maritime+waterways
AME,1286,6168,2324,dry_bulk,gives_up,free,0.12280794123847905,177.55179105341074,maritime+waterways
AME,1287,6168,2312,dry_bulk,gives_up,free,0.2218694478489549,99.32548326571344,maritime+waterways
AME,1303,6168,793,dry_bulk,gives_up,free,0.019489191912323678,235.65254492486844,maritime+waterways
AME,1304,6168,2311,dry_bulk,gives_up,free,0.22384252767694535,92.54060835346725,maritime+waterways
AME,1305,6168,2335,dry_bulk,gives_up,free,0.23576392541694213,53.962181385988394,maritime+waterways
AME,1306,6168,2347,dry_bulk,gives_up,free,0.2261019958819357,84.91636886507443,maritime+waterways
AME,1307,6168,2324,dry_bulk,gives_up,free,0.12280794123847905,177.55179105341074,maritime+waterways
AME,1308,6168,2312,dry_bulk,gives_up,free,0.2218694478489549,99.32548326571344,maritime+waterways
AME,1331,6168,2305,dry_bulk,gives_up,free,0.2244060037075568,90.62487232839729,maritime+waterways
AME,1355,6168,793,dry_bulk,gives_up,free,0.019489191912323678,235.65254492486844,maritime+waterways
AME,1356,6168,2311,dry_bulk,gives_up,free,0.22384252767694535,92.54060835346725,maritime+waterways
AME,1357,6168,2335,dry_bulk,gives_up,free,0.23576392541694213,53.962181385988394,maritime+waterways
AME,1358,6168,2347,dry_bulk,gives_up,free,0.2261019958819357,84.91636886507443,maritime+waterways
AME,1359,6168,2324,dry_bulk,gives_up,free,0.12280794123847905,177.55179105341074,maritime+waterways
AME,1360,6168,2312,dry_bulk,gives_up,free,0.2218694478489549,99.32548326571344,maritime+waterways
AME,1643,6168,128,dry_bulk,gives_up,free,0.08196995751431246,0.0,maritime+waterways
AME,2121,6168,699,dry_bulk,gives_up,free,0.26113226775624465,0.10106237396258157,maritime+waterways
AME,2124,6168,1728,dry_bulk,delivers_same,same,0.12452133735050763,91.96647030167068,maritime+waterways
AME,2126,6168,1553,dry_bulk,gives_up,free,0.19501610037788142,0.0,maritime+waterways
AME,2127,6168,1552,dry_bulk,gives_up,free,0.13995735295545808,25.670068688816244,maritime+waterways
AME,2128,6168,1272,dry_bulk,gives_up,free,0.19201883019479893,9.117745372228498,maritime+waterways
AME,2129,6168,1552,dry_bulk,gives_up,free,0.13995735295545808,25.670068688816244,maritime+waterways
AME,2130,6168,699,dry_bulk,gives_up,free,0.26113226775624465,0.10106237396258157,maritime+waterways
AME,2132,6168,1728,dry_bulk,delivers_same,same,0.12452133735050763,91.96647030167068,maritime+waterways
AME,2133,6168,699,dry_bulk,gives_up,free,0.26113226775624465,0.10106237396258157,maritime+waterways
AME,2134,6168,281,dry_bulk,gives_up,free,0.21013820982722797,1.8419286483586,maritime+waterways
AME,2135,6168,891,dry_bulk,gives_up,free,0.1948760407095087,3.0717279783022433,maritime+waterways
AME,2204,6168,930,dry_bulk,gives_up,free,0.20312605345930246,23.59886555092788,maritime+waterways
AME,2205,6168,671,dry_bulk,gives_up,free,0.24377383392447594,0.0,maritime+waterways
AME,2206,6168,672,dry_bulk,gives_up,free,0.19214329965512822,62.967290765500785,maritime+waterways
AME,2207,6168,929,dry_bulk,gives_up,free,0.20062428303531177,40.080098218642256,maritime+waterways
AME,2210,6168,1322,dry_bulk,gives_up,free,0.28874909151876405,0.0,maritime+waterways
AME,2211,6168,928,dry_bulk,gives_up,free,0.28537298127579613,7.368734645267233,maritime+waterways
AME,2212,6168,1269,dry_bulk,gives_up,free,0.2493175725632435,85.28259871900035,maritime+waterways
AME,2213,6168,1109,dry_bulk,gives_up,free,0.22300223248311424,24.289232740958152,maritime+waterways
AME,2214,6168,673,dry_bulk,gives_up,free,0.18915350844830892,74.30462955338919,maritime+waterways
AME,2215,6168,1269,dry_bulk,gives_up,free,0.2493175725632435,85.28259871900035,maritime+waterways
AME,2217,6168,2038,dry_bulk,gives_up,free,0.19102701623290308,49.29726616677415,maritime+waterways
AME,2218,6168,2038,dry_bulk,gives_up,free,0.19102701623290308,49.29726616677415,maritime+waterways
AME,2219,6168,2067,dry_bulk,gives_up,free,0.1953988347504867,39.44127812963945,maritime+waterways
AME,2220,6168,285,dry_bulk,gives_up,free,0.2309733682885975,16.05814531736965,maritime+waterways
AME,2222,6168,1322,dry_bulk,gives_up,free,0.28874909151876405,0.0,maritime+waterways
AME,2223,6168,285,dry_bulk,gives_up,free,0.2309733682885975,16.05814531736965,maritime+waterways
AME,2226,6168,930,dry_bulk,gives_up,free,0.20312605345930246,23.59886555092788,maritime+waterways
AME,2227,6168,2067,dry_bulk,gives_up,free,0.1953988347504867,39.44127812963945,maritime+waterways
AME,2229,6168,360,dry_bulk,gives_up,free,0.25572389990100897,2.747899980959438,maritime+waterways
AME,2230,6168,710,dry_bulk,gives_up,free,0.20171956566585925,18.462776185723687,maritime+waterways
AME,2231,6168,710,dry_bulk,gives_up,free,0.20171956566585925,18.462776185723687,maritime+waterways
AME,2232,6168,53,dry_bulk,gives_up,free,0.13798322004322539,148.5011686950821,maritime+waterways
AME,2233,6168,53,dry_bulk,gives_up,free,0.13798322004322539,148.5011686950821,maritime+waterways
AME,2235,6168,53,dry_bulk,gives_up,free,0.13798322004322539,148.5011686950821,maritime+waterways
AME,2236,6168,2302,dry_bulk,gives_up,free,0.25153490068137696,8.544993835518667,maritime+waterways
AME,2237,6168,2335,dry_bulk,gives_up,free,0.23576392541694213,53.962181385988394,maritime+waterways
AME,2238,6168,671,dry_bulk,gives_up,free,0.24377383392447594,0.0,maritime+waterways
AME,2239,6168,52,dry_bulk,gives_up,free,0.2295002587915096,15.633182925615356,maritime+waterways
AME,2240,6168,52,dry_bulk,gives_up,free,0.2295002587915096,15.633182925615356,maritime+waterways
AME,2242,6168,672,dry_bulk,gives_up,free,0.19214329965512822,62.967290765500785,maritime+waterways
AME,2243,6168,672,dry_bulk,gives_up,free,0.19214329965512822,62.967290765500785,maritime+waterways
AME,2244,6168,2024,dry_bulk,gives_up,free,0.11459114867942777,189.63706234180418,maritime+waterways
AME,2245,6168,749,dry_bulk,gives_up,free,0.1125906795075855,195.51886474113883,maritime+waterways
AME,2246,6168,53,dry_bulk,gives_up,free,0.13798322004322539,148.5011686950821,maritime+waterways
AME,2247,6168,624,dry_bulk,delivers_same,same,0.451462475619558,105.25118614014254,maritime+waterways
AME,2249,6168,1023,dry_bulk,delivers_free,free,0.07472276260113664,67.18813138719159,maritime+railways+waterways
AME,2250,6168,2269,dry_bulk,delivers_same,same,0.04919180072655016,0.0,maritime+railways+waterways
AME,2251,6168,2268,dry_bulk,delivers_same,same,0.04905728011123722,2.5892065359911527,maritime+railways+waterways
AME,2252,6168,939,dry_bulk,delivers_same,same,0.07882946076377206,18.550753954893487,maritime+railways+waterways
AME,2253,6168,1286,dry_bulk,delivers_same,same,0.4855971614101011,187.22316360694916,maritime+waterways
AME,2254,6168,938,dry_bulk,delivers_same,same,0.0805172579407718,0.0,maritime+railways+waterways
AME,2255,6168,624,dry_bulk,delivers_same,same,0.451462475619558,105.25118614014254,maritime+waterways
AME,2256,6168,938,dry_bulk,delivers_same,same,0.0805172579407718,0.0,maritime+railways+waterways
AME,2257,6168,624,dry_bulk,delivers_same,same,0.451462475619558,105.25118614014254,maritime+waterways
AME,2258,6168,1286,dry_bulk,delivers_same,same,0.4855971614101011,187.22316360694916,maritime+waterways
AME,2259,6168,1154,dry_bulk,delivers_same,same,0.472022236988213,198.8748319059288,maritime+waterways
AME,2260,6168,939,dry_bulk,delivers_same,same,0.07882946076377206,18.550753954893487,maritime+railways+waterways
AME,2261,6168,1023,dry_bulk,delivers_free,free,0.07472276260113664,67.18813138719159,maritime+railways+waterways
AME,2262,6168,1671,dry_bulk,delivers_same,same,0.07797348393141856,28.265811030806134,maritime+railways+waterways
AME,2263,6168,624,dry_bulk,delivers_same,same,0.451462475619558,105.25118614014254,maritime+waterways
AME,2264,6168,624,dry_bulk,delivers_same,same,0.451462475619558,105.25118614014254,maritime+waterways
AME,2265,6168,1023,dry_bulk,delivers_free,free,0.07472276260113664,67.18813138719159,maritime+railways+waterways
AME,2266,6168,1154,dry_bulk,delivers_same,same,0.472022236988213,198.8748319059288,maritime+waterways
AME,2267,6168,2268,dry_bulk,delivers_same,same,0.04905728011123722,2.5892065359911527,maritime+railways+waterways
AME,2268,6168,1154,dry_bulk,delivers_same,same,0.472022236988213,198.8748319059288,maritime+waterways
AME,2269,6168,460,dry_bulk,gives_up,free,0.17148730448605098,2.4222279732939214,maritime+waterways
AME,2270,6168,461,dry_bulk,gives_up,free,0.17131530744007306,0.0,maritime+waterways
AME,2271,6168,461,dry_bulk,gives_up,free,0.17131530744007306,0.0,maritime+waterways
AME,2272,6168,462,dry_bulk,gives_up,free,0.07846692223004426,37.41496581161871,maritime+waterways
AME,2273,6168,2022,dry_bulk,gives_up,free,0.17203733839743074,0.0,maritime+waterways
AME,2274,6168,460,dry_bulk,gives_up,free,0.17148730448605098,2.4222279732939214,maritime+waterways
AME,2275,6168,462,dry_bulk,gives_up,free,0.07846692223004426,37.41496581161871,maritime+waterways
AME,2277,6168,461,dry_bulk,gives_up,free,0.17131530744007306,0.0,maritime+waterways
AME,2278,6168,461,dry_bulk,gives_up,free,0.17131530744007306,0.0,maritime+waterways
AME,2279,6168,461,dry_bulk,gives_up,free,0.17131530744007306,0.0,maritime+waterways
AME,2281,6168,445,dry_bulk,gives_up,free,0.07850042792356904,92.88539843237076,maritime+waterways
AME,2282,6168,461,dry_bulk,gives_up,free,0.17131530744007306,0.0,maritime+waterways
AME,2283,6168,1532,dry_bulk,gives_up,free,0.14671476069375844,15.51251440858761,maritime+waterways
AME,2284,6168,445,dry_bulk,gives_up,free,0.07850042792356904,92.88539843237076,maritime+waterways
AME,2285,6168,460,dry_bulk,gives_up,free,0.17148730448605098,2.4222279732939214,maritime+waterways
AME,2286,6168,445,dry_bulk,gives_up,free,0.07850042792356904,92.88539843237076,maritime+waterways
AME,2291,6168,501,dry_bulk,gives_up,free,0.14399377920744216,29.32664601191391,maritime+waterways
AME,2294,6168,501,dry_bulk,gives_up,free,0.14399377920744216,29.32664601191391,maritime+waterways
AME,2301,6168,501,dry_bulk,gives_up,free,0.14399377920744216,29.32664601191391,maritime+waterways
AME,2302,6168,1269,dry_bulk,gives_up,free,0.2493175725632435,85.28259871900035,maritime+waterways
AME,2303,6168,501,dry_bulk,gives_up,free,0.14399377920744216,29.32664601191391,maritime+waterways
AME,2304,6168,501,dry_bulk,gives_up,free,0.14399377920744216,29.32664601191391,maritime+waterways
AME,2305,6168,1532,dry_bulk,gives_up,free,0.14671476069375844,15.51251440858761,maritime+waterways
AME,2306,6168,1269,dry_bulk,gives_up,free,0.2493175725632435,85.28259871900035,maritime+waterways
AME,2307,6168,1270,dry_bulk,gives_up,free,0.14989550736920143,0.0,maritime+waterways
AME,2308,6168,1270,dry_bulk,gives_up,free,0.14989550736920143,0.0,maritime+waterways
AME,2310,6168,1306,dry_bulk,gives_up,free,0.21762352715329158,0.0,maritime+waterways
AME,2311,6168,741,dry_bulk,gives_up,free,0.18624636521801063,77.61936980158896,maritime+waterways
AME,2312,6168,841,dry_bulk,gives_up,free,0.1843056330824886,85.0020292522239,maritime+waterways
AME,2313,6168,841,dry_bulk,gives_up,free,0.1843056330824886,85.0020292522239,maritime+waterways
AME,2314,6168,500,dry_bulk,gives_up,free,0.21507246042970607,48.173009512997936,maritime+waterways
AME,2315,6168,1307,dry_bulk,gives_up,free,0.23168970470387662,0.0,maritime+waterways
AME,2316,6168,1109,dry_bulk,gives_up,free,0.22300223248311424,24.289232740958152,maritime+waterways
AME,2317,6168,841,dry_bulk,gives_up,free,0.1843056330824886,85.0020292522239,maritime+waterways
AME,2318,6168,1109,dry_bulk,gives_up,free,0.22300223248311424,24.289232740958152,maritime+waterways
AME,2319,6168,1286,dry_bulk,delivers_same,same,0.4855971614101011,187.22316360694916,maritime+waterways
AME,2321,6168,1286,dry_bulk,delivers_same,same,0.4855971614101011,187.22316360694916,maritime+waterways
AME,2322,6168,1153,dry_bulk,gives_up,free,0.17531062355739535,131.8372137865686,maritime+waterways
AME,2323,6168,673,dry_bulk,gives_up,free,0.18915350844830892,74.30462955338919,maritime+waterways
AME,2324,6168,673,dry_bulk,gives_up,free,0.18915350844830892,74.30462955338919,maritime+waterways
AME,2325,6168,673,dry_bulk,gives_up,free,0.18915350844830892,74.30462955338919,maritime+waterways
AME,2326,6168,749,dry_bulk,gives_up,free,0.1125906795075855,195.51886474113883,maritime+waterways
AME,2327,6168,1153,dry_bulk,gives_up,free,0.17531062355739535,131.8372137865686,maritime+waterways
AME,2328,6168,1153,dry_bulk,gives_up,free,0.17531062355739535,131.8372137865686,maritime+waterways
AME,2329,6168,1269,dry_bulk,gives_up,free,0.2493175725632435,85.28259871900035,maritime+waterways
AME,2351,6168,1469,dry_bulk,gives_up,free,0.20078976840423435,0.7027253406243322,maritime+waterways
AME,2354,6168,612,dry_bulk,gives_up,free,0.22839133580312887,0.0,maritime+waterways
AME,2355,6168,611,dry_bulk,gives_up,free,0.18576773262560087,13.439123510952633,maritime+waterways
AME,2356,6168,1449,dry_bulk,gives_up,free,0.18482705053217163,6.972714920667505,maritime+waterways
AME,2357,6168,1617,dry_bulk,gives_up,free,0.19186801990822433,2.3338410525331055,maritime+waterways
AME,2358,6168,1306,dry_bulk,gives_up,free,0.21762352715329158,0.0,maritime+waterways
AME,2359,6168,780,dry_bulk,gives_up,free,0.18371489766883053,0.0,maritime+waterways
AME,2360,6168,601,dry_bulk,gives_up,free,0.19993751027370266,17.375661593886708,maritime+waterways
AME,2362,6168,889,dry_bulk,gives_up,free,0.1943461452586106,0.0,maritime+waterways
AME,2363,6168,197,dry_bulk,gives_up,free,0.0899682767911183,51.77970370458033,maritime+waterways
AME,2364,6168,197,dry_bulk,gives_up,free,0.0899682767911183,51.77970370458033,maritime+waterways
AME,2365,6168,197,dry_bulk,gives_up,free,0.0899682767911183,51.77970370458033,maritime+waterways
AME,2366,6168,889,dry_bulk,gives_up,free,0.1943461452586106,0.0,maritime+waterways
AME,2367,6168,862,dry_bulk,gives_up,free,0.08454548715386179,91.90474031566728,maritime+waterways
AME,2368,6168,862,dry_bulk,gives_up,free,0.08454548715386179,91.90474031566728,maritime+waterways
AME,2370,6168,1540,dry_bulk,gives_up,free,0.01476495490048646,133.98764143575337,maritime+waterways
AME,2371,6168,1540,dry_bulk,gives_up,free,0.01476495490048646,133.98764143575337,maritime+waterways
AME,2387,6168,928,dry_bulk,gives_up,free,0.28537298127579613,7.368734645267233,maritime+waterways
AME,2388,6168,1433,dry_bulk,gives_up,free,0.19034773578627262,51.596488346624774,maritime+waterways
AME,2389,6168,710,dry_bulk,gives_up,free,0.20171956566585925,18.462776185723687,maritime+waterways
AME,2390,6168,749,dry_bulk,gives_up,free,0.1125906795075855,195.51886474113883,maritime+waterways
AME,2391,6168,938,dry_bulk,delivers_same,same,0.0805172579407718,0.0,maritime+railways+waterways
AME,2392,6168,461,dry_bulk,gives_up,free,0.17131530744007306,0.0,maritime+waterways
AME,2393,6168,445,dry_bulk,gives_up,free,0.07850042792356904,92.88539843237076,maritime+waterways
AME,2395,6168,1270,dry_bulk,gives_up,free,0.14989550736920143,0.0,maritime+waterways
AME,2396,6168,741,dry_bulk,gives_up,free,0.18624636521801063,77.61936980158896,maritime+waterways
AME,2397,6168,1153,dry_bulk,gives_up,free,0.17531062355739535,131.8372137865686,maritime+waterways
AME,2402,6168,1469,dry_bulk,gives_up,free,0.20078976840423435,0.7027253406243322,maritime+waterways
AME,2403,6168,197,dry_bulk,gives_up,free,0.0899682767911183,51.77970370458033,maritime+waterways
AME,2417,6168,1729,dry_bulk,delivers_same,same,0.19780242847851892,70.0171579190455,maritime+waterways
AME,2517,6168,928,dry_bulk,gives_up,free,0.28537298127579613,7.368734645267233,maritime+waterways
AME,2518,6168,1433,dry_bulk,gives_up,free,0.19034773578627262,51.596488346624774,maritime+waterways
AME,2519,6168,710,dry_bulk,gives_up,free,0.20171956566585925,18.462776185723687,maritime+waterways
AME,2520,6168,749,dry_bulk,gives_up,free,0.1125906795075855,195.51886474113883,maritime+waterways
AME,2521,6168,938,dry_bulk,delivers_same,same,0.0805172579407718,0.0,maritime+railways+waterways
AME,2522,6168,461,dry_bulk,gives_up,free,0.17131530744007306,0.0,maritime+waterways
AME,2523,6168,445,dry_bulk,gives_up,free,0.07850042792356904,92.88539843237076,maritime+waterways
AME,2525,6168,1270,dry_bulk,gives_up,free,0.14989550736920143,0.0,maritime+waterways
AME,2526,6168,741,dry_bulk,gives_up,free,0.18624636521801063,77.61936980158896,maritime+waterways
AME,2527,6168,1153,dry_bulk,gives_up,free,0.17531062355739535,131.8372137865686,maritime+waterways
AME,2532,6168,1469,dry_bulk,gives_up,free,0.20078976840423435,0.7027253406243322,maritime+waterways
AME,2533,6168,197,dry_bulk,gives_up,free,0.0899682767911183,51.77970370458033,maritime+waterways
AME,2547,6168,1729,dry_bulk,delivers_same,same,0.19780242847851892,70.0171579190455,maritime+waterways
AME,2555,6168,928,dry_bulk,gives_up,free,0.28537298127579613,7.368734645267233,maritime+waterways
AME,2556,6168,1433,dry_bulk,gives_up,free,0.19034773578627262,51.596488346624774,maritime+waterways
AME,2557,6168,710,dry_bulk,gives_up,free,0.20171956566585925,18.462776185723687,maritime+waterways
AME,2558,6168,749,dry_bulk,gives_up,free,0.1125906795075855,195.51886474113883,maritime+waterways
AME,2559,6168,938,dry_bulk,delivers_same,same,0.0805172579407718,0.0,maritime+railways+waterways
AME,2560,6168,461,dry_bulk,gives_up,free,0.17131530744007306,0.0,maritime+waterways
AME,2561,6168,445,dry_bulk,gives_up,free,0.07850042792356904,92.88539843237076,maritime+waterways
AME,2563,6168,1270,dry_bulk,gives_up,free,0.14989550736920143,0.0,maritime+waterways
AME,2564,6168,741,dry_bulk,gives_up,free,0.18624636521801063,77.61936980158896,maritime+waterways
AME,2565,6168,1153,dry_bulk,gives_up,free,0.17531062355739535,131.8372137865686,maritime+waterways
AME,2570,6168,1469,dry_bulk,gives_up,free,0.20078976840423435,0.7027253406243322,maritime+waterways
AME,2571,6168,197,dry_bulk,gives_up,free,0.0899682767911183,51.77970370458033,maritime+waterways
AME,2585,6168,1729,dry_bulk,delivers_same,same,0.19780242847851892,70.0171579190455,maritime+waterways
AME,2593,6168,928,dry_bulk,gives_up,free,0.28537298127579613,7.368734645267233,maritime+waterways
AME,2594,6168,1433,dry_bulk,gives_up,free,0.19034773578627262,51.596488346624774,maritime+waterways
AME,2595,6168,710,dry_bulk,gives_up,free,0.20171956566585925,18.462776185723687,maritime+waterways
AME,2596,6168,749,dry_bulk,gives_up,free,0.1125906795075855,195.51886474113883,maritime+waterways
AME,2597,6168,938,dry_bulk,delivers_same,same,0.0805172579407718,0.0,maritime+railways+waterways
AME,2598,6168,461,dry_bulk,gives_up,free,0.17131530744007306,0.0,maritime+waterways
AME,2599,6168,445,dry_bulk,gives_up,free,0.07850042792356904,92.88539843237076,maritime+waterways
AME,2601,6168,1270,dry_bulk,gives_up,free,0.14989550736920143,0.0,maritime+waterways
AME,2602,6168,741,dry_bulk,gives_up,free,0.18624636521801063,77.61936980158896,maritime+waterways
AME,2603,6168,1153,dry_bulk,gives_up,free,0.17531062355739535,131.8372137865686,maritime+waterways
AME,2608,6168,1469,dry_bulk,gives_up,free,0.20078976840423435,0.7027253406243322,maritime+waterways
AME,2609,6168,197,dry_bulk,gives_up,free,0.0899682767911183,51.77970370458033,maritime+waterways
AME,2623,6168,1729,dry_bulk,delivers_same,same,0.19780242847851892,70.0171579190455,maritime+waterways
AME,2720,6168,2038,dry_bulk,gives_up,free,0.19102701623290308,49.29726616677415,maritime+waterways
AME,2724,6168,624,dry_bulk,delivers_same,same,0.451462475619558,105.25118614014254,maritime+waterways
AME,2726,6168,624,dry_bulk,delivers_same,same,0.451462475619558,105.25118614014254,maritime+waterways
AME,2728,6168,624,dry_bulk,delivers_same,same,0.451462475619558,105.25118614014254,maritime+waterways
AME,2730,6168,2269,dry_bulk,delivers_same,same,0.04919180072655016,0.0,maritime+railways+waterways
AME,2826,6168,1552,dry_bulk,gives_up,free,0.13995735295545808,25.670068688816244,maritime+waterways
AME,2828,6168,1447,dry_bulk,gives_up,free,0.20678099410157347,0.0,maritime+waterways
AME,2833,6168,1433,dry_bulk,gives_up,free,0.19034773578627262,51.596488346624774,maritime+waterways
AME,2836,6168,1153,dry_bulk,gives_up,free,0.17531062355739535,131.8372137865686,maritime+waterways
AME,2837,6168,2022,dry_bulk,gives_up,free,0.17203733839743074,0.0,maritime+waterways
AME,2840,6168,285,dry_bulk,gives_up,free,0.2309733682885975,16.05814531736965,maritime+waterways
AME,2842,6168,672,dry_bulk,gives_up,free,0.19214329965512822,62.967290765500785,maritime+waterways
AME,2843,6168,1307,dry_bulk,gives_up,free,0.23168970470387662,0.0,maritime+waterways
AME,2846,6168,1448,dry_bulk,gives_up,free,0.21233570711596728,0.0,maritime+waterways
AME,2848,6168,53,dry_bulk,gives_up,free,0.13798322004322539,148.5011686950821,maritime+waterways
AME,2855,6168,1269,dry_bulk,gives_up,free,0.2493175725632435,85.28259871900035,maritime+waterways
AME,2856,6168,1322,dry_bulk,gives_up,free,0.28874909151876405,0.0,maritime+waterways
AME,2859,6168,1023,dry_bulk,delivers_free,free,0.07472276260113664,67.18813138719159,maritime+railways+waterways
AME,2861,6168,672,dry_bulk,gives_up,free,0.19214329965512822,62.967290765500785,maritime+waterways
AME,2862,6168,673,dry_bulk,gives_up,free,0.18915350844830892,74.30462955338919,maritime+waterways
AME,2863,6168,1109,dry_bulk,gives_up,free,0.22300223248311424,24.289232740958152,maritime+waterways
AME,2864,6168,1532,dry_bulk,gives_up,free,0.14671476069375844,15.51251440858761,maritime+waterways
AME,2865,6168,1270,dry_bulk,gives_up,free,0.14989550736920143,0.0,maritime+waterways
AME,2869,6168,740,dry_bulk,gives_up,free,0.028232838488541745,129.28778134010452,maritime+waterways
AME,2872,6168,283,dry_bulk,gives_up,free,0.23720709316920274,0.0,maritime+waterways
AME,2873,6168,282,dry_bulk,gives_up,free,0.2170141891578916,0.0,maritime+waterways
AME,2885,6168,970,dry_bulk,gives_up,free,0.20763054035035755,0.0,maritime+waterways
AME,2886,6168,1286,dry_bulk,delivers_same,same,0.4855971614101011,187.22316360694916,maritime+waterways
AME,3203,6168,928,dry_bulk,gives_up,free,0.28537298127579613,7.368734645267233,maritime+waterways
AME,3204,6168,1433,dry_bulk,gives_up,free,0.19034773578627262,51.596488346624774,maritime+waterways
AME,3205,6168,710,dry_bulk,gives_up,free,0.20171956566585925,18.462776185723687,maritime+waterways
AME,3206,6168,749,dry_bulk,gives_up,free,0.1125906795075855,195.51886474113883,maritime+waterways
AME,3207,6168,938,dry_bulk,delivers_same,same,0.0805172579407718,0.0,maritime+railways+waterways
AME,3208,6168,461,dry_bulk,gives_up,free,0.17131530744007306,0.0,maritime+waterways
AME,3209,6168,445,dry_bulk,gives_up,free,0.07850042792356904,92.88539843237076,maritime+waterways
AME,3211,6168,1270,dry_bulk,gives_up,free,0.14989550736920143,0.0,maritime+waterways
AME,3212,6168,741,dry_bulk,gives_up,free,0.18624636521801063,77.61936980158896,maritime+waterways
AME,3213,6168,1153,dry_bulk,gives_up,free,0.17531062355739535,131.8372137865686,maritime+waterways
AME,3218,6168,1469,dry_bulk,gives_up,free,0.20078976840423435,0.7027253406243322,maritime+waterways
AME,3219,6168,197,dry_bulk,gives_up,free,0.0899682767911183,51.77970370458033,maritime+waterways
AME,3233,6168,1729,dry_bulk,delivers_same,same,0.19780242847851892,70.0171579190455,maritime+waterways
AME,3545,6168,928,dry_bulk,gives_up,free,0.28537298127579613,7.368734645267233,maritime+waterways
AME,3546,6168,1433,dry_bulk,gives_up,free,0.19034773578627262,51.596488346624774,maritime+waterways
AME,3547,6168,710,dry_bulk,gives_up,free,0.20171956566585925,18.462776185723687,maritime+waterways
AME,3548,6168,749,dry_bulk,gives_up,free,0.1125906795075855,195.51886474113883,maritime+waterways
AME,3549,6168,938,dry_bulk,delivers_same,same,0.0805172579407718,0.0,maritime+railways+waterways
AME,3550,6168,461,dry_bulk,gives_up,free,0.17131530744007306,0.0,maritime+waterways
AME,3551,6168,445,dry_bulk,gives_up,free,0.07850042792356904,92.88539843237076,maritime+waterways
AME,3553,6168,1270,dry_bulk,gives_up,free,0.14989550736920143,0.0,maritime+waterways
AME,3554,6168,741,dry_bulk,gives_up,free,0.18624636521801063,77.61936980158896,maritime+waterways
AME,3555,6168,1153,dry_bulk,gives_up,free,0.17531062355739535,131.8372137865686,maritime+waterways
AME,3560,6168,1469,dry_bulk,gives_up,free,0.20078976840423435,0.7027253406243322,maritime+waterways
AME,3561,6168,197,dry_bulk,gives_up,free,0.0899682767911183,51.77970370458033,maritime+waterways
AME,3575,6168,1729,dry_bulk,delivers_same,same,0.19780242847851892,70.0171579190455,maritime+waterways
AME,5595,6168,778,dry_bulk,gives_up,free,0.23546837979383306,59.782190166966494,maritime+waterways
AME,5609,6168,797,dry_bulk,gives_up,free,0.19522529636769748,14.014913482462283,maritime+waterways
AME,5610,6168,734,dry_bulk,gives_up,free,0.25365474672955246,8.156375702061142,maritime+waterways
AME,5779,6168,733,dry_bulk,gives_up,free,0.194115033628681,17.702405438601108,maritime+waterways
AME,5806,6168,733,dry_bulk,gives_up,free,0.194115033628681,17.702405438601108,maritime+waterways
AME,5833,6168,733,dry_bulk,gives_up,free,0.194115033628681,17.702405438601108,maritime+waterways
AME,5860,6168,733,dry_bulk,gives_up,free,0.194115033628681,17.702405438601108,maritime+waterways
AME,6031,6168,734,dry_bulk,gives_up,free,0.25365474672955246,8.156375702061142,maritime+waterways
AME,7778,6168,1719,dry_bulk,gives_up,free,0.08243909584547349,49.19090747415605,maritime+waterways
AME,7779,6168,2089,dry_bulk,gives_up,free,0.08579843056036895,40.21893388459402,maritime+waterways
AME,7782,6168,1051,dry_bulk,gives_up,free,0.03051982350584792,0.0,maritime+waterways
AME,7783,6168,385,dry_bulk,gives_up,free,0.003762962975243367,180.60917220208472,maritime+waterways
AME,7784,6168,1135,dry_bulk,gives_up,free,0.0036460251869272486,218.57334996273667,maritime+waterways
AME,7785,6168,594,dry_bulk,gives_up,free,0.006729867752126584,99.12353481778077,maritime+waterways
AME,7839,6168,409,dry_bulk,gives_up,free,0.028086397855221934,1.2777997987878644,maritime+waterways
AME,7840,6168,324,dry_bulk,gives_up,free,0.08268077833998211,46.11502701538227,maritime+waterways
AME,7841,6168,409,dry_bulk,gives_up,free,0.028086397855221934,1.2777997987878644,maritime+waterways
AME,12036,6168,866,dry_bulk,gives_up,free,0.04097400537349016,10.087216369593914,maritime+waterways
AME,12037,6168,1165,dry_bulk,gives_up,free,0.021169309751599474,44.84488007512414,maritime+waterways
AME,12039,6168,789,dry_bulk,gives_up,free,0.07485701698304603,0.0,maritime+waterways
AME,12052,6168,866,dry_bulk,gives_up,free,0.04097400537349016,10.087216369593914,maritime+waterways
AME,12060,6168,866,dry_bulk,gives_up,free,0.04097400537349016,10.087216369593914,maritime+waterways
AME,12064,6168,866,dry_bulk,gives_up,free,0.04097400537349016,10.087216369593914,maritime+waterways
AME,12072,6168,866,dry_bulk,gives_up,free,0.04097400537349016,10.087216369593914,maritime+waterways
AME,12097,6168,866,dry_bulk,gives_up,free,0.04097400537349016,10.087216369593914,maritime+waterways
AME,12135,6168,866,dry_bulk,gives_up,free,0.04097400537349016,10.087216369593914,maritime+waterways
AME,12727,6168,1668,dry_bulk,gives_up,free,0.057798920257562614,4.352265160396285,maritime+waterways
AME,12732,6168,2305,dry_bulk,gives_up,free,0.2244060037075568,90.62487232839729,maritime+waterways
ASI,2593,6712,928,dry_bulk,gives_up,free,0.026869616942255092,7.368734645267233,maritime+waterways
ASI,2602,6712,741,dry_bulk,gives_up,free,0.06936885139939619,77.61936980158896,maritime+waterways
ASI,2608,6712,1469,dry_bulk,gives_up,free,0.13999977445745748,0.7027253406243322,maritime+waterways
ASI,2609,6712,197,dry_bulk,gives_up,free,0.06409431258584397,51.77970370458033,maritime+waterways
ASI,2623,6712,1729,dry_bulk,delivers_same,same,0.14160512509090672,70.0171579190455,maritime+waterways
ASI,3203,6712,928,dry_bulk,gives_up,free,0.026869616942255092,7.368734645267233,maritime+waterways
ASI,3212,6712,741,dry_bulk,gives_up,free,0.06936885139939619,77.61936980158896,maritime+waterways
ASI,3218,6712,1469,dry_bulk,gives_up,free,0.13999977445745748,0.7027253406243322,maritime+waterways
ASI,3219,6712,197,dry_bulk,gives_up,free,0.06409431258584397,51.77970370458033,maritime+waterways
ASI,3233,6712,1729,dry_bulk,delivers_same,same,0.14160512509090672,70.0171579190455,maritime+waterways
ASI,5671,6712,733,liquid_bulk,gives_up,free,0.1270212668664279,17.702405438601108,maritime+waterways
ASI,5698,6712,733,liquid_bulk,gives_up,free,0.1270212668664279,17.702405438601108,maritime+waterways
ASI,5725,6712,733,liquid_bulk,gives_up,free,0.1270212668664279,17.702405438601108,maritime+waterways
ASI,5779,6712,733,liquid_bulk,gives_up,free,0.1270212668664279,17.702405438601108,maritime+waterways
ASI,5806,6712,733,liquid_bulk,gives_up,free,0.1270212668664279,17.702405438601108,maritime+waterways
ASI,6297,6712,733,liquid_bulk,gives_up,free,0.1270212668664279,17.702405438601108,maritime+waterways
ASI,6320,6712,733,liquid_bulk,gives_up,free,0.1270212668664279,17.702405438601108,maritime+waterways
ASI,6401,6712,733,liquid_bulk,gives_up,free,0.1270212668664279,17.702405438601108,maritime+waterways
ASI,6455,6712,733,liquid_bulk,gives_up,free,0.1270212668664279,17.702405438601108,maritime+waterways
52,hh_117,750,8,dry_bulk,gives_up,free,0.08771725197181879,198.23283574272565,maritime+waterways
52,6540,750,8,dry_bulk,gives_up,free,0.08771725197181879,198.23283574272565,maritime+waterways
115,hh_234,1668,56,liquid_bulk,gives_up,free,0.0995980909176073,4.352265160396285,waterways
115,hh_235,1668,742,liquid_bulk,gives_up,free,0.11186853720146561,34.61254757970249,waterways
115,2719,1668,498,liquid_bulk,gives_up,free,0.1188593693521589,4.352265160396285,waterways
115,2721,1668,585,liquid_bulk,gives_up,free,0.11177951505513906,4.352265160396285,waterways
115,2725,1668,1615,liquid_bulk,gives_up,free,0.02387383881227767,4.352265160396285,waterways
115,2739,1668,1450,liquid_bulk,gives_up,free,0.0933221780507687,4.352265160396285,waterways
115,2740,1668,497,liquid_bulk,gives_up,free,0.11864140748857133,5.241868252148892,waterways
115,2746,1668,498,liquid_bulk,gives_up,free,0.1188593693521589,4.352265160396285,waterways
115,2809,1668,56,liquid_bulk,gives_up,free,0.0995980909176073,4.352265160396285,waterways
115,2814,1668,1608,liquid_bulk,gives_up,free,0.0786589812805023,4.352265160396285,waterways
115,3340,1668,56,liquid_bulk,gives_up,free,0.0995980909176073,4.352265160396285,waterways
115,3345,1668,1608,liquid_bulk,gives_up,free,0.0786589812805023,4.352265160396285,waterways
115,3378,1668,56,liquid_bulk,gives_up,free,0.0995980909176073,4.352265160396285,waterways
115,3379,1668,742,liquid_bulk,gives_up,free,0.11186853720146561,34.61254757970249,waterways
115,3384,1668,392,liquid_bulk,gives_up,free,0.06613337469602909,15.771410646474827,waterways
554,hh_211,1623,928,liquid_bulk,gives_up,free,0.2556410176366175,23.455727614785076,waterways
554,hh_212,1623,1433,liquid_bulk,gives_up,free,0.1710677081878904,18.386215149368464,waterways
554,hh_213,1623,710,liquid_bulk,gives_up,free,0.0083258053311146,34.54976915524153,waterways
554,hh_214,1623,749,liquid_bulk,delivers_free,free,0.10080130435493051,18.80096397110468,railways+waterways
554,hh_215,1623,938,liquid_bulk,delivers_free,free,0.09913500046401857,16.086992969517844,railways+waterways
554,hh_216,1623,461,liquid_bulk,gives_up,free,0.13999210629326808,16.086992969517844,waterways
554,hh_217,1623,445,liquid_bulk,gives_up,free,0.054622170349545085,108.97239140188861,waterways
554,hh_219,1623,1270,liquid_bulk,gives_up,free,0.09451483692047224,16.086992969517844,waterways
554,hh_220,1623,741,liquid_bulk,gives_up,free,0.12664397239313918,93.7063627711068,waterways
554,hh_221,1623,1153,liquid_bulk,gives_up,free,0.10546958751807667,84.9569159905857,waterways
554,hh_226,1623,1469,liquid_bulk,gives_up,free,0.09325652350503133,16.789718310142177,waterways
554,hh_227,1623,197,liquid_bulk,gives_up,free,0.07209869765605004,67.86669667409816,waterways
554,hh_241,1623,1729,liquid_bulk,delivers_same,same,0.38204082126006966,86.10415088856334,waterways
554,132,1623,462,liquid_bulk,gives_up,free,0.011683591027071616,22.673708681038296,waterways
554,135,1623,750,liquid_bulk,delivers_free,free,0.101337994391004,16.086992969517844,railways+waterways
554,2126,1623,1553,liquid_bulk,gives_up,free,0.15368430408339462,16.086992969517844,waterways
554,2127,1623,1552,liquid_bulk,gives_up,free,0.11208650257679276,41.75706165833409,waterways
554,2128,1623,1272,liquid_bulk,gives_up,free,0.1484635484864112,25.204738341746342,waterways
554,2129,1623,1552,liquid_bulk,gives_up,free,0.11208650257679276,41.75706165833409,waterways
554,2130,1623,699,liquid_bulk,gives_up,free,0.16984212242238983,16.188055343480425,waterways
554,2133,1623,699,liquid_bulk,gives_up,free,0.16984212242238983,16.188055343480425,waterways
554,2134,1623,281,liquid_bulk,gives_up,free,0.17166852287424872,17.928921617876444,waterways
554,2135,1623,891,liquid_bulk,gives_up,free,0.12127273647831482,19.158720947820086,waterways
554,2204,1623,930,liquid_bulk,delivers_same,same,0.4059108212441127,30.291337992438713,waterways
554,2207,1623,929,liquid_bulk,delivers_same,same,0.42169403199174726,16.086992969517844,waterways
554,2210,1623,1322,liquid_bulk,gives_up,free,0.2613054213481716,16.086992969517844,waterways
554,2211,1623,928,liquid_bulk,gives_up,free,0.2556410176366175,23.455727614785076,waterways
554,2212,1623,1269,liquid_bulk,gives_up,free,0.20115154701161964,101.36959168851818,waterways
554,2213,1623,1109,liquid_bulk,gives_up,free,0.1455405540485042,40.37622571047599,waterways
554,2214,1623,673,liquid_bulk,gives_up,free,0.1195079993372401,27.42433175740625,waterways
554,2217,1623,2038,liquid_bulk,gives_up,free,0.1722654525933014,16.086992969517844,waterways
554,2218,1623,2038,liquid_bulk,gives_up,free,0.1722654525933014,16.086992969517844,waterways
554,2219,1623,2067,liquid_bulk,gives_up,free,0.04999887326889696,51.9169172842806,waterways
554,2220,1623,285,liquid_bulk,gives_up,free,0.16868769842424802,32.145138286887494,waterways
554,2222,1623,1322,liquid_bulk,gives_up,free,0.2613054213481716,16.086992969517844,waterways
554,2226,1623,930,liquid_bulk,delivers_same,same,0.4059108212441127,30.291337992438713,waterways
554,2227,1623,2067,liquid_bulk,gives_up,free,0.04999887326889696,51.9169172842806,waterways
554,2229,1623,360,liquid_bulk,gives_up,free,0.10805353864411482,18.834892950477283,waterways
554,2230,1623,710,liquid_bulk,gives_up,free,0.0083258053311146,34.54976915524153,waterways
554,2231,1623,710,liquid_bulk,gives_up,free,0.0083258053311146,34.54976915524153,waterways
554,2232,1623,53,liquid_bulk,delivers_free,free,0.09567590502137491,16.086992969517844,railways+waterways
554,2233,1623,53,liquid_bulk,delivers_free,free,0.09567590502137491,16.086992969517844,railways+waterways
554,2235,1623,53,liquid_bulk,delivers_free,free,0.09567590502137491,16.086992969517844,railways+waterways
554,2237,1623,2335,liquid_bulk,gives_up,free,0.09427736289263966,70.04917435550624,waterways
554,2238,1623,671,liquid_bulk,gives_up,free,0.18215099434872695,16.086992969517844,waterways
554,2239,1623,52,liquid_bulk,gives_up,free,0.16098412411328455,31.720175895133202,waterways
554,2240,1623,52,liquid_bulk,gives_up,free,0.16098412411328455,31.720175895133202,waterways
554,2242,1623,672,liquid_bulk,gives_up,free,0.12272705347710922,16.086992969517844,waterways
554,2243,1623,672,liquid_bulk,gives_up,free,0.12272705347710922,16.086992969517844,waterways
554,2244,1623,2024,liquid_bulk,delivers_free,free,0.098290547860713,31.89118001225021,railways+waterways
554,2245,1623,749,liquid_bulk,delivers_free,free,0.10080130435493051,18.80096397110468,railways+waterways
554,2246,1623,53,liquid_bulk,delivers_free,free,0.09567590502137491,16.086992969517844,railways+waterways
554,2247,1623,624,liquid_bulk,delivers_same,same,0.33414009887743634,121.33817910966039,waterways
554,2249,1623,1023,liquid_bulk,delivers_same,same,0.14826225417212835,83.27512435670944,railways+waterways
554,2252,1623,939,liquid_bulk,delivers_free,free,0.09572697533872154,34.63774692441133,railways+waterways
554,2253,1623,1286,liquid_bulk,delivers_same,same,0.35617606878266983,140.3428658109662,waterways
554,2254,1623,938,liquid_bulk,delivers_free,free,0.09913500046401857,16.086992969517844,railways+waterways
554,2255,1623,624,liquid_bulk,delivers_same,same,0.33414009887743634,121.33817910966039,waterways
554,2256,1623,938,liquid_bulk,delivers_free,free,0.09913500046401857,16.086992969517844,railways+waterways
554,2257,1623,624,liquid_bulk,delivers_same,same,0.33414009887743634,121.33817910966039,waterways
554,2259,1623,1154,liquid_bulk,delivers_same,same,0.3380838602739977,151.99453410994585,waterways
554,2260,1623,939,liquid_bulk,delivers_free,free,0.09572697533872154,34.63774692441133,railways+waterways
554,2261,1623,1023,liquid_bulk,delivers_same,same,0.14826225417212835,83.27512435670944,railways+waterways
554,2262,1623,1671,liquid_bulk,delivers_free,free,0.09403402357030743,44.35280400032398,railways+waterways
554,2263,1623,624,liquid_bulk,delivers_same,same,0.33414009887743634,121.33817910966039,waterways
554,2264,1623,624,liquid_bulk,delivers_same,same,0.33414009887743634,121.33817910966039,waterways
554,2265,1623,1023,liquid_bulk,delivers_same,same,0.14826225417212835,83.27512435670944,railways+waterways
554,2266,1623,1154,liquid_bulk,delivers_same,same,0.3380838602739977,151.99453410994585,waterways
554,2268,1623,1154,liquid_bulk,delivers_same,same,0.3380838602739977,151.99453410994585,waterways
554,2269,1623,460,liquid_bulk,gives_up,free,0.13134022902653975,18.509220942811766,waterways
554,2270,1623,461,liquid_bulk,gives_up,free,0.13999210629326808,16.086992969517844,waterways
554,2272,1623,462,liquid_bulk,gives_up,free,0.011683591027071616,22.673708681038296,waterways
554,2273,1623,2022,liquid_bulk,gives_up,free,0.13201551088939634,16.086992969517844,waterways
554,2274,1623,460,liquid_bulk,gives_up,free,0.13134022902653975,18.509220942811766,waterways
554,2275,1623,462,liquid_bulk,gives_up,free,0.011683591027071616,22.673708681038296,waterways
554,2278,1623,461,liquid_bulk,gives_up,free,0.13999210629326808,16.086992969517844,waterways
554,2279,1623,461,liquid_bulk,gives_up,free,0.13999210629326808,16.086992969517844,waterways
554,2282,1623,461,liquid_bulk,gives_up,free,0.13999210629326808,16.086992969517844,waterways
554,2283,1623,1532,liquid_bulk,gives_up,free,0.09121622165207754,31.599507378105457,waterways
554,2284,1623,445,liquid_bulk,gives_up,free,0.054622170349545085,108.97239140188861,waterways
554,2285,1623,460,liquid_bulk,gives_up,free,0.13134022902653975,18.509220942811766,waterways
554,2286,1623,445,liquid_bulk,gives_up,free,0.054622170349545085,108.97239140188861,waterways
554,2294,1623,501,liquid_bulk,gives_up,free,0.08846672609464035,45.41363898143176,waterways
554,2301,1623,501,liquid_bulk,gives_up,free,0.08846672609464035,45.41363898143176,waterways
554,2303,1623,501,liquid_bulk,gives_up,free,0.08846672609464035,45.41363898143176,waterways
554,2304,1623,501,liquid_bulk,gives_up,free,0.08846672609464035,45.41363898143176,waterways
554,2305,1623,1532,liquid_bulk,gives_up,free,0.09121622165207754,31.599507378105457,waterways
554,2306,1623,1269,liquid_bulk,gives_up,free,0.20115154701161964,101.36959168851818,waterways
554,2307,1623,1270,liquid_bulk,gives_up,free,0.09451483692047224,16.086992969517844,waterways
554,2308,1623,1270,liquid_bulk,gives_up,free,0.09451483692047224,16.086992969517844,waterways
554,2310,1623,1306,liquid_bulk,gives_up,free,0.12866941512284447,16.086992969517844,waterways
554,2311,1623,741,liquid_bulk,gives_up,free,0.12664397239313918,93.7063627711068,waterways
554,2312,1623,841,liquid_bulk,gives_up,free,0.12440789261609542,101.08902222174174,waterways
554,2313,1623,841,liquid_bulk,gives_up,free,0.12440789261609542,101.08902222174174,waterways
554,2316,1623,1109,liquid_bulk,gives_up,free,0.1455405540485042,40.37622571047599,waterways
554,2317,1623,841,liquid_bulk,gives_up,free,0.12440789261609542,101.08902222174174,waterways
554,2318,1623,1109,liquid_bulk,gives_up,free,0.1455405540485042,40.37622571047599,waterways
554,2319,1623,1286,liquid_bulk,delivers_same,same,0.35617606878266983,140.3428658109662,waterways
554,2321,1623,1286,liquid_bulk,delivers_same,same,0.35617606878266983,140.3428658109662,waterways
554,2322,1623,1153,liquid_bulk,gives_up,free,0.10546958751807667,84.9569159905857,waterways
554,2323,1623,673,liquid_bulk,gives_up,free,0.1195079993372401,27.42433175740625,waterways
554,2324,1623,673,liquid_bulk,gives_up,free,0.1195079993372401,27.42433175740625,waterways
554,2325,1623,673,liquid_bulk,gives_up,free,0.1195079993372401,27.42433175740625,waterways
554,2326,1623,749,liquid_bulk,delivers_free,free,0.10080130435493051,18.80096397110468,railways+waterways
554,2327,1623,1153,liquid_bulk,gives_up,free,0.10546958751807667,84.9569159905857,waterways
554,2328,1623,1153,liquid_bulk,gives_up,free,0.10546958751807667,84.9569159905857,waterways
554,2329,1623,1269,liquid_bulk,gives_up,free,0.20115154701161964,101.36959168851818,waterways
554,2351,1623,1469,liquid_bulk,gives_up,free,0.09325652350503133,16.789718310142177,waterways
554,2354,1623,612,liquid_bulk,gives_up,free,0.1479040817948074,16.086992969517844,waterways
554,2355,1623,611,liquid_bulk,gives_up,free,0.09067524863611465,29.526116480470478,waterways
554,2356,1623,1449,liquid_bulk,gives_up,free,0.08085487501047006,23.059707890185347,waterways
554,2357,1623,1617,liquid_bulk,gives_up,free,0.08468662623037604,18.42083402205095,waterways
554,2358,1623,1306,liquid_bulk,gives_up,free,0.12866941512284447,16.086992969517844,waterways
554,2359,1623,780,liquid_bulk,gives_up,free,0.0873972218777237,16.086992969517844,waterways
554,2360,1623,601,liquid_bulk,gives_up,free,0.09795750099071654,33.462654563404556,waterways
554,2362,1623,889,liquid_bulk,gives_up,free,0.13580852786008735,16.086992969517844,waterways
554,2363,1623,197,liquid_bulk,gives_up,free,0.07209869765605004,67.86669667409816,waterways
554,2364,1623,197,liquid_bulk,gives_up,free,0.07209869765605004,67.86669667409816,waterways
554,2365,1623,197,liquid_bulk,gives_up,free,0.07209869765605004,67.86669667409816,waterways
554,2366,1623,889,liquid_bulk,gives_up,free,0.13580852786008735,16.086992969517844,waterways
554,2367,1623,862,liquid_bulk,gives_up,free,0.06433813213152595,107.99173328518512,waterways
554,2368,1623,862,liquid_bulk,gives_up,free,0.06433813213152595,107.99173328518512,waterways
554,2387,1623,928,liquid_bulk,gives_up,free,0.2556410176366175,23.455727614785076,waterways
554,2388,1623,1433,liquid_bulk,gives_up,free,0.1710677081878904,18.386215149368464,waterways
554,2389,1623,710,liquid_bulk,gives_up,free,0.0083258053311146,34.54976915524153,waterways
554,2390,1623,749,liquid_bulk,delivers_free,free,0.10080130435493051,18.80096397110468,railways+waterways
554,2391,1623,938,liquid_bulk,delivers_free,free,0.09913500046401857,16.086992969517844,railways+waterways
554,2392,1623,461,liquid_bulk,gives_up,free,0.13999210629326808,16.086992969517844,waterways
554,2395,1623,1270,liquid_bulk,gives_up,free,0.09451483692047224,16.086992969517844,waterways
554,2396,1623,741,liquid_bulk,gives_up,free,0.12664397239313918,93.7063627711068,waterways
554,2397,1623,1153,liquid_bulk,gives_up,free,0.10546958751807667,84.9569159905857,waterways
554,2403,1623,197,liquid_bulk,gives_up,free,0.07209869765605004,67.86669667409816,waterways
554,2417,1623,1729,liquid_bulk,delivers_same,same,0.38204082126006966,86.10415088856334,waterways
554,2425,1623,928,liquid_bulk,gives_up,free,0.2556410176366175,23.455727614785076,waterways
554,2426,1623,1433,liquid_bulk,gives_up,free,0.1710677081878904,18.386215149368464,waterways
554,2427,1623,710,liquid_bulk,gives_up,free,0.0083258053311146,34.54976915524153,waterways
554,2428,1623,749,liquid_bulk,delivers_free,free,0.10080130435493051,18.80096397110468,railways+waterways
554,2429,1623,938,liquid_bulk,delivers_free,free,0.09913500046401857,16.086992969517844,railways+waterways
554,2430,1623,461,liquid_bulk,gives_up,free,0.13999210629326808,16.086992969517844,waterways
554,2431,1623,445,liquid_bulk,gives_up,free,0.054622170349545085,108.97239140188861,waterways
554,2433,1623,1270,liquid_bulk,gives_up,free,0.09451483692047224,16.086992969517844,waterways
554,2434,1623,741,liquid_bulk,gives_up,free,0.12664397239313918,93.7063627711068,waterways
554,2435,1623,1153,liquid_bulk,gives_up,free,0.10546958751807667,84.9569159905857,waterways
554,2440,1623,1469,liquid_bulk,gives_up,free,0.09325652350503133,16.789718310142177,waterways
554,2441,1623,197,liquid_bulk,gives_up,free,0.07209869765605004,67.86669667409816,waterways
554,2455,1623,1729,liquid_bulk,delivers_same,same,0.38204082126006966,86.10415088856334,waterways
554,2517,1623,928,liquid_bulk,gives_up,free,0.2556410176366175,23.455727614785076,waterways
554,2518,1623,1433,liquid_bulk,gives_up,free,0.1710677081878904,18.386215149368464,waterways
554,2519,1623,710,liquid_bulk,gives_up,free,0.0083258053311146,34.54976915524153,waterways
554,2520,1623,749,liquid_bulk,delivers_free,free,0.10080130435493051,18.80096397110468,railways+waterways
554,2521,1623,938,liquid_bulk,delivers_free,free,0.09913500046401857,16.086992969517844,railways+waterways
554,2522,1623,461,liquid_bulk,gives_up,free,0.13999210629326808,16.086992969517844,waterways
554,2523,1623,445,liquid_bulk,gives_up,free,0.054622170349545085,108.97239140188861,waterways
554,2525,1623,1270,liquid_bulk,gives_up,free,0.09451483692047224,16.086992969517844,waterways
554,2526,1623,741,liquid_bulk,gives_up,free,0.12664397239313918,93.7063627711068,waterways
554,2527,1623,1153,liquid_bulk,gives_up,free,0.10546958751807667,84.9569159905857,waterways
554,2532,1623,1469,liquid_bulk,gives_up,free,0.09325652350503133,16.789718310142177,waterways
554,2533,1623,197,liquid_bulk,gives_up,free,0.07209869765605004,67.86669667409816,waterways
554,2547,1623,1729,liquid_bulk,delivers_same,same,0.38204082126006966,86.10415088856334,waterways
554,2555,1623,928,liquid_bulk,gives_up,free,0.2556410176366175,23.455727614785076,waterways
554,2556,1623,1433,liquid_bulk,gives_up,free,0.1710677081878904,18.386215149368464,waterways
554,2557,1623,710,liquid_bulk,gives_up,free,0.0083258053311146,34.54976915524153,waterways
554,2558,1623,749,liquid_bulk,delivers_free,free,0.10080130435493051,18.80096397110468,railways+waterways
554,2559,1623,938,liquid_bulk,delivers_free,free,0.09913500046401857,16.086992969517844,railways+waterways
554,2560,1623,461,liquid_bulk,gives_up,free,0.13999210629326808,16.086992969517844,waterways
554,2564,1623,741,liquid_bulk,gives_up,free,0.12664397239313918,93.7063627711068,waterways
554,2565,1623,1153,liquid_bulk,gives_up,free,0.10546958751807667,84.9569159905857,waterways
554,2570,1623,1469,liquid_bulk,gives_up,free,0.09325652350503133,16.789718310142177,waterways
554,2571,1623,197,liquid_bulk,gives_up,free,0.07209869765605004,67.86669667409816,waterways
554,2585,1623,1729,liquid_bulk,delivers_same,same,0.38204082126006966,86.10415088856334,waterways
554,2593,1623,928,liquid_bulk,gives_up,free,0.2556410176366175,23.455727614785076,waterways
554,2595,1623,710,liquid_bulk,gives_up,free,0.0083258053311146,34.54976915524153,waterways
554,2596,1623,749,liquid_bulk,delivers_free,free,0.10080130435493051,18.80096397110468,railways+waterways
554,2597,1623,938,liquid_bulk,delivers_free,free,0.09913500046401857,16.086992969517844,railways+waterways
554,2598,1623,461,liquid_bulk,gives_up,free,0.13999210629326808,16.086992969517844,waterways
554,2599,1623,445,liquid_bulk,gives_up,free,0.054622170349545085,108.97239140188861,waterways
554,2601,1623,1270,liquid_bulk,gives_up,free,0.09451483692047224,16.086992969517844,waterways
554,2602,1623,741,liquid_bulk,gives_up,free,0.12664397239313918,93.7063627711068,waterways
554,2603,1623,1153,liquid_bulk,gives_up,free,0.10546958751807667,84.9569159905857,waterways
554,2608,1623,1469,liquid_bulk,gives_up,free,0.09325652350503133,16.789718310142177,waterways
554,2609,1623,197,liquid_bulk,gives_up,free,0.07209869765605004,67.86669667409816,waterways
554,2623,1623,1729,liquid_bulk,delivers_same,same,0.38204082126006966,86.10415088856334,waterways
554,2631,1623,928,liquid_bulk,gives_up,free,0.2556410176366175,23.455727614785076,waterways
554,2632,1623,1433,liquid_bulk,gives_up,free,0.1710677081878904,18.386215149368464,waterways
554,2633,1623,710,liquid_bulk,gives_up,free,0.0083258053311146,34.54976915524153,waterways
554,2634,1623,749,liquid_bulk,delivers_free,free,0.10080130435493051,18.80096397110468,railways+waterways
554,2635,1623,938,liquid_bulk,delivers_free,free,0.09913500046401857,16.086992969517844,railways+waterways
554,2637,1623,445,liquid_bulk,gives_up,free,0.054622170349545085,108.97239140188861,waterways
554,2639,1623,1270,liquid_bulk,gives_up,free,0.09451483692047224,16.086992969517844,waterways
554,2641,1623,1153,liquid_bulk,gives_up,free,0.10546958751807667,84.9569159905857,waterways
554,2646,1623,1469,liquid_bulk,gives_up,free,0.09325652350503133,16.789718310142177,waterways
554,2661,1623,1729,liquid_bulk,delivers_same,same,0.38204082126006966,86.10415088856334,waterways
554,2720,1623,2038,liquid_bulk,gives_up,free,0.1722654525933014,16.086992969517844,waterways
554,2724,1623,624,liquid_bulk,delivers_same,same,0.33414009887743634,121.33817910966039,waterways
554,2726,1623,624,liquid_bulk,delivers_same,same,0.33414009887743634,121.33817910966039,waterways
554,2728,1623,624,liquid_bulk,delivers_same,same,0.33414009887743634,121.33817910966039,waterways
554,2735,1623,1272,liquid_bulk,gives_up,free,0.1484635484864112,25.204738341746342,waterways
554,2738,1623,1272,liquid_bulk,gives_up,free,0.1484635484864112,25.204738341746342,waterways
554,2742,1623,1272,liquid_bulk,gives_up,free,0.1484635484864112,25.204738341746342,waterways
554,2745,1623,624,liquid_bulk,delivers_same,same,0.33414009887743634,121.33817910966039,waterways
554,2748,1623,928,liquid_bulk,gives_up,free,0.2556410176366175,23.455727614785076,waterways
554,2749,1623,1433,liquid_bulk,gives_up,free,0.1710677081878904,18.386215149368464,waterways
554,2750,1623,710,liquid_bulk,gives_up,free,0.0083258053311146,34.54976915524153,waterways
554,2751,1623,749,liquid_bulk,delivers_free,free,0.10080130435493051,18.80096397110468,railways+waterways
554,2752,1623,938,liquid_bulk,delivers_free,free,0.09913500046401857,16.086992969517844,railways+waterways
554,2753,1623,461,liquid_bulk,gives_up,free,0.13999210629326808,16.086992969517844,waterways
554,2754,1623,445,liquid_bulk,gives_up,free,0.054622170349545085,108.97239140188861,waterways
554,2756,1623,1270,liquid_bulk,gives_up,free,0.09451483692047224,16.086992969517844,waterways
554,2757,1623,741,liquid_bulk,gives_up,free,0.12664397239313918,93.7063627711068,waterways
554,2758,1623,1153,liquid_bulk,gives_up,free,0.10546958751807667,84.9569159905857,waterways
554,2763,1623,1469,liquid_bulk,gives_up,free,0.09325652350503133,16.789718310142177,waterways
554,2764,1623,197,liquid_bulk,gives_up,free,0.07209869765605004,67.86669667409816,waterways
554,2778,1623,1729,liquid_bulk,delivers_same,same,0.38204082126006966,86.10415088856334,waterways
554,2786,1623,928,liquid_bulk,gives_up,free,0.2556410176366175,23.455727614785076,waterways
554,2787,1623,1433,liquid_bulk,gives_up,free,0.1710677081878904,18.386215149368464,waterways
554,2788,1623,710,liquid_bulk,gives_up,free,0.0083258053311146,34.54976915524153,waterways
554,2790,1623,938,liquid_bulk,delivers_free,free,0.09913500046401857,16.086992969517844,railways+waterways
554,2791,1623,461,liquid_bulk,gives_up,free,0.13999210629326808,16.086992969517844,waterways
554,2792,1623,445,liquid_bulk,gives_up,free,0.054622170349545085,108.97239140188861,waterways
554,2795,1623,741,liquid_bulk,gives_up,free,0.12664397239313918,93.7063627711068,waterways
554,2796,1623,1153,liquid_bulk,gives_up,free,0.10546958751807667,84.9569159905857,waterways
554,2801,1623,1469,liquid_bulk,gives_up,free,0.09325652350503133,16.789718310142177,waterways
554,2802,1623,197,liquid_bulk,gives_up,free,0.07209869765605004,67.86669667409816,waterways
554,2816,1623,1729,liquid_bulk,delivers_same,same,0.38204082126006966,86.10415088856334,waterways
554,2826,1623,1552,liquid_bulk,gives_up,free,0.11208650257679276,41.75706165833409,waterways
554,2828,1623,1447,liquid_bulk,gives_up,free,0.12263895072125486,16.086992969517844,waterways
554,2833,1623,1433,liquid_bulk,gives_up,free,0.1710677081878904,18.386215149368464,waterways
554,2836,1623,1153,liquid_bulk,gives_up,free,0.10546958751807667,84.9569159905857,waterways
554,2837,1623,2022,liquid_bulk,gives_up,free,0.13201551088939634,16.086992969517844,waterways
554,2840,1623,285,liquid_bulk,gives_up,free,0.16868769842424802,32.145138286887494,waterways
554,2842,1623,672,liquid_bulk,gives_up,free,0.12272705347710922,16.086992969517844,waterways
554,2843,1623,1307,liquid_bulk,gives_up,free,0.15615233569853593,16.086992969517844,waterways
554,2846,1623,1448,liquid_bulk,gives_up,free,0.12568842368797495,16.086992969517844,waterways
554,2848,1623,53,liquid_bulk,delivers_free,free,0.09567590502137491,16.086992969517844,railways+waterways
554,2855,1623,1269,liquid_bulk,gives_up,free,0.20115154701161964,101.36959168851818,waterways
554,2856,1623,1322,liquid_bulk,gives_up,free,0.2613054213481716,16.086992969517844,waterways
554,2859,1623,1023,liquid_bulk,delivers_same,same,0.14826225417212835,83.27512435670944,railways+waterways
554,2861,1623,672,liquid_bulk,gives_up,free,0.12272705347710922,16.086992969517844,waterways
554,2862,1623,673,liquid_bulk,gives_up,free,0.1195079993372401,27.42433175740625,waterways
554,2863,1623,1109,liquid_bulk,gives_up,free,0.1455405540485042,40.37622571047599,waterways
554,2864,1623,1532,liquid_bulk,gives_up,free,0.09121622165207754,31.599507378105457,waterways
554,2865,1623,1270,liquid_bulk,gives_up,free,0.09451483692047224,16.086992969517844,waterways
554,2872,1623,283,liquid_bulk,gives_up,free,0.17763755099772904,16.086992969517844,waterways
554,2873,1623,282,liquid_bulk,gives_up,free,0.17272565318910682,16.086992969517844,waterways
554,2885,1623,970,liquid_bulk,gives_up,free,0.008777914652613461,16.086992969517844,waterways
554,2886,1623,1286,liquid_bulk,delivers_same,same,0.35617606878266983,140.3428658109662,waterways
554,3051,1623,928,liquid_bulk,gives_up,free,0.2556410176366175,23.455727614785076,waterways
554,3052,1623,1433,liquid_bulk,gives_up,free,0.1710677081878904,18.386215149368464,waterways
554,3053,1623,710,liquid_bulk,gives_up,free,0.0083258053311146,34.54976915524153,waterways
554,3054,1623,749,liquid_bulk,delivers_free,free,0.10080130435493051,18.80096397110468,railways+waterways
554,3055,1623,938,liquid_bulk,delivers_free,free,0.09913500046401857,16.086992969517844,railways+waterways
554,3056,1623,461,liquid_bulk,gives_up,free,0.13999210629326808,16.086992969517844,waterways
554,3057,1623,445,liquid_bulk,gives_up,free,0.054622170349545085,108.97239140188861,waterways
554,3059,1623,1270,liquid_bulk,gives_up,free,0.09451483692047224,16.086992969517844,waterways
554,3060,1623,741,liquid_bulk,gives_up,free,0.12664397239313918,93.7063627711068,waterways
554,3066,1623,1469,liquid_bulk,gives_up,free,0.09325652350503133,16.789718310142177,waterways
554,3067,1623,197,liquid_bulk,gives_up,free,0.07209869765605004,67.86669667409816,waterways
554,3081,1623,1729,liquid_bulk,delivers_same,same,0.38204082126006966,86.10415088856334,waterways
554,3165,1623,928,liquid_bulk,gives_up,free,0.2556410176366175,23.455727614785076,waterways
554,3166,1623,1433,liquid_bulk,gives_up,free,0.1710677081878904,18.386215149368464,waterways
554,3167,1623,710,liquid_bulk,gives_up,free,0.0083258053311146,34.54976915524153,waterways
554,3168,1623,749,liquid_bulk,delivers_free,free,0.10080130435493051,18.80096397110468,railways+waterways
554,3169,1623,938,liquid_bulk,delivers_free,free,0.09913500046401857,16.086992969517844,railways+waterways
554,3170,1623,461,liquid_bulk,gives_up,free,0.13999210629326808,16.086992969517844,waterways
554,3174,1623,741,liquid_bulk,gives_up,free,0.12664397239313918,93.7063627711068,waterways
554,3175,1623,1153,liquid_bulk,gives_up,free,0.10546958751807667,84.9569159905857,waterways
554,3180,1623,1469,liquid_bulk,gives_up,free,0.09325652350503133,16.789718310142177,waterways
554,3181,1623,197,liquid_bulk,gives_up,free,0.07209869765605004,67.86669667409816,waterways
554,3195,1623,1729,liquid_bulk,delivers_same,same,0.38204082126006966,86.10415088856334,waterways
554,3203,1623,928,liquid_bulk,gives_up,free,0.2556410176366175,23.455727614785076,waterways
554,3204,1623,1433,liquid_bulk,gives_up,free,0.1710677081878904,18.386215149368464,waterways
554,3205,1623,710,liquid_bulk,gives_up,free,0.0083258053311146,34.54976915524153,waterways
554,3206,1623,749,liquid_bulk,delivers_free,free,0.10080130435493051,18.80096397110468,railways+waterways
554,3207,1623,938,liquid_bulk,delivers_free,free,0.09913500046401857,16.086992969517844,railways+waterways
554,3208,1623,461,liquid_bulk,gives_up,free,0.13999210629326808,16.086992969517844,waterways
554,3209,1623,445,liquid_bulk,gives_up,free,0.054622170349545085,108.97239140188861,waterways
554,3211,1623,1270,liquid_bulk,gives_up,free,0.09451483692047224,16.086992969517844,waterways
554,3213,1623,1153,liquid_bulk,gives_up,free,0.10546958751807667,84.9569159905857,waterways
554,3218,1623,1469,liquid_bulk,gives_up,free,0.09325652350503133,16.789718310142177,waterways
554,3219,1623,197,liquid_bulk,gives_up,free,0.07209869765605004,67.86669667409816,waterways
554,3233,1623,1729,liquid_bulk,delivers_same,same,0.38204082126006966,86.10415088856334,waterways
554,3279,1623,928,liquid_bulk,gives_up,free,0.2556410176366175,23.455727614785076,waterways
554,3280,1623,1433,liquid_bulk,gives_up,free,0.1710677081878904,18.386215149368464,waterways
554,3281,1623,710,liquid_bulk,gives_up,free,0.0083258053311146,34.54976915524153,waterways
554,3282,1623,749,liquid_bulk,delivers_free,free,0.10080130435493051,18.80096397110468,railways+waterways
554,3284,1623,461,liquid_bulk,gives_up,free,0.13999210629326808,16.086992969517844,waterways
554,3285,1623,445,liquid_bulk,gives_up,free,0.054622170349545085,108.97239140188861,waterways
554,3287,1623,1270,liquid_bulk,gives_up,free,0.09451483692047224,16.086992969517844,waterways
554,3288,1623,741,liquid_bulk,gives_up,free,0.12664397239313918,93.7063627711068,waterways
554,3289,1623,1153,liquid_bulk,gives_up,free,0.10546958751807667,84.9569159905857,waterways
554,3294,1623,1469,liquid_bulk,gives_up,free,0.09325652350503133,16.789718310142177,waterways
554,3295,1623,197,liquid_bulk,gives_up,free,0.07209869765605004,67.86669667409816,waterways
554,3309,1623,1729,liquid_bulk,delivers_same,same,0.38204082126006966,86.10415088856334,waterways
554,3317,1623,928,liquid_bulk,gives_up,free,0.2556410176366175,23.455727614785076,waterways
554,3318,1623,1433,liquid_bulk,gives_up,free,0.1710677081878904,18.386215149368464,waterways
554,3319,1623,710,liquid_bulk,gives_up,free,0.0083258053311146,34.54976915524153,waterways
554,3320,1623,749,liquid_bulk,delivers_free,free,0.10080130435493051,18.80096397110468,railways+waterways
554,3321,1623,938,liquid_bulk,delivers_free,free,0.09913500046401857,16.086992969517844,railways+waterways
554,3322,1623,461,liquid_bulk,gives_up,free,0.13999210629326808,16.086992969517844,waterways
554,3323,1623,445,liquid_bulk,gives_up,free,0.054622170349545085,108.97239140188861,waterways
554,3326,1623,741,liquid_bulk,gives_up,free,0.12664397239313918,93.7063627711068,waterways
554,3327,1623,1153,liquid_bulk,gives_up,free,0.10546958751807667,84.9569159905857,waterways
554,3332,1623,1469,liquid_bulk,gives_up,free,0.09325652350503133,16.789718310142177,waterways
554,3333,1623,197,liquid_bulk,gives_up,free,0.07209869765605004,67.86669667409816,waterways
554,3347,1623,1729,liquid_bulk,delivers_same,same,0.38204082126006966,86.10415088856334,waterways
554,3356,1623,1433,liquid_bulk,gives_up,free,0.1710677081878904,18.386215149368464,waterways
554,3357,1623,710,liquid_bulk,gives_up,free,0.0083258053311146,34.54976915524153,waterways
554,3358,1623,749,liquid_bulk,delivers_free,free,0.10080130435493051,18.80096397110468,railways+waterways
554,3359,1623,938,liquid_bulk,delivers_free,free,0.09913500046401857,16.086992969517844,railways+waterways
554,3360,1623,461,liquid_bulk,gives_up,free,0.13999210629326808,16.086992969517844,waterways
554,3361,1623,445,liquid_bulk,gives_up,free,0.054622170349545085,108.97239140188861,waterways
554,3363,1623,1270,liquid_bulk,gives_up,free,0.09451483692047224,16.086992969517844,waterways
554,3364,1623,741,liquid_bulk,gives_up,free,0.12664397239313918,93.7063627711068,waterways
554,3365,1623,1153,liquid_bulk,gives_up,free,0.10546958751807667,84.9569159905857,waterways
554,3370,1623,1469,liquid_bulk,gives_up,free,0.09325652350503133,16.789718310142177,waterways
554,3371,1623,197,liquid_bulk,gives_up,free,0.07209869765605004,67.86669667409816,waterways
554,3385,1623,1729,liquid_bulk,delivers_same,same,0.38204082126006966,86.10415088856334,waterways
554,3394,1623,1433,liquid_bulk,gives_up,free,0.1710677081878904,18.386215149368464,waterways
554,3395,1623,710,liquid_bulk,gives_up,free,0.0083258053311146,34.54976915524153,waterways
554,3396,1623,749,liquid_bulk,delivers_free,free,0.10080130435493051,18.80096397110468,railways+waterways
554,3397,1623,938,liquid_bulk,delivers_free,free,0.09913500046401857,16.086992969517844,railways+waterways
554,3398,1623,461,liquid_bulk,gives_up,free,0.13999210629326808,16.086992969517844,waterways
554,3399,1623,445,liquid_bulk,gives_up,free,0.054622170349545085,108.97239140188861,waterways
554,3401,1623,1270,liquid_bulk,gives_up,free,0.09451483692047224,16.086992969517844,waterways
554,3402,1623,741,liquid_bulk,gives_up,free,0.12664397239313918,93.7063627711068,waterways
554,3403,1623,1153,liquid_bulk,gives_up,free,0.10546958751807667,84.9569159905857,waterways
554,3408,1623,1469,liquid_bulk,gives_up,free,0.09325652350503133,16.789718310142177,waterways
554,3409,1623,197,liquid_bulk,gives_up,free,0.07209869765605004,67.86669667409816,waterways
554,3423,1623,1729,liquid_bulk,delivers_same,same,0.38204082126006966,86.10415088856334,waterways
554,3432,1623,1433,liquid_bulk,gives_up,free,0.1710677081878904,18.386215149368464,waterways
554,3433,1623,710,liquid_bulk,gives_up,free,0.0083258053311146,34.54976915524153,waterways
554,3434,1623,749,liquid_bulk,delivers_free,free,0.10080130435493051,18.80096397110468,railways+waterways
554,3435,1623,938,liquid_bulk,delivers_free,free,0.09913500046401857,16.086992969517844,railways+waterways
554,3436,1623,461,liquid_bulk,gives_up,free,0.13999210629326808,16.086992969517844,waterways
554,3437,1623,445,liquid_bulk,gives_up,free,0.054622170349545085,108.97239140188861,waterways
554,3439,1623,1270,liquid_bulk,gives_up,free,0.09451483692047224,16.086992969517844,waterways
554,3440,1623,741,liquid_bulk,gives_up,free,0.12664397239313918,93.7063627711068,waterways
554,3441,1623,1153,liquid_bulk,gives_up,free,0.10546958751807667,84.9569159905857,waterways
554,3446,1623,1469,liquid_bulk,gives_up,free,0.09325652350503133,16.789718310142177,waterways
554,3447,1623,197,liquid_bulk,gives_up,free,0.07209869765605004,67.86669667409816,waterways
554,3461,1623,1729,liquid_bulk,delivers_same,same,0.38204082126006966,86.10415088856334,waterways
554,3469,1623,928,liquid_bulk,gives_up,free,0.2556410176366175,23.455727614785076,waterways
554,3470,1623,1433,liquid_bulk,gives_up,free,0.1710677081878904,18.386215149368464,waterways
554,3471,1623,710,liquid_bulk,gives_up,free,0.0083258053311146,34.54976915524153,waterways
554,3473,1623,938,liquid_bulk,delivers_free,free,0.09913500046401857,16.086992969517844,railways+waterways
554,3474,1623,461,liquid_bulk,gives_up,free,0.13999210629326808,16.086992969517844,waterways
554,3475,1623,445,liquid_bulk,gives_up,free,0.054622170349545085,108.97239140188861,waterways
554,3477,1623,1270,liquid_bulk,gives_up,free,0.09451483692047224,16.086992969517844,waterways
554,3478,1623,741,liquid_bulk,gives_up,free,0.12664397239313918,93.7063627711068,waterways
554,3479,1623,1153,liquid_bulk,gives_up,free,0.10546958751807667,84.9569159905857,waterways
554,3484,1623,1469,liquid_bulk,gives_up,free,0.09325652350503133,16.789718310142177,waterways
554,3485,1623,197,liquid_bulk,gives_up,free,0.07209869765605004,67.86669667409816,waterways
554,3499,1623,1729,liquid_bulk,delivers_same,same,0.38204082126006966,86.10415088856334,waterways
554,3774,1623,1433,liquid_bulk,gives_up,free,0.1710677081878904,18.386215149368464,waterways
554,3775,1623,710,liquid_bulk,gives_up,free,0.0083258053311146,34.54976915524153,waterways
554,3777,1623,938,liquid_bulk,delivers_free,free,0.09913500046401857,16.086992969517844,railways+waterways
554,3778,1623,461,liquid_bulk,gives_up,free,0.13999210629326808,16.086992969517844,waterways
554,3779,1623,445,liquid_bulk,gives_up,free,0.054622170349545085,108.97239140188861,waterways
554,3781,1623,1270,liquid_bulk,gives_up,free,0.09451483692047224,16.086992969517844,waterways
554,3782,1623,741,liquid_bulk,gives_up,free,0.12664397239313918,93.7063627711068,waterways
554,3783,1623,1153,liquid_bulk,gives_up,free,0.10546958751807667,84.9569159905857,waterways
554,3788,1623,1469,liquid_bulk,gives_up,free,0.09325652350503133,16.789718310142177,waterways
554,3789,1623,197,liquid_bulk,gives_up,free,0.07209869765605004,67.86669667409816,waterways
554,3811,1623,928,liquid_bulk,gives_up,free,0.2556410176366175,23.455727614785076,waterways
554,3812,1623,1433,liquid_bulk,gives_up,free,0.1710677081878904,18.386215149368464,waterways
554,3813,1623,710,liquid_bulk,gives_up,free,0.0083258053311146,34.54976915524153,waterways
554,3814,1623,749,liquid_bulk,delivers_free,free,0.10080130435493051,18.80096397110468,railways+waterways
554,3815,1623,938,liquid_bulk,delivers_free,free,0.09913500046401857,16.086992969517844,railways+waterways
554,3816,1623,461,liquid_bulk,gives_up,free,0.13999210629326808,16.086992969517844,waterways
554,3817,1623,445,liquid_bulk,gives_up,free,0.054622170349545085,108.97239140188861,waterways
554,3819,1623,1270,liquid_bulk,gives_up,free,0.09451483692047224,16.086992969517844,waterways
554,3820,1623,741,liquid_bulk,gives_up,free,0.12664397239313918,93.7063627711068,waterways
554,3821,1623,1153,liquid_bulk,gives_up,free,0.10546958751807667,84.9569159905857,waterways
554,3826,1623,1469,liquid_bulk,gives_up,free,0.09325652350503133,16.789718310142177,waterways
554,3827,1623,197,liquid_bulk,gives_up,free,0.07209869765605004,67.86669667409816,waterways
554,3841,1623,1729,liquid_bulk,delivers_same,same,0.38204082126006966,86.10415088856334,waterways
554,3849,1623,928,liquid_bulk,gives_up,free,0.2556410176366175,23.455727614785076,waterways
554,3850,1623,1433,liquid_bulk,gives_up,free,0.1710677081878904,18.386215149368464,waterways
554,3851,1623,710,liquid_bulk,gives_up,free,0.0083258053311146,34.54976915524153,waterways
554,3852,1623,749,liquid_bulk,delivers_free,free,0.10080130435493051,18.80096397110468,railways+waterways
554,3853,1623,938,liquid_bulk,delivers_free,free,0.09913500046401857,16.086992969517844,railways+waterways
554,3854,1623,461,liquid_bulk,gives_up,free,0.13999210629326808,16.086992969517844,waterways
554,3855,1623,445,liquid_bulk,gives_up,free,0.054622170349545085,108.97239140188861,waterways
554,3857,1623,1270,liquid_bulk,gives_up,free,0.09451483692047224,16.086992969517844,waterways
554,3858,1623,741,liquid_bulk,gives_up,free,0.12664397239313918,93.7063627711068,waterways
554,3859,1623,1153,liquid_bulk,gives_up,free,0.10546958751807667,84.9569159905857,waterways
554,3864,1623,1469,liquid_bulk,gives_up,free,0.09325652350503133,16.789718310142177,waterways
554,3865,1623,197,liquid_bulk,gives_up,free,0.07209869765605004,67.86669667409816,waterways
554,3879,1623,1729,liquid_bulk,delivers_same,same,0.38204082126006966,86.10415088856334,waterways
554,3925,1623,928,liquid_bulk,gives_up,free,0.2556410176366175,23.455727614785076,waterways
554,3926,1623,1433,liquid_bulk,gives_up,free,0.1710677081878904,18.386215149368464,waterways
554,3928,1623,749,liquid_bulk,delivers_free,free,0.10080130435493051,18.80096397110468,railways+waterways
554,3929,1623,938,liquid_bulk,delivers_free,free,0.09913500046401857,16.086992969517844,railways+waterways
554,3930,1623,461,liquid_bulk,gives_up,free,0.13999210629326808,16.086992969517844,waterways
554,3933,1623,1270,liquid_bulk,gives_up,free,0.09451483692047224,16.086992969517844,waterways
554,3934,1623,741,liquid_bulk,gives_up,free,0.12664397239313918,93.7063627711068,waterways
554,3940,1623,1469,liquid_bulk,gives_up,free,0.09325652350503133,16.789718310142177,waterways
554,3941,1623,197,liquid_bulk,gives_up,free,0.07209869765605004,67.86669667409816,waterways
554,3955,1623,1729,liquid_bulk,delivers_same,same,0.38204082126006966,86.10415088856334,waterways
554,5595,1623,778,liquid_bulk,gives_up,free,0.09376280015236205,75.86918313648434,waterways
554,5610,1623,734,liquid_bulk,gives_up,free,0.10651407321804762,24.243368671578985,waterways
554,5949,1623,360,liquid_bulk,gives_up,free,0.10805353864411482,18.834892950477283,waterways
554,6031,1623,734,liquid_bulk,gives_up,free,0.10651407321804762,24.243368671578985,waterways
981,hh_211,5,928,dry_bulk,gives_up,free,0.01885666396553831,246.18234227969432,maritime+waterways
981,hh_220,5,741,dry_bulk,gives_up,free,0.046392899186308956,316.432977436016,maritime+waterways
981,hh_226,5,1469,dry_bulk,gives_up,free,0.09657059842956972,239.51633297505143,maritime+waterways
981,hh_241,5,1729,dry_bulk,delivers_same,same,0.09958046884509919,308.8307655534726,maritime+waterways
987,hh_226,5,1469,dry_bulk,gives_up,free,0.09657059842956972,239.51633297505143,maritime+waterways
987,hh_227,5,197,dry_bulk,gives_up,free,0.04490948838466391,290.5933113390074,maritime+waterways
987,hh_241,5,1729,dry_bulk,delivers_same,same,0.09958046884509919,308.8307655534726,maritime+waterways
1006,hh_211,5,928,dry_bulk,gives_up,free,0.01885666396553831,246.18234227969432,maritime+waterways
1006,hh_220,5,741,dry_bulk,gives_up,free,0.046392899186308956,316.432977436016,maritime+waterways
1006,2735,5,1272,dry_bulk,gives_up,free,0.06626543301980403,247.93135300665557,maritime+waterways
1006,2738,5,1272,dry_bulk,gives_up,free,0.06626543301980403,247.93135300665557,maritime+waterways
1006,2742,5,1272,dry_bulk,gives_up,free,0.06626543301980403,247.93135300665557,maritime+waterways
1006,2826,5,1552,dry_bulk,gives_up,free,0.06793231503808328,264.48367632324334,maritime+waterways
1006,2828,5,1447,dry_bulk,gives_up,free,0.09807923938162766,238.8136076344271,maritime+waterways
1006,2840,5,285,dry_bulk,gives_up,free,0.03408946169469096,254.87175295179674,maritime+waterways
1006,2846,5,1448,dry_bulk,gives_up,free,0.10080487692743145,238.8136076344271,maritime+waterways
1006,2856,5,1322,dry_bulk,gives_up,free,0.02208958659042093,238.8136076344271,maritime+waterways
1006,2872,5,283,dry_bulk,gives_up,free,0.041046785277514486,238.8136076344271,maritime+waterways
1006,2873,5,282,dry_bulk,gives_up,free,0.05634178292885261,238.8136076344271,maritime+waterways
1006,3022,5,741,dry_bulk,gives_up,free,0.046392899186308956,316.432977436016,maritime+waterways
1006,3028,5,1469,dry_bulk,gives_up,free,0.09657059842956972,239.51633297505143,maritime+waterways
1006,3029,5,197,dry_bulk,gives_up,free,0.04490948838466391,290.5933113390074,maritime+waterways
1006,3043,5,1729,dry_bulk,delivers_same,same,0.09958046884509919,308.8307655534726,maritime+waterways
1006,3067,5,197,dry_bulk,gives_up,free,0.04490948838466391,290.5933113390074,maritime+waterways
1006,3081,5,1729,dry_bulk,delivers_same,same,0.09958046884509919,308.8307655534726,maritime+waterways
1006,3295,5,197,dry_bulk,gives_up,free,0.04490948838466391,290.5933113390074,maritime+waterways
1006,3309,5,1729,dry_bulk,delivers_same,same,0.09958046884509919,308.8307655534726,maritime+waterways
CHN,5698,6712,733,liquid_bulk,gives_up,free,0.1270212668664279,17.702405438601108,maritime+waterways
CHN,6401,6712,733,liquid_bulk,gives_up,free,0.1270212668664279,17.702405438601108,maritime+waterways
CHN,6455,6712,733,liquid_bulk,gives_up,free,0.1270212668664279,17.702405438601108,maritime+waterways
2428,hh_85,749,2160,dry_bulk,gives_up,free,0.07990271313536912,290.13227887306465,maritime+waterways
2428,USA,749,6168,dry_bulk,gives_up,free,0.1125906795075855,195.51886474113883,maritime+waterways
4082,2130,579,699,dry_bulk,gives_up,free,0.1315078971758199,64.68650827030653,maritime+waterways
4082,2134,579,281,dry_bulk,gives_up,free,0.10597562121613069,66.42737454470256,maritime+waterways
4082,2214,579,673,dry_bulk,gives_up,free,0.07415104939501727,138.89007544973313,maritime+waterways
4082,2215,579,1269,dry_bulk,gives_up,free,0.039252425554764825,149.8680446153443,maritime+waterways
4082,2217,579,2038,dry_bulk,gives_up,free,0.07327417774704736,113.8827120631181,maritime+waterways
4082,2223,579,285,dry_bulk,gives_up,free,0.10711509709723632,80.6435912137136,maritime+waterways
4082,2238,579,671,dry_bulk,gives_up,free,0.11008039297690542,64.58544589634396,maritime+waterways
4082,2240,579,52,dry_bulk,gives_up,free,0.09810430202940457,80.21862882195931,maritime+waterways
4082,2242,579,672,dry_bulk,gives_up,free,0.07517648960572787,127.55273666184473,maritime+waterways
4082,2322,579,1153,dry_bulk,gives_up,free,0.06935060635267454,196.42265968291258,maritime+waterways
4082,2327,579,1153,dry_bulk,gives_up,free,0.06935060635267454,196.42265968291258,maritime+waterways
4094,hh_113,1079,733,dry_bulk,gives_up,free,0.03883273682894406,48.822066952650076,maritime+waterways
4094,hh_213,1079,710,dry_bulk,gives_up,free,0.035492582164601494,49.58243769977264,maritime+waterways
4094,1458,1079,2311,dry_bulk,gives_up,free,0.0562943784973442,123.6602698675162,maritime+waterways
4094,2595,1079,710,dry_bulk,gives_up,free,0.035492582164601494,49.58243769977264,maritime+waterways
4094,3395,1079,710,dry_bulk,gives_up,free,0.035492582164601494,49.58243769977264,maritime+waterways
4094,5698,1079,733,dry_bulk,gives_up,free,0.03883273682894406,48.822066952650076,maritime+waterways
4362,2133,879,699,dry_bulk,gives_up,free,0.042312930279982064,0.10106237396258157,maritime+waterways
4362,2609,879,197,dry_bulk,gives_up,free,0.06595233243590459,51.77970370458033,maritime+waterways
4490,hh_211,1925,928,dry_bulk,gives_up,free,0.05187124514576191,104.61430198901205,maritime+waterways
4490,hh_212,1925,1433,dry_bulk,gives_up,free,0.0016263827762095229,148.8420556903696,maritime+waterways
4490,hh_219,1925,1270,dry_bulk,gives_up,free,0.047777859166781234,97.24556734374481,maritime+waterways
4490,hh_226,1925,1469,dry_bulk,gives_up,free,0.12880353684683898,97.94829268436914,maritime+waterways
4490,hh_227,1925,197,dry_bulk,gives_up,free,0.05920564524316552,149.02527104832512,maritime+waterways
4490,hh_241,1925,1729,dry_bulk,delivers_same,same,0.1309253661253802,167.2627252627903,maritime+waterways
4490,2720,1925,2038,dry_bulk,gives_up,free,0.0016302404992456498,146.54283351051896,maritime+waterways
4562,hh_113,488,733,liquid_bulk,gives_up,free,0.1289240791383819,17.702405438601108,maritime+waterways
4562,hh_219,488,1270,liquid_bulk,gives_up,free,0.03574212647041586,0.0,maritime+waterways
4562,hh_220,488,741,liquid_bulk,gives_up,free,0.0905842751371071,77.61936980158896,maritime+waterways
4562,hh_227,488,197,liquid_bulk,gives_up,free,0.10844968378871989,51.77970370458033,maritime+waterways
4562,hh_241,488,1729,liquid_bulk,delivers_same,same,0.2774767704896086,70.0171579190455,maritime+waterways
4562,5698,488,733,liquid_bulk,gives_up,free,0.1289240791383819,17.702405438601108,maritime+waterways
4562,5833,488,733,liquid_bulk,gives_up,free,0.1289240791383819,17.702405438601108,maritime+waterways
4562,6297,488,733,liquid_bulk,gives_up,free,0.1289240791383819,17.702405438601108,maritime+waterways
4562,6347,488,733,liquid_bulk,gives_up,free,0.1289240791383819,17.702405438601108,maritime+waterways
4562,6374,488,733,liquid_bulk,gives_up,free,0.1289240791383819,17.702405438601108,maritime+waterways
4562,6401,488,733,liquid_bulk,gives_up,free,0.1289240791383819,17.702405438601108,maritime+waterways
4562,6725,488,733,liquid_bulk,gives_up,free,0.1289240791383819,17.702405438601108,maritime+waterways
4562,6752,488,733,liquid_bulk,gives_up,free,0.1289240791383819,17.702405438601108,maritime+waterways
4562,6860,488,733,liquid_bulk,gives_up,free,0.1289240791383819,17.702405438601108,maritime+waterways
5610,6837,734,8,dry_bulk,gives_up,free,0.1651489438570346,8.156375702061142,maritime+waterways
5610,9669,734,111,dry_bulk,gives_up,free,0.08922059774383029,32.42308017615896,waterways
5610,12335,734,191,dry_bulk,gives_up,free,0.2078298964836447,75.70270356028124,maritime+waterways
5610,12417,734,463,dry_bulk,gives_up,free,0.2043459117853792,188.4796746704828,maritime+waterways
5610,12421,734,225,dry_bulk,gives_up,free,0.17788517209033272,209.96850235230858,maritime+waterways
GBR,115,6478,1668,dry_bulk,gives_up,free,0.07333011515958088,4.352265160396285,maritime+waterways
GBR,227,6478,643,dry_bulk,gives_up,free,0.04226221745236902,174.7559421330397,maritime+waterways
GBR,228,6478,820,dry_bulk,gives_up,free,0.06898044536866266,15.271361365704378,maritime+waterways
GBR,229,6478,1158,dry_bulk,gives_up,free,0.07307793995784073,3.7288462901362767,maritime+waterways
GBR,232,6478,462,dry_bulk,gives_up,free,0.10069262091306497,37.41496581161871,maritime+waterways
GBR,233,6478,870,dry_bulk,delivers_same,same,0.07383179972751375,5.095734492752605,maritime+railways+waterways
GBR,234,6478,751,dry_bulk,delivers_same,same,0.08805810667902558,63.78400371947424,maritime+railways+waterways
GBR,235,6478,750,dry_bulk,gives_up,free,0.1368960548327267,198.23283574272565,maritime+waterways
GBR,271,6478,750,liquid_bulk,delivers_same,same,0.11804150459515728,0.0,maritime+railways+waterways
GBR,2720,6478,2038,dry_bulk,gives_up,free,0.2728721865758357,49.29726616677415,maritime+waterways
GBR,2724,6478,624,dry_bulk,delivers_same,same,0.5904893703058771,105.25118614014254,maritime+waterways
GBR,2726,6478,624,dry_bulk,delivers_same,same,0.5904893703058771,105.25118614014254,maritime+waterways
GBR,2728,6478,624,dry_bulk,delivers_same,same,0.5904893703058771,105.25118614014254,maritime+waterways
GBR,2730,6478,2269,dry_bulk,delivers_same,same,0.07433277450357267,0.0,maritime+railways+waterways
GBR,3203,6478,928,dry_bulk,gives_up,free,0.4115746180088151,7.368734645267233,maritime+waterways
GBR,3204,6478,1433,dry_bulk,gives_up,free,0.2714882476928373,51.596488346624774,maritime+waterways
GBR,3205,6478,710,dry_bulk,gives_up,free,0.2873408000874176,18.462776185723687,maritime+waterways
GBR,3206,6478,749,dry_bulk,gives_up,free,0.14572893875635784,195.51886474113883,maritime+waterways
GBR,3207,6478,938,dry_bulk,delivers_same,same,0.10363119794282394,0.0,maritime+railways+waterways
GBR,3208,6478,461,dry_bulk,gives_up,free,0.22811531098088333,0.0,maritime+waterways
GBR,3209,6478,445,dry_bulk,gives_up,free,0.10316040025432383,92.88539843237076,maritime+waterways
GBR,3211,6478,1270,dry_bulk,gives_up,free,0.20535776283962437,0.0,maritime+waterways
GBR,3212,6478,741,dry_bulk,gives_up,free,0.2571151864899721,77.61936980158896,maritime+waterways
GBR,3213,6478,1153,dry_bulk,gives_up,free,0.23245099549717296,131.8372137865686,maritime+waterways
GBR,3218,6478,1469,dry_bulk,gives_up,free,0.3007051544065067,0.7027253406243322,maritime+waterways
GBR,3219,6478,197,dry_bulk,gives_up,free,0.13018292020185007,51.77970370458033,maritime+waterways
GBR,3233,6478,1729,dry_bulk,delivers_same,same,0.28407029589308697,70.0171579190455,maritime+waterways
GBR,5671,6478,733,dry_bulk,gives_up,free,0.27653218662803547,17.702405438601108,maritime+waterways
GBR,5698,6478,733,dry_bulk,gives_up,free,0.27653218662803547,17.702405438601108,maritime+waterways
GBR,6428,6478,733,liquid_bulk,gives_up,free,0.19613699888775704,17.702405438601108,maritime+waterways
GBR,11778,6478,368,dry_bulk,delivers_same,same,0.07688408206580388,317.6180708519207,maritime+waterways
GBR,12727,6478,1668,dry_bulk,gives_up,free,0.07333011515958088,4.352265160396285,maritime+waterways
7020,hh_211,1593,928,dry_bulk,gives_up,free,0.019843330888696054,183.63661950101067,maritime+waterways
7020,hh_220,1593,741,dry_bulk,gives_up,free,0.04868449824220855,253.8872546573324,maritime+waterways
7020,hh_226,1593,1469,dry_bulk,gives_up,free,0.10183790487055089,176.97061019636777,maritime+waterways
7020,hh_227,1593,197,dry_bulk,gives_up,free,0.04726852828433303,228.04758856032376,maritime+waterways
7020,hh_241,1593,1729,dry_bulk,delivers_same,same,0.10476445749480123,246.28504277478896,maritime+waterways
7587,hh_211,1871,928,liquid_bulk,gives_up,free,0.05214655989706629,41.29317515868746,maritime+waterways
7587,hh_212,1871,1433,liquid_bulk,gives_up,free,0.10182455699572923,36.22366269327085,maritime+waterways
7587,hh_213,1871,710,liquid_bulk,gives_up,free,0.06820689558846826,52.38721669914391,maritime+waterways
7587,hh_220,1871,741,liquid_bulk,gives_up,free,0.04025916734419055,111.54381031500918,maritime+waterways
7587,hh_226,1871,1469,liquid_bulk,gives_up,free,0.10967049642231563,34.62716585404456,maritime+waterways
7587,hh_227,1871,197,liquid_bulk,gives_up,free,0.09015506150031549,85.70414421800055,maritime+waterways
7587,hh_241,1871,1729,liquid_bulk,delivers_same,same,0.23149863666598303,103.94159843246572,maritime+waterways
7740,hh_233,642,2039,dry_bulk,gives_up,free,0.04783024093232657,84.85650803238617,waterways
7740,hh_234,642,56,dry_bulk,gives_up,free,0.14991227856012923,41.975535031094516,waterways
7740,hh_235,642,742,dry_bulk,gives_up,free,0.11355922941094021,71.34621435864813,waterways
7740,hh_236,642,1465,dry_bulk,gives_up,free,0.11042003763548824,41.975535031094516,waterways
7740,hh_238,642,196,dry_bulk,gives_up,free,0.0015880271545951619,108.9611936608445,waterways
7740,hh_240,642,392,dry_bulk,gives_up,free,0.0517270657265394,53.39468051717306,waterways
7740,2615,642,2039,dry_bulk,gives_up,free,0.04783024093232657,84.85650803238617,waterways
7740,2618,642,1465,dry_bulk,gives_up,free,0.11042003763548824,41.975535031094516,waterways
7740,2620,642,196,dry_bulk,gives_up,free,0.0015880271545951619,108.9611936608445,waterways
7758,hh_233,1005,2039,dry_bulk,gives_up,free,0.04075065413290546,233.09894021855646,waterways
7758,hh_234,1005,56,dry_bulk,gives_up,free,0.053213045091622835,190.2179672172648,waterways
7758,hh_235,1005,742,dry_bulk,gives_up,free,0.06195636107057312,219.58864654481837,waterways
7758,hh_236,1005,1465,dry_bulk,gives_up,free,0.036170207846777824,190.2179672172648,waterways
7758,hh_239,1005,1608,dry_bulk,gives_up,free,0.041863968919449324,190.2179672172648,waterways
7758,hh_240,1005,392,dry_bulk,gives_up,free,0.017238372348822306,201.63711270334335,waterways
7766,hh_233,1005,2039,dry_bulk,gives_up,free,0.04075065413290546,233.09894021855646,waterways
7766,hh_234,1005,56,dry_bulk,gives_up,free,0.053213045091622835,190.2179672172648,waterways
7766,hh_235,1005,742,dry_bulk,gives_up,free,0.06195636107057312,219.58864654481837,waterways
7766,hh_236,1005,1465,dry_bulk,gives_up,free,0.036170207846777824,190.2179672172648,waterways
7766,hh_239,1005,1608,dry_bulk,gives_up,free,0.041863968919449324,190.2179672172648,waterways
7766,hh_240,1005,392,dry_bulk,gives_up,free,0.017238372348822306,201.63711270334335,waterways
7766,GBR,1005,6478,dry_bulk,gives_up,free,0.01727448241157914,190.2179672172648,maritime+waterways
7766,2615,1005,2039,dry_bulk,gives_up,free,0.04075065413290546,233.09894021855646,waterways
7766,2616,1005,56,dry_bulk,gives_up,free,0.053213045091622835,190.2179672172648,waterways
7766,2621,1005,1608,dry_bulk,gives_up,free,0.041863968919449324,190.2179672172648,waterways
7766,2622,1005,392,dry_bulk,gives_up,free,0.017238372348822306,201.63711270334335,waterways
7789,hh_110,1005,1364,dry_bulk,gives_up,free,0.0014129427718616583,204.9326034359513,maritime+waterways
7789,hh_111,1005,172,dry_bulk,gives_up,free,0.04034903356456421,190.2179672172648,waterways
7789,hh_112,1005,2296,dry_bulk,gives_up,free,0.01821536667592949,190.2179672172648,waterways
7789,hh_233,1005,2039,dry_bulk,gives_up,free,0.04075065413290546,233.09894021855646,waterways
7789,hh_234,1005,56,dry_bulk,gives_up,free,0.053213045091622835,190.2179672172648,waterways
7789,hh_235,1005,742,dry_bulk,gives_up,free,0.06195636107057312,219.58864654481837,waterways
7789,hh_236,1005,1465,dry_bulk,gives_up,free,0.036170207846777824,190.2179672172648,waterways
7789,hh_239,1005,1608,dry_bulk,gives_up,free,0.041863968919449324,190.2179672172648,waterways
7789,hh_240,1005,392,dry_bulk,gives_up,free,0.017238372348822306,201.63711270334335,waterways
7789,2719,1005,498,dry_bulk,gives_up,free,0.06750039727136059,190.2179672172648,waterways
7789,2721,1005,585,dry_bulk,gives_up,free,0.06141461384825542,190.2179672172648,waterways
7789,3035,1005,2039,dry_bulk,gives_up,free,0.04075065413290546,233.09894021855646,waterways
7789,3037,1005,742,dry_bulk,gives_up,free,0.06195636107057312,219.58864654481837,waterways
7789,3038,1005,1465,dry_bulk,gives_up,free,0.036170207846777824,190.2179672172648,waterways
7789,3226,1005,56,dry_bulk,gives_up,free,0.053213045091622835,190.2179672172648,waterways
7789,3227,1005,742,dry_bulk,gives_up,free,0.06195636107057312,219.58864654481837,waterways
7789,3228,1005,1465,dry_bulk,gives_up,free,0.036170207846777824,190.2179672172648,waterways
7789,3231,1005,1608,dry_bulk,gives_up,free,0.041863968919449324,190.2179672172648,waterways
7789,6295,1005,172,dry_bulk,gives_up,free,0.04034903356456421,190.2179672172648,waterways
7789,9690,1005,1601,dry_bulk,gives_up,free,0.11244155882262197,190.2179672172648,waterways
7789,9695,1005,1525,dry_bulk,gives_up,free,0.082358239077168,190.2179672172648,waterways
7789,9697,1005,1601,dry_bulk,gives_up,free,0.11244155882262197,190.2179672172648,waterways
7789,9700,1005,1687,dry_bulk,gives_up,free,0.12351305516263533,191.04296142330028,waterways
7789,9702,1005,2201,dry_bulk,gives_up,free,0.0966184704744899,190.2179672172648,waterways
7789,9703,1005,2201,dry_bulk,gives_up,free,0.0966184704744899,190.2179672172648,waterways
7789,9704,1005,1044,dry_bulk,gives_up,free,0.05994398669441159,197.0433510618602,waterways
7789,9706,1005,1601,dry_bulk,gives_up,free,0.11244155882262197,190.2179672172648,waterways
7789,9707,1005,1601,dry_bulk,gives_up,free,0.11244155882262197,190.2179672172648,waterways
7789,9708,1005,1601,dry_bulk,gives_up,free,0.11244155882262197,190.2179672172648,waterways
7789,9709,1005,1601,dry_bulk,gives_up,free,0.11244155882262197,190.2179672172648,waterways
7789,9711,1005,1601,dry_bulk,gives_up,free,0.11244155882262197,190.2179672172648,waterways
7789,9712,1005,1601,dry_bulk,gives_up,free,0.11244155882262197,190.2179672172648,waterways
7789,9715,1005,2130,dry_bulk,gives_up,free,0.10795532374895922,190.2179672172648,waterways
7789,9716,1005,563,dry_bulk,gives_up,free,0.08270211984646858,232.1995544785555,waterways
7789,9717,1005,116,dry_bulk,gives_up,free,0.0671868905775781,192.09307669124073,waterways
7789,9719,1005,1687,dry_bulk,gives_up,free,0.12351305516263533,191.04296142330028,waterways
7789,9720,1005,1687,dry_bulk,gives_up,free,0.12351305516263533,191.04296142330028,waterways
7789,9721,1005,1687,dry_bulk,gives_up,free,0.12351305516263533,191.04296142330028,waterways
7789,9723,1005,1687,dry_bulk,gives_up,free,0.12351305516263533,191.04296142330028,waterways
7789,9724,1005,1687,dry_bulk,gives_up,free,0.12351305516263533,191.04296142330028,waterways
7789,9727,1005,1687,dry_bulk,gives_up,free,0.12351305516263533,191.04296142330028,waterways
7789,9729,1005,1687,dry_bulk,gives_up,free,0.12351305516263533,191.04296142330028,waterways
7789,9730,1005,1687,dry_bulk,gives_up,free,0.12351305516263533,191.04296142330028,waterways
7789,9732,1005,1687,dry_bulk,gives_up,free,0.12351305516263533,191.04296142330028,waterways
7789,9733,1005,1687,dry_bulk,gives_up,free,0.12351305516263533,191.04296142330028,waterways
7789,9734,1005,1687,dry_bulk,gives_up,free,0.12351305516263533,191.04296142330028,waterways
7789,9736,1005,1687,dry_bulk,gives_up,free,0.12351305516263533,191.04296142330028,waterways
7789,9738,1005,1687,dry_bulk,gives_up,free,0.12351305516263533,191.04296142330028,waterways
7789,9741,1005,1687,dry_bulk,gives_up,free,0.12351305516263533,191.04296142330028,waterways
7789,9742,1005,1687,dry_bulk,gives_up,free,0.12351305516263533,191.04296142330028,waterways
7789,9743,1005,2130,dry_bulk,gives_up,free,0.10795532374895922,190.2179672172648,waterways
7789,9746,1005,1601,dry_bulk,gives_up,free,0.11244155882262197,190.2179672172648,waterways
7789,9748,1005,1687,dry_bulk,gives_up,free,0.12351305516263533,191.04296142330028,waterways
7789,9751,1005,1687,dry_bulk,gives_up,free,0.12351305516263533,191.04296142330028,waterways
7789,9752,1005,1687,dry_bulk,gives_up,free,0.12351305516263533,191.04296142330028,waterways
7789,9753,1005,1687,dry_bulk,gives_up,free,0.12351305516263533,191.04296142330028,waterways
7789,9755,1005,1687,dry_bulk,gives_up,free,0.12351305516263533,191.04296142330028,waterways
7789,9756,1005,1687,dry_bulk,gives_up,free,0.12351305516263533,191.04296142330028,waterways
7789,9758,1005,1601,dry_bulk,gives_up,free,0.11244155882262197,190.2179672172648,waterways
7789,9759,1005,1601,dry_bulk,gives_up,free,0.11244155882262197,190.2179672172648,waterways
7789,9764,1005,1687,dry_bulk,gives_up,free,0.12351305516263533,191.04296142330028,waterways
7789,9765,1005,1687,dry_bulk,gives_up,free,0.12351305516263533,191.04296142330028,waterways
7789,9766,1005,1687,dry_bulk,gives_up,free,0.12351305516263533,191.04296142330028,waterways
7789,9767,1005,1687,dry_bulk,gives_up,free,0.12351305516263533,191.04296142330028,waterways
7789,9768,1005,1687,dry_bulk,gives_up,free,0.12351305516263533,191.04296142330028,waterways
7789,9771,1005,1687,dry_bulk,gives_up,free,0.12351305516263533,191.04296142330028,waterways
7789,9774,1005,1687,dry_bulk,gives_up,free,0.12351305516263533,191.04296142330028,waterways
7789,9775,1005,1687,dry_bulk,gives_up,free,0.12351305516263533,191.04296142330028,waterways
7789,9779,1005,1606,dry_bulk,gives_up,free,0.06678824981579523,190.2179672172648,waterways
7789,9781,1005,2154,dry_bulk,gives_up,free,0.10819732161617246,201.50374953429088,waterways
7789,9783,1005,2130,dry_bulk,gives_up,free,0.10795532374895922,190.2179672172648,waterways
7789,9784,1005,698,dry_bulk,gives_up,free,0.10365534273363397,211.52532673925978,waterways
7789,9788,1005,2116,dry_bulk,gives_up,free,0.05145730530314507,206.94895310338507,waterways
7789,9789,1005,1601,dry_bulk,gives_up,free,0.11244155882262197,190.2179672172648,waterways
7789,9791,1005,2130,dry_bulk,gives_up,free,0.10795532374895922,190.2179672172648,waterways
7789,9797,1005,1687,dry_bulk,gives_up,free,0.12351305516263533,191.04296142330028,waterways
7789,9798,1005,1688,dry_bulk,gives_up,free,0.1236171200835896,190.2179672172648,waterways
7789,9800,1005,2259,dry_bulk,gives_up,free,0.10703034320764515,212.30454514714648,waterways
7789,9802,1005,1687,dry_bulk,gives_up,free,0.12351305516263533,191.04296142330028,waterways
7789,9803,1005,2130,dry_bulk,gives_up,free,0.10795532374895922,190.2179672172648,waterways
7789,9806,1005,1687,dry_bulk,gives_up,free,0.12351305516263533,191.04296142330028,waterways
7789,9807,1005,1446,dry_bulk,gives_up,free,0.06190299472724203,241.9770138891228,waterways
7789,9880,1005,2128,dry_bulk,gives_up,free,0.10713069848348855,199.41434969883053,waterways
7789,9883,1005,2227,dry_bulk,gives_up,free,0.091513550316354,224.42320506267353,waterways
7789,9994,1005,1602,dry_bulk,gives_up,free,0.10600104181187975,190.2179672172648,waterways
7789,9995,1005,998,dry_bulk,delivers_same,same,0.37226675508878193,259.4864810597245,waterways
7789,9997,1005,111,dry_bulk,gives_up,free,0.08442546768219672,214.48467169136262,waterways
7789,9998,1005,140,dry_bulk,gives_up,free,0.11726325543087213,190.2179672172648,waterways
7789,9999,1005,1687,dry_bulk,gives_up,free,0.12351305516263533,191.04296142330028,waterways
7789,10000,1005,2228,dry_bulk,gives_up,free,0.10546116229103997,190.2179672172648,waterways
7789,10003,1005,1606,dry_bulk,gives_up,free,0.06678824981579523,190.2179672172648,waterways
7789,10197,1005,1446,dry_bulk,gives_up,free,0.06190299472724203,241.9770138891228,waterways
7789,10199,1005,998,dry_bulk,delivers_same,same,0.37226675508878193,259.4864810597245,waterways
7789,10200,1005,562,dry_bulk,gives_up,free,0.09890064331198523,209.99023490043436,waterways
7789,10201,1005,111,dry_bulk,gives_up,free,0.08442546768219672,214.48467169136262,waterways
7789,10202,1005,140,dry_bulk,gives_up,free,0.11726325543087213,190.2179672172648,waterways
7789,10203,1005,1687,dry_bulk,gives_up,free,0.12351305516263533,191.04296142330028,waterways
7789,10204,1005,2228,dry_bulk,gives_up,free,0.10546116229103997,190.2179672172648,waterways
7789,10205,1005,852,dry_bulk,gives_up,free,0.10482703366403023,200.5615371803577,waterways
7789,10208,1005,319,dry_bulk,gives_up,free,0.007902547680093353,190.2179672172648,waterways
12831,hh_114,1739,346,liquid_bulk,gives_up,free,0.03782446553124941,175.88904201130416,waterways
12831,2736,1739,1450,liquid_bulk,gives_up,free,0.07813893233552638,2.6949360262094904,waterways
12831,2741,1739,585,liquid_bulk,gives_up,free,0.09456081896142865,2.6949360262094904,waterways
8498,9689,868,1601,dry_bulk,delivers_free,free,0.015282307795502659,45.93087207652539,railways+waterways
8498,9690,868,1601,dry_bulk,delivers_free,free,0.015282307795502659,45.93087207652539,railways+waterways
8498,9691,868,1601,dry_bulk,delivers_free,free,0.015282307795502659,45.93087207652539,railways+waterways
8498,9692,868,1601,dry_bulk,delivers_free,free,0.015282307795502659,45.93087207652539,railways+waterways
8498,9695,868,1525,dry_bulk,delivers_same,same,0.061700937154397284,45.93087207652539,railways+waterways
8498,9707,868,1601,dry_bulk,delivers_free,free,0.015282307795502659,45.93087207652539,railways+waterways
8498,9711,868,1601,dry_bulk,delivers_free,free,0.015282307795502659,45.93087207652539,railways+waterways
8498,9712,868,1601,dry_bulk,delivers_free,free,0.015282307795502659,45.93087207652539,railways+waterways
8498,9722,868,1687,dry_bulk,delivers_same,same,0.08650337649545725,46.75586628256087,railways+waterways
8498,9727,868,1687,dry_bulk,delivers_same,same,0.08650337649545725,46.75586628256087,railways+waterways
8498,9729,868,1687,dry_bulk,delivers_same,same,0.08650337649545725,46.75586628256087,railways+waterways
8498,9730,868,1687,dry_bulk,delivers_same,same,0.08650337649545725,46.75586628256087,railways+waterways
8498,9731,868,1687,dry_bulk,delivers_same,same,0.08650337649545725,46.75586628256087,railways+waterways
8498,9740,868,1687,dry_bulk,delivers_same,same,0.08650337649545725,46.75586628256087,railways+waterways
8498,9744,868,1324,dry_bulk,delivers_same,same,0.06157076161504382,47.82588014964149,railways+waterways
8498,9746,868,1601,dry_bulk,delivers_free,free,0.015282307795502659,45.93087207652539,railways+waterways
8498,9752,868,1687,dry_bulk,delivers_same,same,0.08650337649545725,46.75586628256087,railways+waterways
8498,9753,868,1687,dry_bulk,delivers_same,same,0.08650337649545725,46.75586628256087,railways+waterways
8498,9755,868,1687,dry_bulk,delivers_same,same,0.08650337649545725,46.75586628256087,railways+waterways
8498,9757,868,1687,dry_bulk,delivers_same,same,0.08650337649545725,46.75586628256087,railways+waterways
8498,9759,868,1601,dry_bulk,delivers_free,free,0.015282307795502659,45.93087207652539,railways+waterways
8498,9764,868,1687,dry_bulk,delivers_same,same,0.08650337649545725,46.75586628256087,railways+waterways
8498,9766,868,1687,dry_bulk,delivers_same,same,0.08650337649545725,46.75586628256087,railways+waterways
8498,9767,868,1687,dry_bulk,delivers_same,same,0.08650337649545725,46.75586628256087,railways+waterways
8498,9772,868,1687,dry_bulk,delivers_same,same,0.08650337649545725,46.75586628256087,railways+waterways
8498,9775,868,1687,dry_bulk,delivers_same,same,0.08650337649545725,46.75586628256087,railways+waterways
8498,9777,868,1687,dry_bulk,delivers_same,same,0.08650337649545725,46.75586628256087,railways+waterways
8498,9782,868,2130,dry_bulk,delivers_free,free,0.010078008447564235,45.93087207652539,railways+waterways
8498,9785,868,2130,dry_bulk,delivers_free,free,0.010078008447564235,45.93087207652539,railways+waterways
8498,9787,868,1324,dry_bulk,delivers_same,same,0.06157076161504382,47.82588014964149,railways+waterways
8498,9797,868,1687,dry_bulk,delivers_same,same,0.08650337649545725,46.75586628256087,railways+waterways
8498,9806,868,1687,dry_bulk,delivers_same,same,0.08650337649545725,46.75586628256087,railways+waterways
8498,9821,868,1602,dry_bulk,delivers_free,free,0.0069863426755096825,45.93087207652539,railways+waterways
8498,9825,868,140,dry_bulk,delivers_free,free,0.018298050307858693,45.93087207652539,railways+waterways
8498,10198,868,1602,dry_bulk,delivers_free,free,0.0069863426755096825,45.93087207652539,railways+waterways
8498,10203,868,1687,dry_bulk,delivers_same,same,0.08650337649545725,46.75586628256087,railways+waterways
MEA,2121,6445,699,dry_bulk,gives_up,free,0.011327491830822378,0.10106237396258157,maritime+waterways
MEA,2124,6445,1728,dry_bulk,delivers_same,same,0.09113352353109594,91.96647030167068,maritime+waterways
MEA,2126,6445,1553,dry_bulk,gives_up,free,0.10444862072318228,0.0,maritime+waterways
MEA,2127,6445,1552,dry_bulk,gives_up,free,0.09944463478809973,25.670068688816244,maritime+waterways
MEA,2128,6445,1272,dry_bulk,gives_up,free,0.0969585467083034,9.117745372228498,maritime+waterways
MEA,2129,6445,1552,dry_bulk,gives_up,free,0.09944463478809973,25.670068688816244,maritime+waterways
MEA,2130,6445,699,dry_bulk,gives_up,free,0.011327491830822378,0.10106237396258157,maritime+waterways
MEA,2132,6445,1728,dry_bulk,delivers_same,same,0.09113352353109594,91.96647030167068,maritime+waterways
MEA,2133,6445,699,dry_bulk,gives_up,free,0.011327491830822378,0.10106237396258157,maritime+waterways
MEA,2134,6445,281,dry_bulk,gives_up,free,0.08229386732042143,1.8419286483586,maritime+waterways
MEA,2135,6445,891,dry_bulk,gives_up,free,0.13689361636476516,3.0717279783022433,maritime+waterways
MEA,2210,6445,1322,dry_bulk,gives_up,free,0.03197043620910023,0.0,maritime+waterways
MEA,2211,6445,928,dry_bulk,gives_up,free,0.027220075400543164,7.368734645267233,maritime+waterways
MEA,2213,6445,1109,dry_bulk,gives_up,free,0.09583484342399973,24.289232740958152,maritime+waterways
MEA,2220,6445,285,dry_bulk,gives_up,free,0.04954926440391971,16.05814531736965,maritime+waterways
MEA,2222,6445,1322,dry_bulk,gives_up,free,0.03197043620910023,0.0,maritime+waterways
MEA,2223,6445,285,dry_bulk,gives_up,free,0.04954926440391971,16.05814531736965,maritime+waterways
MEA,2310,6445,1306,dry_bulk,gives_up,free,0.14711567113102397,0.0,maritime+waterways
MEA,2311,6445,741,dry_bulk,gives_up,free,0.07020556325746297,77.61936980158896,maritime+waterways
MEA,2312,6445,841,dry_bulk,gives_up,free,0.06965978758650948,85.0020292522239,maritime+waterways
MEA,2313,6445,841,dry_bulk,gives_up,free,0.06965978758650948,85.0020292522239,maritime+waterways
MEA,2314,6445,500,dry_bulk,gives_up,free,0.0724702631023113,48.173009512997936,maritime+waterways
MEA,2315,6445,1307,dry_bulk,gives_up,free,0.1547089400749928,0.0,maritime+waterways
MEA,2316,6445,1109,dry_bulk,gives_up,free,0.09583484342399973,24.289232740958152,maritime+waterways
MEA,2317,6445,841,dry_bulk,gives_up,free,0.06965978758650948,85.0020292522239,maritime+waterways
MEA,2318,6445,1109,dry_bulk,gives_up,free,0.09583484342399973,24.289232740958152,maritime+waterways
MEA,2351,6445,1469,dry_bulk,gives_up,free,0.14193370872127864,0.7027253406243322,maritime+waterways
MEA,2354,6445,612,dry_bulk,gives_up,free,0.12185110335755023,0.0,maritime+waterways
MEA,2355,6445,611,dry_bulk,gives_up,free,0.11988760778055663,13.439123510952633,maritime+waterways
MEA,2356,6445,1449,dry_bulk,gives_up,free,0.13042964711195326,6.972714920667505,maritime+waterways
MEA,2357,6445,1617,dry_bulk,gives_up,free,0.13525127105781443,2.3338410525331055,maritime+waterways
MEA,2358,6445,1306,dry_bulk,gives_up,free,0.14711567113102397,0.0,maritime+waterways
MEA,2359,6445,780,dry_bulk,gives_up,free,0.129140452204618,0.0,maritime+waterways
MEA,2360,6445,601,dry_bulk,gives_up,free,0.14288252381982347,17.375661593886708,maritime+waterways
MEA,2362,6445,889,dry_bulk,gives_up,free,0.13616274277056362,0.0,maritime+waterways
MEA,2363,6445,197,dry_bulk,gives_up,free,0.06493477156883842,51.77970370458033,maritime+waterways
MEA,2364,6445,197,dry_bulk,gives_up,free,0.06493477156883842,51.77970370458033,maritime+waterways
MEA,2365,6445,197,dry_bulk,gives_up,free,0.06493477156883842,51.77970370458033,maritime+waterways
MEA,2366,6445,889,dry_bulk,gives_up,free,0.13616274277056362,0.0,maritime+waterways
MEA,2367,6445,862,dry_bulk,gives_up,free,0.062061716031353464,91.90474031566728,maritime+waterways
MEA,2368,6445,862,dry_bulk,gives_up,free,0.062061716031353464,91.90474031566728,maritime+waterways
MEA,2370,6445,1540,dry_bulk,gives_up,free,0.01101253534003832,133.98764143575337,maritime+waterways
MEA,2371,6445,1540,dry_bulk,gives_up,free,0.01101253534003832,133.98764143575337,maritime+waterways
MEA,2387,6445,928,dry_bulk,gives_up,free,0.027220075400543164,7.368734645267233,maritime+waterways
MEA,2396,6445,741,dry_bulk,gives_up,free,0.07020556325746297,77.61936980158896,maritime+waterways
MEA,2402,6445,1469,dry_bulk,gives_up,free,0.14193370872127864,0.7027253406243322,maritime+waterways
MEA,2403,6445,197,dry_bulk,gives_up,free,0.06493477156883842,51.77970370458033,maritime+waterways
MEA,2417,6445,1729,dry_bulk,delivers_same,same,0.1434392011879262,70.0171579190455,maritime+waterways
MEA,2425,6445,928,liquid_bulk,gives_up,free,0.2459641719870822,7.368734645267233,maritime+waterways
MEA,2426,6445,1433,liquid_bulk,gives_up,free,0.18532437014892822,2.2992221798506205,maritime+waterways
MEA,2427,6445,710,liquid_bulk,gives_up,free,0.13640497891448788,18.462776185723687,maritime+waterways
MEA,2434,6445,741,liquid_bulk,gives_up,free,0.09010769206323976,77.61936980158896,maritime+waterways
MEA,2440,6445,1469,liquid_bulk,gives_up,free,0.13336330354784542,0.7027253406243322,maritime+waterways
MEA,2441,6445,197,liquid_bulk,gives_up,free,0.10778320863560031,51.77970370458033,maritime+waterways
MEA,2455,6445,1729,liquid_bulk,delivers_same,same,0.27580756960918884,70.0171579190455,maritime+waterways
MEA,2517,6445,928,dry_bulk,gives_up,free,0.027220075400543164,7.368734645267233,maritime+waterways
MEA,2526,6445,741,dry_bulk,gives_up,free,0.07020556325746297,77.61936980158896,maritime+waterways
MEA,2532,6445,1469,dry_bulk,gives_up,free,0.14193370872127864,0.7027253406243322,maritime+waterways
MEA,2533,6445,197,dry_bulk,gives_up,free,0.06493477156883842,51.77970370458033,maritime+waterways
MEA,2547,6445,1729,dry_bulk,delivers_same,same,0.1434392011879262,70.0171579190455,maritime+waterways
MEA,2555,6445,928,dry_bulk,gives_up,free,0.027220075400543164,7.368734645267233,maritime+waterways
MEA,2564,6445,741,dry_bulk,gives_up,free,0.07020556325746297,77.61936980158896,maritime+waterways
MEA,2570,6445,1469,dry_bulk,gives_up,free,0.14193370872127864,0.7027253406243322,maritime+waterways
MEA,2571,6445,197,dry_bulk,gives_up,free,0.06493477156883842,51.77970370458033,maritime+waterways
MEA,2585,6445,1729,dry_bulk,delivers_same,same,0.1434392011879262,70.0171579190455,maritime+waterways
MEA,2593,6445,928,dry_bulk,gives_up,free,0.027220075400543164,7.368734645267233,maritime+waterways
MEA,2602,6445,741,dry_bulk,gives_up,free,0.07020556325746297,77.61936980158896,maritime+waterways
MEA,2608,6445,1469,dry_bulk,gives_up,free,0.14193370872127864,0.7027253406243322,maritime+waterways
MEA,2609,6445,197,dry_bulk,gives_up,free,0.06493477156883842,51.77970370458033,maritime+waterways
MEA,2623,6445,1729,dry_bulk,delivers_same,same,0.1434392011879262,70.0171579190455,maritime+waterways
MEA,2669,6445,928,dry_bulk,gives_up,free,0.027220075400543164,7.368734645267233,maritime+waterways
MEA,2678,6445,741,dry_bulk,gives_up,free,0.07020556325746297,77.61936980158896,maritime+waterways
MEA,2684,6445,1469,dry_bulk,gives_up,free,0.14193370872127864,0.7027253406243322,maritime+waterways
MEA,2685,6445,197,dry_bulk,gives_up,free,0.06493477156883842,51.77970370458033,maritime+waterways
MEA,2699,6445,1729,dry_bulk,delivers_same,same,0.1434392011879262,70.0171579190455,maritime+waterways
MEA,2735,6445,1272,dry_bulk,gives_up,free,0.0969585467083034,9.117745372228498,maritime+waterways
MEA,2738,6445,1272,dry_bulk,gives_up,free,0.0969585467083034,9.117745372228498,maritime+waterways
MEA,2742,6445,1272,dry_bulk,gives_up,free,0.0969585467083034,9.117745372228498,maritime+waterways
MEA,2826,6445,1552,dry_bulk,gives_up,free,0.09944463478809973,25.670068688816244,maritime+waterways
MEA,2828,6445,1447,dry_bulk,gives_up,free,0.14502239025515018,0.0,maritime+waterways
MEA,2840,6445,285,dry_bulk,gives_up,free,0.04954926440391971,16.05814531736965,maritime+waterways
MEA,2843,6445,1307,dry_bulk,gives_up,free,0.1547089400749928,0.0,maritime+waterways
MEA,2846,6445,1448,dry_bulk,gives_up,free,0.14899447567064183,0.0,maritime+waterways
MEA,2856,6445,1322,dry_bulk,gives_up,free,0.03197043620910023,0.0,maritime+waterways
MEA,2863,6445,1109,dry_bulk,gives_up,free,0.09583484342399973,24.289232740958152,maritime+waterways
MEA,2869,6445,740,dry_bulk,gives_up,free,0.02102192877021558,129.28778134010452,maritime+waterways
MEA,2872,6445,283,dry_bulk,gives_up,free,0.06001927471547264,0.0,maritime+waterways
MEA,2873,6445,282,dry_bulk,gives_up,free,0.08247578708505832,0.0,maritime+waterways
MEA,3203,6445,928,dry_bulk,gives_up,free,0.027220075400543164,7.368734645267233,maritime+waterways
MEA,3212,6445,741,dry_bulk,gives_up,free,0.07020556325746297,77.61936980158896,maritime+waterways
MEA,3218,6445,1469,dry_bulk,gives_up,free,0.14193370872127864,0.7027253406243322,maritime+waterways
MEA,3219,6445,197,dry_bulk,gives_up,free,0.06493477156883842,51.77970370458033,maritime+waterways
MEA,3233,6445,1729,dry_bulk,delivers_same,same,0.1434392011879262,70.0171579190455,maritime+waterways
MEA,5609,6445,797,liquid_bulk,gives_up,free,0.12914464797253533,14.014913482462283,maritime+waterways
MEA,5671,6445,733,liquid_bulk,gives_up,free,0.12817280918483998,17.702405438601108,maritime+waterways
MEA,5698,6445,733,liquid_bulk,gives_up,free,0.12817280918483998,17.702405438601108,maritime+waterways
MEA,5779,6445,733,liquid_bulk,gives_up,free,0.12817280918483998,17.702405438601108,maritime+waterways
MEA,5914,6445,733,liquid_bulk,gives_up,free,0.12817280918483998,17.702405438601108,maritime+waterways
MEA,6297,6445,733,liquid_bulk,gives_up,free,0.12817280918483998,17.702405438601108,maritime+waterways
MEA,6320,6445,733,liquid_bulk,gives_up,free,0.12817280918483998,17.702405438601108,maritime+waterways
MEA,6374,6445,733,liquid_bulk,gives_up,free,0.12817280918483998,17.702405438601108,maritime+waterways
MEA,6401,6445,733,liquid_bulk,gives_up,free,0.12817280918483998,17.702405438601108,maritime+waterways
MEA,6428,6445,733,liquid_bulk,gives_up,free,0.12817280918483998,17.702405438601108,maritime+waterways
MEA,6455,6445,733,liquid_bulk,gives_up,free,0.12817280918483998,17.702405438601108,maritime+waterways
MEA,6509,6445,733,liquid_bulk,gives_up,free,0.12817280918483998,17.702405438601108,maritime+waterways
MEA,6752,6445,733,liquid_bulk,gives_up,free,0.12817280918483998,17.702405438601108,maritime+waterways
MEA,6779,6445,733,liquid_bulk,gives_up,free,0.12817280918483998,17.702405438601108,maritime+waterways
MEA,6860,6445,733,liquid_bulk,gives_up,free,0.12817280918483998,17.702405438601108,maritime+waterways
12922,hh_220,560,741,dry_bulk,gives_up,free,0.09137261785060335,90.04853456388925,maritime+waterways
12922,hh_226,560,1469,dry_bulk,gives_up,free,0.1326621225584126,13.131890102924624,maritime+waterways
9664,85,1384,1158,dry_bulk,delivers_same,same,0.4945350658199783,113.65413768238047,waterways
9664,7524,1384,1271,dry_bulk,delivers_same,same,0.36558072039180955,228.72045308099803,waterways
9676,hh_61,319,1318,dry_bulk,gives_up,free,0.055420641296735296,427.1642914532611,waterways
9676,hh_68,319,295,dry_bulk,delivers_free,free,0.06140240316609402,86.2982105557009,railways+waterways
9676,hh_136,319,1719,dry_bulk,gives_up,free,0.08054797827428706,49.19090747415605,waterways
9676,hh_137,319,2089,dry_bulk,gives_up,free,0.08135691963161107,40.21893388459402,waterways
9676,hh_138,319,1006,dry_bulk,gives_up,free,0.05355887169261275,55.90361274655484,waterways
9676,hh_139,319,1005,dry_bulk,gives_up,free,0.007902547680093797,190.2179672172648,waterways
9676,hh_140,319,1051,dry_bulk,gives_up,free,0.07943168581923055,0.0,waterways
9676,hh_141,319,385,dry_bulk,gives_up,free,0.0703080824607587,180.60917220208472,waterways
9676,hh_142,319,1135,dry_bulk,gives_up,free,0.06781749992149466,218.57334996273667,waterways
9676,hh_143,319,594,dry_bulk,gives_up,free,0.0724956698898036,99.12353481778077,waterways
9676,hh_150,319,643,dry_bulk,gives_up,free,0.008030857830984672,174.7559421330397,waterways
9676,hh_151,319,820,dry_bulk,gives_up,free,0.0654102271841619,15.271361365704378,waterways
9676,hh_152,319,1158,dry_bulk,gives_up,free,0.08798215527579023,3.7288462901362767,waterways
9676,35,319,643,dry_bulk,gives_up,free,0.008030857830984672,174.7559421330397,waterways
9676,36,319,820,dry_bulk,gives_up,free,0.0654102271841619,15.271361365704378,waterways
9676,101,319,643,dry_bulk,gives_up,free,0.008030857830984672,174.7559421330397,waterways
9676,102,319,820,dry_bulk,gives_up,free,0.0654102271841619,15.271361365704378,waterways
9676,7756,319,2089,dry_bulk,gives_up,free,0.08135691963161107,40.21893388459402,waterways
9676,7757,319,1006,dry_bulk,gives_up,free,0.05355887169261275,55.90361274655484,waterways
9676,7758,319,1005,dry_bulk,gives_up,free,0.007902547680093797,190.2179672172648,waterways
9676,7810,319,1719,dry_bulk,gives_up,free,0.08054797827428706,49.19090747415605,waterways
9676,7812,319,1006,dry_bulk,gives_up,free,0.05355887169261275,55.90361274655484,waterways
9676,7817,319,594,dry_bulk,gives_up,free,0.0724956698898036,99.12353481778077,waterways
9676,11664,319,1318,dry_bulk,gives_up,free,0.055420641296735296,427.1642914532611,waterways
9676,11734,319,1318,dry_bulk,gives_up,free,0.055420641296735296,427.1642914532611,waterways
9831,7786,319,1719,dry_bulk,gives_up,free,0.08054797827428706,49.19090747415605,waterways
9831,7788,319,1006,dry_bulk,gives_up,free,0.05355887169261275,55.90361274655484,waterways
9831,7790,319,1051,dry_bulk,gives_up,free,0.07943168581923055,0.0,waterways
9831,11709,319,295,dry_bulk,delivers_free,free,0.06140240316609402,86.2982105557009,railways+waterways
NOR,hh_211,2506,928,dry_bulk,gives_up,free,0.27482875281885955,7.368734645267233,maritime+waterways
NOR,hh_212,2506,1433,dry_bulk,gives_up,free,0.18348612356065908,51.596488346624774,maritime+waterways
NOR,hh_213,2506,710,dry_bulk,gives_up,free,0.20660177857418582,18.462776185723687,maritime+waterways
NOR,hh_214,2506,749,dry_bulk,gives_up,free,0.10947582091258812,195.51886474113883,maritime+waterways
NOR,hh_215,2506,938,dry_bulk,delivers_same,same,0.03350577683981659,0.0,maritime+railways+waterways
NOR,hh_216,2506,461,dry_bulk,gives_up,free,0.1162547626086543,0.0,maritime+waterways
NOR,hh_217,2506,445,dry_bulk,gives_up,free,0.02827210890876164,92.88539843237076,maritime+waterways
NOR,hh_219,2506,1270,dry_bulk,gives_up,free,0.09102623440789515,0.0,maritime+waterways
NOR,hh_220,2506,741,dry_bulk,gives_up,free,0.12925482502633323,77.61936980158896,maritime+waterways
NOR,hh_221,2506,1153,dry_bulk,gives_up,free,0.17007944295813138,131.8372137865686,maritime+waterways
NOR,hh_226,2506,1469,dry_bulk,gives_up,free,0.19277522202512642,0.7027253406243322,maritime+waterways
NOR,hh_227,2506,197,dry_bulk,gives_up,free,0.0651418659491465,51.77970370458033,maritime+waterways
NOR,hh_241,2506,1729,dry_bulk,delivers_same,same,0.19056149389931565,70.0171579190455,maritime+waterways
NOR,1268,2506,793,dry_bulk,gives_up,free,0.15029748326623404,235.65254492486844,maritime+waterways
NOR,1269,2506,2311,dry_bulk,gives_up,free,0.22733545732531968,92.54060835346725,maritime+waterways
NOR,1270,2506,2335,dry_bulk,gives_up,free,0.23905178733270138,53.962181385988394,maritime+waterways
NOR,1271,2506,2347,dry_bulk,gives_up,free,0.22955900243069705,84.91636886507443,maritime+waterways
NOR,1272,2506,2324,dry_bulk,gives_up,free,0.1854291436787876,177.55179105341074,maritime+waterways
NOR,1273,2506,2312,dry_bulk,gives_up,free,0.22539261918403986,99.32548326571344,maritime+waterways
NOR,1274,2506,469,dry_bulk,delivers_free,free,0.048219305004637336,226.2836077669077,maritime+waterways
NOR,1331,2506,2305,dry_bulk,gives_up,free,0.2278901037495611,90.62487232839729,maritime+waterways
NOR,2387,2506,928,dry_bulk,gives_up,free,0.27482875281885955,7.368734645267233,maritime+waterways
NOR,2388,2506,1433,dry_bulk,gives_up,free,0.18348612356065908,51.596488346624774,maritime+waterways
NOR,2389,2506,710,dry_bulk,gives_up,free,0.20660177857418582,18.462776185723687,maritime+waterways
NOR,2390,2506,749,dry_bulk,gives_up,free,0.10947582091258812,195.51886474113883,maritime+waterways
NOR,2391,2506,938,dry_bulk,delivers_same,same,0.03350577683981659,0.0,maritime+railways+waterways
NOR,2392,2506,461,dry_bulk,gives_up,free,0.1162547626086543,0.0,maritime+waterways
NOR,2393,2506,445,dry_bulk,gives_up,free,0.02827210890876164,92.88539843237076,maritime+waterways
NOR,2395,2506,1270,dry_bulk,gives_up,free,0.09102623440789515,0.0,maritime+waterways
NOR,2396,2506,741,dry_bulk,gives_up,free,0.12925482502633323,77.61936980158896,maritime+waterways
NOR,2397,2506,1153,dry_bulk,gives_up,free,0.17007944295813138,131.8372137865686,maritime+waterways
NOR,2402,2506,1469,dry_bulk,gives_up,free,0.19277522202512642,0.7027253406243322,maritime+waterways
NOR,2403,2506,197,dry_bulk,gives_up,free,0.0651418659491465,51.77970370458033,maritime+waterways
NOR,2417,2506,1729,dry_bulk,delivers_same,same,0.19056149389931565,70.0171579190455,maritime+waterways
NOR,2425,2506,928,dry_bulk,gives_up,free,0.27482875281885955,7.368734645267233,maritime+waterways
NOR,2426,2506,1433,dry_bulk,gives_up,free,0.18348612356065908,51.596488346624774,maritime+waterways
NOR,2427,2506,710,dry_bulk,gives_up,free,0.20660177857418582,18.462776185723687,maritime+waterways
NOR,2428,2506,749,dry_bulk,gives_up,free,0.10947582091258812,195.51886474113883,maritime+waterways
NOR,2429,2506,938,dry_bulk,delivers_same,same,0.03350577683981659,0.0,maritime+railways+waterways
NOR,2430,2506,461,dry_bulk,gives_up,free,0.1162547626086543,0.0,maritime+waterways
NOR,2431,2506,445,dry_bulk,gives_up,free,0.02827210890876164,92.88539843237076,maritime+waterways
NOR,2433,2506,1270,dry_bulk,gives_up,free,0.09102623440789515,0.0,maritime+waterways
NOR,2434,2506,741,dry_bulk,gives_up,free,0.12925482502633323,77.61936980158896,maritime+waterways
NOR,2435,2506,1153,dry_bulk,gives_up,free,0.17007944295813138,131.8372137865686,maritime+waterways
NOR,2440,2506,1469,dry_bulk,gives_up,free,0.19277522202512642,0.7027253406243322,maritime+waterways
NOR,2441,2506,197,dry_bulk,gives_up,free,0.0651418659491465,51.77970370458033,maritime+waterways
NOR,2455,2506,1729,dry_bulk,delivers_same,same,0.19056149389931565,70.0171579190455,maritime+waterways
NOR,2517,2506,928,dry_bulk,gives_up,free,0.27482875281885955,7.368734645267233,maritime+waterways
NOR,2518,2506,1433,dry_bulk,gives_up,free,0.18348612356065908,51.596488346624774,maritime+waterways
NOR,2519,2506,710,dry_bulk,gives_up,free,0.20660177857418582,18.462776185723687,maritime+waterways
NOR,2520,2506,749,dry_bulk,gives_up,free,0.10947582091258812,195.51886474113883,maritime+waterways
NOR,2521,2506,938,dry_bulk,delivers_same,same,0.03350577683981659,0.0,maritime+railways+waterways
NOR,2522,2506,461,dry_bulk,gives_up,free,0.1162547626086543,0.0,maritime+waterways
NOR,2523,2506,445,dry_bulk,gives_up,free,0.02827210890876164,92.88539843237076,maritime+waterways
NOR,2525,2506,1270,dry_bulk,gives_up,free,0.09102623440789515,0.0,maritime+waterways
NOR,2526,2506,741,dry_bulk,gives_up,free,0.12925482502633323,77.61936980158896,maritime+waterways
NOR,2527,2506,1153,dry_bulk,gives_up,free,0.17007944295813138,131.8372137865686,maritime+waterways
NOR,2532,2506,1469,dry_bulk,gives_up,free,0.19277522202512642,0.7027253406243322,maritime+waterways
NOR,2533,2506,197,dry_bulk,gives_up,free,0.0651418659491465,51.77970370458033,maritime+waterways
NOR,2547,2506,1729,dry_bulk,delivers_same,same,0.19056149389931565,70.0171579190455,maritime+waterways
NOR,2555,2506,928,dry_bulk,gives_up,free,0.27482875281885955,7.368734645267233,maritime+waterways
NOR,2556,2506,1433,dry_bulk,gives_up,free,0.18348612356065908,51.596488346624774,maritime+waterways
NOR,2557,2506,710,dry_bulk,gives_up,free,0.20660177857418582,18.462776185723687,maritime+waterways
NOR,2558,2506,749,dry_bulk,gives_up,free,0.10947582091258812,195.51886474113883,maritime+waterways
NOR,2559,2506,938,dry_bulk,delivers_same,same,0.03350577683981659,0.0,maritime+railways+waterways
NOR,2560,2506,461,dry_bulk,gives_up,free,0.1162547626086543,0.0,maritime+waterways
NOR,2561,2506,445,dry_bulk,gives_up,free,0.02827210890876164,92.88539843237076,maritime+waterways
NOR,2563,2506,1270,dry_bulk,gives_up,free,0.09102623440789515,0.0,maritime+waterways
NOR,2564,2506,741,dry_bulk,gives_up,free,0.12925482502633323,77.61936980158896,maritime+waterways
NOR,2565,2506,1153,dry_bulk,gives_up,free,0.17007944295813138,131.8372137865686,maritime+waterways
NOR,2570,2506,1469,dry_bulk,gives_up,free,0.19277522202512642,0.7027253406243322,maritime+waterways
NOR,2571,2506,197,dry_bulk,gives_up,free,0.0651418659491465,51.77970370458033,maritime+waterways
NOR,2585,2506,1729,dry_bulk,delivers_same,same,0.19056149389931565,70.0171579190455,maritime+waterways
NOR,2593,2506,928,dry_bulk,gives_up,free,0.27482875281885955,7.368734645267233,maritime+waterways
NOR,2594,2506,1433,dry_bulk,gives_up,free,0.18348612356065908,51.596488346624774,maritime+waterways
NOR,2595,2506,710,dry_bulk,gives_up,free,0.20660177857418582,18.462776185723687,maritime+waterways
NOR,2596,2506,749,dry_bulk,gives_up,free,0.10947582091258812,195.51886474113883,maritime+waterways
NOR,2597,2506,938,dry_bulk,delivers_same,same,0.03350577683981659,0.0,maritime+railways+waterways
NOR,2598,2506,461,dry_bulk,gives_up,free,0.1162547626086543,0.0,maritime+waterways
NOR,2599,2506,445,dry_bulk,gives_up,free,0.02827210890876164,92.88539843237076,maritime+waterways
NOR,2601,2506,1270,dry_bulk,gives_up,free,0.09102623440789515,0.0,maritime+waterways
NOR,2602,2506,741,dry_bulk,gives_up,free,0.12925482502633323,77.61936980158896,maritime+waterways
NOR,2603,2506,1153,dry_bulk,gives_up,free,0.17007944295813138,131.8372137865686,maritime+waterways
NOR,2608,2506,1469,dry_bulk,gives_up,free,0.19277522202512642,0.7027253406243322,maritime+waterways
NOR,2609,2506,197,dry_bulk,gives_up,free,0.0651418659491465,51.77970370458033,maritime+waterways
NOR,2623,2506,1729,dry_bulk,delivers_same,same,0.19056149389931565,70.0171579190455,maritime+waterways
NOR,2669,2506,928,dry_bulk,gives_up,free,0.27482875281885955,7.368734645267233,maritime+waterways
NOR,2670,2506,1433,dry_bulk,gives_up,free,0.18348612356065908,51.596488346624774,maritime+waterways
NOR,2671,2506,710,dry_bulk,gives_up,free,0.20660177857418582,18.462776185723687,maritime+waterways
NOR,2672,2506,749,dry_bulk,gives_up,free,0.10947582091258812,195.51886474113883,maritime+waterways
NOR,2673,2506,938,dry_bulk,delivers_same,same,0.03350577683981659,0.0,maritime+railways+waterways
NOR,2674,2506,461,dry_bulk,gives_up,free,0.1162547626086543,0.0,maritime+waterways
NOR,2675,2506,445,dry_bulk,gives_up,free,0.02827210890876164,92.88539843237076,maritime+waterways
NOR,2677,2506,1270,dry_bulk,gives_up,free,0.09102623440789515,0.0,maritime+waterways
NOR,2678,2506,741,dry_bulk,gives_up,free,0.12925482502633323,77.61936980158896,maritime+waterways
NOR,2679,2506,1153,dry_bulk,gives_up,free,0.17007944295813138,131.8372137865686,maritime+waterways
NOR,2684,2506,1469,dry_bulk,gives_up,free,0.19277522202512642,0.7027253406243322,maritime+waterways
NOR,2685,2506,197,dry_bulk,gives_up,free,0.0651418659491465,51.77970370458033,maritime+waterways
NOR,2699,2506,1729,dry_bulk,delivers_same,same,0.19056149389931565,70.0171579190455,maritime+waterways
NOR,2708,2506,2067,dry_bulk,gives_up,free,0.19271860780611472,39.44127812963945,maritime+waterways
NOR,2709,2506,281,dry_bulk,gives_up,free,0.20191736371074276,1.8419286483586,maritime+waterways
NOR,2710,2506,1305,dry_bulk,gives_up,free,0.19785336876709936,4.31424440929741,maritime+waterways
NOR,2711,2506,1305,dry_bulk,gives_up,free,0.19785336876709936,4.31424440929741,maritime+waterways
NOR,2713,2506,1272,dry_bulk,gives_up,free,0.1844989415559204,9.117745372228498,maritime+waterways
NOR,2715,2506,281,dry_bulk,gives_up,free,0.20191736371074276,1.8419286483586,maritime+waterways
NOR,2720,2506,2038,dry_bulk,gives_up,free,0.18411723240979216,49.29726616677415,maritime+waterways
NOR,2724,2506,624,dry_bulk,gives_up,free,0.07968767736624427,105.25118614014254,maritime+waterways
NOR,2726,2506,624,dry_bulk,gives_up,free,0.07968767736624427,105.25118614014254,maritime+waterways
NOR,2728,2506,624,dry_bulk,gives_up,free,0.07968767736624427,105.25118614014254,maritime+waterways
NOR,2730,2506,2269,dry_bulk,delivers_same,same,0.01642013136217857,0.0,maritime+railways+waterways
NOR,2735,2506,1272,dry_bulk,gives_up,free,0.1844989415559204,9.117745372228498,maritime+waterways
NOR,2738,2506,1272,dry_bulk,gives_up,free,0.1844989415559204,9.117745372228498,maritime+waterways
NOR,2742,2506,1272,dry_bulk,gives_up,free,0.1844989415559204,9.117745372228498,maritime+waterways
NOR,2744,2506,2269,dry_bulk,delivers_same,same,0.01642013136217857,0.0,maritime+railways+waterways
NOR,2745,2506,624,dry_bulk,gives_up,free,0.07968767736624427,105.25118614014254,maritime+waterways
NOR,2826,2506,1552,dry_bulk,gives_up,free,0.13446520721595467,25.670068688816244,maritime+waterways
NOR,2828,2506,1447,dry_bulk,gives_up,free,0.1983138386412897,0.0,maritime+waterways
NOR,2833,2506,1433,dry_bulk,gives_up,free,0.18348612356065908,51.596488346624774,maritime+waterways
NOR,2836,2506,1153,dry_bulk,gives_up,free,0.17007944295813138,131.8372137865686,maritime+waterways
NOR,2837,2506,2022,dry_bulk,gives_up,free,0.11547709912376147,0.0,maritime+waterways
NOR,2840,2506,285,dry_bulk,gives_up,free,0.22218148322321096,16.05814531736965,maritime+waterways
NOR,2842,2506,672,dry_bulk,gives_up,free,0.1858772876094843,62.967290765500785,maritime+waterways
NOR,2843,2506,1307,dry_bulk,gives_up,free,0.22303997198019743,0.0,maritime+waterways
NOR,2846,2506,1448,dry_bulk,gives_up,free,0.2036554138558475,0.0,maritime+waterways
NOR,2848,2506,53,dry_bulk,gives_up,free,0.13392657075961156,148.5011686950821,maritime+waterways
NOR,2855,2506,1269,dry_bulk,gives_up,free,0.2045042623974973,85.28259871900035,maritime+waterways
NOR,2856,2506,1322,dry_bulk,gives_up,free,0.27795861669361654,0.0,maritime+waterways
NOR,2859,2506,1023,dry_bulk,delivers_free,free,0.031155377208305524,67.18813138719159,maritime+railways+waterways
NOR,2861,2506,672,dry_bulk,gives_up,free,0.1858772876094843,62.967290765500785,maritime+waterways
NOR,2862,2506,673,dry_bulk,gives_up,free,0.18307789728699064,74.30462955338919,maritime+waterways
NOR,2863,2506,1109,dry_bulk,gives_up,free,0.2149777688681893,24.289232740958152,maritime+waterways
NOR,2864,2506,1532,dry_bulk,gives_up,free,0.08915652146165454,15.51251440858761,maritime+waterways
NOR,2865,2506,1270,dry_bulk,gives_up,free,0.09102623440789515,0.0,maritime+waterways
NOR,2872,2506,283,dry_bulk,gives_up,free,0.22794375328542427,0.0,maritime+waterways
NOR,2873,2506,282,dry_bulk,gives_up,free,0.20849897046762367,0.0,maritime+waterways
NOR,2885,2506,970,dry_bulk,gives_up,free,0.21243207108140205,0.0,maritime+waterways
NOR,2886,2506,1286,dry_bulk,gives_up,free,0.09792923781856966,187.22316360694916,maritime+waterways
NOR,3203,2506,928,dry_bulk,gives_up,free,0.27482875281885955,7.368734645267233,maritime+waterways
NOR,3204,2506,1433,dry_bulk,gives_up,free,0.18348612356065908,51.596488346624774,maritime+waterways
NOR,3205,2506,710,dry_bulk,gives_up,free,0.20660177857418582,18.462776185723687,maritime+waterways
NOR,3206,2506,749,dry_bulk,gives_up,free,0.10947582091258812,195.51886474113883,maritime+waterways
NOR,3207,2506,938,dry_bulk,delivers_same,same,0.03350577683981659,0.0,maritime+railways+waterways
NOR,3208,2506,461,dry_bulk,gives_up,free,0.1162547626086543,0.0,maritime+waterways
NOR,3209,2506,445,dry_bulk,gives_up,free,0.02827210890876164,92.88539843237076,maritime+waterways
NOR,3211,2506,1270,dry_bulk,gives_up,free,0.09102623440789515,0.0,maritime+waterways
NOR,3212,2506,741,dry_bulk,gives_up,free,0.12925482502633323,77.61936980158896,maritime+waterways
NOR,3213,2506,1153,dry_bulk,gives_up,free,0.17007944295813138,131.8372137865686,maritime+waterways
NOR,3218,2506,1469,dry_bulk,gives_up,free,0.19277522202512642,0.7027253406243322,maritime+waterways
NOR,3219,2506,197,dry_bulk,gives_up,free,0.0651418659491465,51.77970370458033,maritime+waterways
NOR,3233,2506,1729,dry_bulk,delivers_same,same,0.19056149389931565,70.0171579190455,maritime+waterways
NOR,3431,2506,928,liquid_bulk,gives_up,free,0.29804160910362576,7.368734645267233,maritime+waterways
NOR,3432,2506,1433,liquid_bulk,gives_up,free,0.22551653341576694,2.2992221798506205,maritime+waterways
NOR,3433,2506,710,liquid_bulk,gives_up,free,0.1730847580565653,18.462776185723687,maritime+waterways
NOR,3434,2506,749,liquid_bulk,delivers_same,same,0.12840721148821177,2.7139710015868355,maritime+railways+waterways
NOR,3435,2506,938,liquid_bulk,delivers_same,same,0.04609224491255848,0.0,maritime+railways+waterways
NOR,3436,2506,461,liquid_bulk,gives_up,free,0.051303197904243536,0.0,maritime+waterways
NOR,3439,2506,1270,liquid_bulk,gives_up,free,0.009078056930005962,0.0,maritime+waterways
NOR,3440,2506,741,liquid_bulk,gives_up,free,0.07234955907496121,77.61936980158896,maritime+waterways
NOR,3441,2506,1153,liquid_bulk,gives_up,free,0.14988166339396325,68.86992302106785,maritime+waterways
NOR,3446,2506,1469,liquid_bulk,gives_up,free,0.1658910292740512,0.7027253406243322,maritime+waterways
NOR,3447,2506,197,liquid_bulk,gives_up,free,0.10613429013737186,51.77970370458033,maritime+waterways
NOR,3461,2506,1729,liquid_bulk,delivers_same,same,0.3337938534021274,70.0171579190455,maritime+waterways
NOR,5725,2506,733,dry_bulk,gives_up,free,0.19927158571780512,17.702405438601108,maritime+waterways
NOR,5752,2506,733,dry_bulk,gives_up,free,0.19927158571780512,17.702405438601108,maritime+waterways
NOR,5779,2506,733,dry_bulk,gives_up,free,0.19927158571780512,17.702405438601108,maritime+waterways
NOR,5806,2506,733,dry_bulk,gives_up,free,0.19927158571780512,17.702405438601108,maritime+waterways
NOR,5833,2506,733,dry_bulk,gives_up,free,0.19927158571780512,17.702405438601108,maritime+waterways
NOR,5949,2506,360,dry_bulk,gives_up,free,0.2586029852704881,2.747899980959438,maritime+waterways
NOR,6031,2506,734,dry_bulk,gives_up,free,0.2565835860514898,8.156375702061142,maritime+waterways
NOR,6297,2506,733,dry_bulk,gives_up,free,0.19927158571780512,17.702405438601108,maritime+waterways
NOR,12732,2506,2305,dry_bulk,gives_up,free,0.2278901037495611,90.62487232839729,maritime+waterways
11261,hh_113,201,733,dry_bulk,gives_up,free,0.1471534770251095,133.6269563134354,maritime+waterways
11261,hh_211,201,928,dry_bulk,gives_up,free,0.21483518973309468,123.29328552010153,maritime+waterways
11261,hh_212,201,1433,dry_bulk,gives_up,free,0.14419987066011575,167.5210392214591,maritime+waterways
11261,hh_213,201,710,dry_bulk,gives_up,free,0.15292574480218324,134.387327060558,maritime+waterways
11261,hh_215,201,938,dry_bulk,delivers_free,free,0.051579838525489086,115.9245508748343,maritime+railways+waterways
11261,hh_216,201,461,dry_bulk,gives_up,free,0.13525382882317993,115.9245508748343,maritime+waterways
11261,hh_217,201,445,dry_bulk,gives_up,free,0.06250211125229521,208.80994930720504,maritime+waterways
11261,hh_219,201,1270,dry_bulk,gives_up,free,0.11627088500388649,115.9245508748343,maritime+waterways
11261,hh_220,201,741,dry_bulk,gives_up,free,0.14380408273156142,193.54392067642326,maritime+waterways
11261,hh_221,201,1153,dry_bulk,gives_up,free,0.13798111324507278,247.76176466140294,maritime+waterways
11261,hh_226,201,1469,dry_bulk,gives_up,free,0.14809818324386326,116.62727621545862,maritime+waterways
11261,hh_227,201,197,dry_bulk,gives_up,free,0.06760602049876896,167.70425457941462,maritime+waterways
11261,hh_241,201,1729,dry_bulk,delivers_same,same,0.14926462088967374,185.9417087938798,maritime+waterways
11261,2720,201,2038,dry_bulk,gives_up,free,0.1445893710038766,165.22181704160846,maritime+waterways
11261,2724,201,624,dry_bulk,delivers_same,same,0.360561904421826,221.17573701497685,maritime+waterways
11261,2726,201,624,dry_bulk,delivers_same,same,0.360561904421826,221.17573701497685,maritime+waterways
11261,2728,201,624,dry_bulk,delivers_same,same,0.360561904421826,221.17573701497685,maritime+waterways
11261,3203,201,928,dry_bulk,gives_up,free,0.21483518973309468,123.29328552010153,maritime+waterways
11261,3204,201,1433,dry_bulk,gives_up,free,0.14419987066011575,167.5210392214591,maritime+waterways
11261,3207,201,938,dry_bulk,delivers_free,free,0.051579838525489086,115.9245508748343,maritime+railways+waterways
11261,3208,201,461,dry_bulk,gives_up,free,0.13525382882317993,115.9245508748343,maritime+waterways
11261,3211,201,1270,dry_bulk,gives_up,free,0.11627088500388649,115.9245508748343,maritime+waterways
11261,3213,201,1153,dry_bulk,gives_up,free,0.13798111324507278,247.76176466140294,maritime+waterways
11261,3218,201,1469,dry_bulk,gives_up,free,0.14809818324386326,116.62727621545862,maritime+waterways
11261,3233,201,1729,dry_bulk,delivers_same,same,0.14926462088967374,185.9417087938798,maritime+waterways
11261,6297,201,733,dry_bulk,gives_up,free,0.1471534770251095,133.6269563134354,maritime+waterways
11261,6347,201,733,dry_bulk,gives_up,free,0.1471534770251095,133.6269563134354,maritime+waterways
11637,519,721,898,dry_bulk,delivers_same,same,0.10274522760823945,13.743699495160831,railways+waterways
11637,521,721,179,dry_bulk,delivers_free,free,0.07725392071207038,137.33135309907215,railways+waterways
11637,524,721,173,dry_bulk,delivers_same,same,0.10704893285452988,13.536128235204156,railways+waterways
11637,526,721,1264,dry_bulk,delivers_same,same,0.08480596865649126,0.0,railways+waterways
11637,2620,721,196,dry_bulk,delivers_same,same,0.09631539819777757,66.98565862974998,railways+waterways
11637,2622,721,392,dry_bulk,delivers_same,same,0.09485549129734494,11.419145486078541,railways+waterways
11637,9835,721,562,dry_bulk,delivers_same,same,0.1030189513012929,19.772267683169545,railways+waterways
11717,hh_114,295,346,dry_bulk,delivers_free,free,0.048366505548412375,259.49231654079557,railways+waterways
11717,hh_115,295,681,dry_bulk,delivers_free,free,0.043418454930515216,86.29821055570092,railways+waterways
11717,hh_235,295,742,dry_bulk,delivers_same,same,0.11728865135183297,115.66888988325454,railways+waterways
11717,hh_238,295,196,dry_bulk,delivers_same,same,0.10232925137997673,153.2838691854509,railways+waterways
11717,hh_239,295,1608,dry_bulk,delivers_same,same,0.10057036129055574,86.29821055570092,railways+waterways
11717,hh_240,295,392,dry_bulk,delivers_same,same,0.10107142672635483,97.71735604177945,railways+waterways
11717,5754,295,681,dry_bulk,delivers_free,free,0.043418454930515216,86.29821055570092,railways+waterways
11717,6298,295,346,dry_bulk,delivers_free,free,0.048366505548412375,259.49231654079557,railways+waterways
11717,6299,295,681,dry_bulk,delivers_free,free,0.043418454930515216,86.29821055570092,railways+waterways
11717,9689,295,1601,dry_bulk,delivers_same,same,0.11152891304458867,86.29821055570092,railways+waterways
11717,9691,295,1601,dry_bulk,delivers_same,same,0.11152891304458867,86.29821055570092,railways+waterways
11717,9694,295,1601,dry_bulk,delivers_same,same,0.11152891304458867,86.29821055570092,railways+waterways
11717,9698,295,2128,dry_bulk,delivers_same,same,0.11743033006472703,95.49459303726667,railways+waterways
11717,9699,295,563,dry_bulk,delivers_free,free,0.058284763520229044,128.27979781699162,railways+waterways
11717,9702,295,2201,dry_bulk,delivers_same,same,0.10664527834940096,86.29821055570092,railways+waterways
11717,9709,295,1601,dry_bulk,delivers_same,same,0.11152891304458867,86.29821055570092,railways+waterways
11717,9710,295,1601,dry_bulk,delivers_same,same,0.11152891304458867,86.29821055570092,railways+waterways
11717,9712,295,1601,dry_bulk,delivers_same,same,0.11152891304458867,86.29821055570092,railways+waterways
11717,9714,295,563,dry_bulk,delivers_free,free,0.058284763520229044,128.27979781699162,railways+waterways
11717,9717,295,116,dry_bulk,delivers_free,free,0.06593612572036589,88.17332002967684,railways+waterways
11717,9718,295,1687,dry_bulk,delivers_same,same,0.11827165523150351,87.1232047617364,railways+waterways
11717,9719,295,1687,dry_bulk,delivers_same,same,0.11827165523150351,87.1232047617364,railways+waterways
11717,9721,295,1687,dry_bulk,delivers_same,same,0.11827165523150351,87.1232047617364,railways+waterways
11717,9723,295,1687,dry_bulk,delivers_same,same,0.11827165523150351,87.1232047617364,railways+waterways
11717,9728,295,1687,dry_bulk,delivers_same,same,0.11827165523150351,87.1232047617364,railways+waterways
11717,9739,295,1687,dry_bulk,delivers_same,same,0.11827165523150351,87.1232047617364,railways+waterways
11717,9747,295,1687,dry_bulk,delivers_same,same,0.11827165523150351,87.1232047617364,railways+waterways
11717,9749,295,1687,dry_bulk,delivers_same,same,0.11827165523150351,87.1232047617364,railways+waterways
11717,9754,295,1601,dry_bulk,delivers_same,same,0.11152891304458867,86.29821055570092,railways+waterways
11717,9755,295,1687,dry_bulk,delivers_same,same,0.11827165523150351,87.1232047617364,railways+waterways
11717,9762,295,1687,dry_bulk,delivers_same,same,0.11827165523150351,87.1232047617364,railways+waterways
11717,9765,295,1687,dry_bulk,delivers_same,same,0.11827165523150351,87.1232047617364,railways+waterways
11717,9769,295,1687,dry_bulk,delivers_same,same,0.11827165523150351,87.1232047617364,railways+waterways
11717,9773,295,1687,dry_bulk,delivers_same,same,0.11827165523150351,87.1232047617364,railways+waterways
11717,9777,295,1687,dry_bulk,delivers_same,same,0.11827165523150351,87.1232047617364,railways+waterways
11717,9779,295,1606,dry_bulk,delivers_same,same,0.11874757665867808,86.29821055570092,railways+waterways
11717,9780,295,1601,dry_bulk,delivers_same,same,0.11152891304458867,86.29821055570092,railways+waterways
11717,9783,295,2130,dry_bulk,delivers_same,same,0.0990616562572646,86.29821055570092,railways+waterways
11717,9784,295,698,dry_bulk,delivers_same,same,0.16422582169489086,107.60557007769592,railways+waterways
11717,9792,295,2259,dry_bulk,delivers_same,same,0.11617941044061864,108.38478848558258,railways+waterways
11717,9794,295,2128,dry_bulk,delivers_same,same,0.11743033006472703,95.49459303726667,railways+waterways
11717,9795,295,1097,dry_bulk,delivers_same,same,0.11804303067349764,89.28065060236327,railways+waterways
11717,9799,295,2154,dry_bulk,delivers_same,same,0.11722573965466498,97.583992872727,railways+waterways
11717,9803,295,2130,dry_bulk,delivers_same,same,0.0990616562572646,86.29821055570092,railways+waterways
11717,9807,295,1446,dry_bulk,delivers_same,same,0.09036830110864935,138.0572572275589,railways+waterways
11717,9824,295,111,dry_bulk,delivers_same,same,0.12033107367543283,110.56491502979873,railways+waterways
11717,9884,295,1786,dry_bulk,delivers_same,same,0.11756069536265379,94.16701786968974,railways+waterways
11717,9999,295,1687,dry_bulk,delivers_same,same,0.11827165523150351,87.1232047617364,railways+waterways
11717,10001,295,852,dry_bulk,delivers_same,same,0.11928221288784169,96.64178051879384,railways+waterways
11717,10002,295,666,dry_bulk,delivers_same,same,0.11759348534624725,98.30833819775557,railways+waterways
11717,10198,295,1602,dry_bulk,delivers_same,same,0.11428187873474327,86.29821055570092,railways+waterways
11717,10199,295,998,dry_bulk,delivers_same,same,0.0764368951185026,155.5667243981606,railways+waterways
11717,10200,295,562,dry_bulk,delivers_same,same,0.10851966998617102,106.07047823887046,railways+waterways
11717,10204,295,2228,dry_bulk,delivers_same,same,0.11694408133077805,86.29821055570092,railways+waterways
11717,10208,295,319,dry_bulk,delivers_free,free,0.06140240316609402,86.29821055570092,railways+waterways
ROW,2121,6712,699,dry_bulk,gives_up,free,0.011178231739420008,0.10106237396258157,maritime+waterways
ROW,2124,6712,1728,dry_bulk,delivers_same,same,0.08999633156959819,91.96647030167068,maritime+waterways
ROW,2126,6712,1553,dry_bulk,gives_up,free,0.10302974387130992,0.0,maritime+waterways
ROW,2127,6712,1552,dry_bulk,gives_up,free,0.09810632261835361,25.670068688816244,maritime+waterways
ROW,2128,6712,1272,dry_bulk,gives_up,free,0.09565561738758399,9.117745372228498,maritime+waterways
ROW,2129,6712,1552,dry_bulk,gives_up,free,0.09810632261835361,25.670068688816244,maritime+waterways
ROW,2130,6712,699,dry_bulk,gives_up,free,0.011178231739420008,0.10106237396258157,maritime+waterways
ROW,2132,6712,1728,dry_bulk,delivers_same,same,0.08999633156959819,91.96647030167068,maritime+waterways
ROW,2133,6712,699,dry_bulk,gives_up,free,0.011178231739420008,0.10106237396258157,maritime+waterways
ROW,2134,6712,281,dry_bulk,gives_up,free,0.08118884962826955,1.8419286483586,maritime+waterways
ROW,2135,6712,891,dry_bulk,gives_up,free,0.1350006686892713,3.0717279783022433,maritime+waterways
ROW,2210,6712,1322,dry_bulk,gives_up,free,0.03155535201018744,0.0,maritime+waterways
ROW,2211,6712,928,dry_bulk,gives_up,free,0.026869616942255092,7.368734645267233,maritime+waterways
ROW,2213,6712,1109,dry_bulk,gives_up,free,0.09462502530405215,24.289232740958152,maritime+waterways
ROW,2220,6712,285,dry_bulk,gives_up,free,0.04889714995811256,16.05814531736965,maritime+waterways
ROW,2222,6712,1322,dry_bulk,gives_up,free,0.03155535201018744,0.0,maritime+waterways
ROW,2223,6712,285,dry_bulk,gives_up,free,0.04889714995811256,16.05814531736965,maritime+waterways
ROW,2310,6712,1306,dry_bulk,gives_up,free,0.14514637293497845,0.0,maritime+waterways
ROW,2311,6712,741,dry_bulk,gives_up,free,0.06936885139939619,77.61936980158896,maritime+waterways
ROW,2312,6712,841,dry_bulk,gives_up,free,0.06883595797333264,85.0020292522239,maritime+waterways
ROW,2313,6712,841,dry_bulk,gives_up,free,0.06883595797333264,85.0020292522239,maritime+waterways
ROW,2314,6712,500,dry_bulk,gives_up,free,0.07157904169437646,48.173009512997936,maritime+waterways
ROW,2315,6712,1307,dry_bulk,gives_up,free,0.1527017447682244,0.0,maritime+waterways
ROW,2316,6712,1109,dry_bulk,gives_up,free,0.09462502530405215,24.289232740958152,maritime+waterways
ROW,2317,6712,841,dry_bulk,gives_up,free,0.06883595797333264,85.0020292522239,maritime+waterways
ROW,2318,6712,1109,dry_bulk,gives_up,free,0.09462502530405215,24.289232740958152,maritime+waterways
ROW,2351,6712,1469,dry_bulk,gives_up,free,0.13999977445745748,0.7027253406243322,maritime+waterways
ROW,2354,6712,612,dry_bulk,gives_up,free,0.12018641743495606,0.0,maritime+waterways
ROW,2355,6712,611,dry_bulk,gives_up,free,0.11827578391918547,13.439123510952633,maritime+waterways
ROW,2356,6712,1449,dry_bulk,gives_up,free,0.12864533247660304,6.972714920667505,maritime+waterways
ROW,2357,6712,1617,dry_bulk,gives_up,free,0.13339624209037892,2.3338410525331055,maritime+waterways
ROW,2358,6712,1306,dry_bulk,gives_up,free,0.14514637293497845,0.0,maritime+waterways
ROW,2359,6712,780,dry_bulk,gives_up,free,0.12735752207475048,0.0,maritime+waterways
ROW,2360,6712,601,dry_bulk,gives_up,free,0.1409865093293745,17.375661593886708,maritime+waterways
ROW,2362,6712,889,dry_bulk,gives_up,free,0.13426838623769122,0.0,maritime+waterways
ROW,2363,6712,197,dry_bulk,gives_up,free,0.06409431258584397,51.77970370458033,maritime+waterways
ROW,2364,6712,197,dry_bulk,gives_up,free,0.06409431258584397,51.77970370458033,maritime+waterways
ROW,2365,6712,197,dry_bulk,gives_up,free,0.06409431258584397,51.77970370458033,maritime+waterways
ROW,2366,6712,889,dry_bulk,gives_up,free,0.13426838623769122,0.0,maritime+waterways
ROW,2367,6712,862,dry_bulk,gives_up,free,0.06129354446406343,91.90474031566728,maritime+waterways
ROW,2368,6712,862,dry_bulk,gives_up,free,0.06129354446406343,91.90474031566728,maritime+waterways
ROW,2370,6712,1540,dry_bulk,gives_up,free,0.010882200430673894,133.98764143575337,maritime+waterways
ROW,2371,6712,1540,dry_bulk,gives_up,free,0.010882200430673894,133.98764143575337,maritime+waterways
ROW,2387,6712,928,dry_bulk,gives_up,free,0.026869616942255092,7.368734645267233,maritime+waterways
ROW,2396,6712,741,dry_bulk,gives_up,free,0.06936885139939619,77.61936980158896,maritime+waterways
ROW,2402,6712,1469,dry_bulk,gives_up,free,0.13999977445745748,0.7027253406243322,maritime+waterways
ROW,2403,6712,197,dry_bulk,gives_up,free,0.06409431258584397,51.77970370458033,maritime+waterways
ROW,2417,6712,1729,dry_bulk,delivers_same,same,0.14160512509090672,70.0171579190455,maritime+waterways
ROW,2425,6712,928,liquid_bulk,gives_up,free,0.24367039085058195,7.368734645267233,maritime+waterways
ROW,2426,6712,1433,liquid_bulk,gives_up,free,0.1835618988650376,2.2992221798506205,maritime+waterways
ROW,2427,6712,710,liquid_bulk,gives_up,free,0.13518055346282498,18.462776185723687,maritime+waterways
ROW,2434,6712,741,liquid_bulk,gives_up,free,0.08937613392453225,77.61936980158896,maritime+waterways
ROW,2440,6712,1469,liquid_bulk,gives_up,free,0.13196924808352817,0.7027253406243322,maritime+waterways
ROW,2441,6712,197,liquid_bulk,gives_up,free,0.10676246717526361,51.77970370458033,maritime+waterways
ROW,2455,6712,1729,liquid_bulk,delivers_same,same,0.27325025575220185,70.0171579190455,maritime+waterways
ROW,2517,6712,928,dry_bulk,gives_up,free,0.026869616942255092,7.368734645267233,maritime+waterways
ROW,2526,6712,741,dry_bulk,gives_up,free,0.06936885139939619,77.61936980158896,maritime+waterways
ROW,2532,6712,1469,dry_bulk,gives_up,free,0.13999977445745748,0.7027253406243322,maritime+waterways
ROW,2533,6712,197,dry_bulk,gives_up,free,0.06409431258584397,51.77970370458033,maritime+waterways
ROW,2547,6712,1729,dry_bulk,delivers_same,same,0.14160512509090672,70.0171579190455,maritime+waterways
ROW,2555,6712,928,dry_bulk,gives_up,free,0.026869616942255092,7.368734645267233,maritime+waterways
ROW,2564,6712,741,dry_bulk,gives_up,free,0.06936885139939619,77.61936980158896,maritime+waterways
ROW,2570,6712,1469,dry_bulk,gives_up,free,0.13999977445745748,0.7027253406243322,maritime+waterways
ROW,2571,6712,197,dry_bulk,gives_up,free,0.06409431258584397,51.77970370458033,maritime+waterways
ROW,2585,6712,1729,dry_bulk,delivers_same,same,0.14160512509090672,70.0171579190455,maritime+waterways
ROW,2593,6712,928,dry_bulk,gives_up,free,0.026869616942255092,7.368734645267233,maritime+waterways
ROW,2602,6712,741,dry_bulk,gives_up,free,0.06936885139939619,77.61936980158896,maritime+waterways
ROW,2608,6712,1469,dry_bulk,gives_up,free,0.13999977445745748,0.7027253406243322,maritime+waterways
ROW,2609,6712,197,dry_bulk,gives_up,free,0.06409431258584397,51.77970370458033,maritime+waterways
ROW,2623,6712,1729,dry_bulk,delivers_same,same,0.14160512509090672,70.0171579190455,maritime+waterways
ROW,2735,6712,1272,dry_bulk,gives_up,free,0.09565561738758399,9.117745372228498,maritime+waterways
ROW,2738,6712,1272,dry_bulk,gives_up,free,0.09565561738758399,9.117745372228498,maritime+waterways
ROW,2742,6712,1272,dry_bulk,gives_up,free,0.09565561738758399,9.117745372228498,maritime+waterways
ROW,2826,6712,1552,dry_bulk,gives_up,free,0.09810632261835361,25.670068688816244,maritime+waterways
ROW,2828,6712,1447,dry_bulk,gives_up,free,0.14300951641357185,0.0,maritime+waterways
ROW,2840,6712,285,dry_bulk,gives_up,free,0.04889714995811256,16.05814531736965,maritime+waterways
ROW,2843,6712,1307,dry_bulk,gives_up,free,0.1527017447682244,0.0,maritime+waterways
ROW,2846,6712,1448,dry_bulk,gives_up,free,0.14692892647842593,0.0,maritime+waterways
ROW,2856,6712,1322,dry_bulk,gives_up,free,0.03155535201018744,0.0,maritime+waterways
ROW,2863,6712,1109,dry_bulk,gives_up,free,0.09462502530405215,24.289232740958152,maritime+waterways
ROW,2869,6712,740,dry_bulk,gives_up,free,0.020771907668109435,129.28778134010452,maritime+waterways
ROW,2872,6712,283,dry_bulk,gives_up,free,0.05921439873969958,0.0,maritime+waterways
ROW,2873,6712,282,dry_bulk,gives_up,free,0.0813659114083205,0.0,maritime+waterways
ROW,3203,6712,928,dry_bulk,gives_up,free,0.026869616942255092,7.368734645267233,maritime+waterways
ROW,3212,6712,741,dry_bulk,gives_up,free,0.06936885139939619,77.61936980158896,maritime+waterways
ROW,3218,6712,1469,dry_bulk,gives_up,free,0.13999977445745748,0.7027253406243322,maritime+waterways
ROW,3219,6712,197,dry_bulk,gives_up,free,0.06409431258584397,51.77970370458033,maritime+waterways
ROW,3233,6712,1729,dry_bulk,delivers_same,same,0.14160512509090672,70.0171579190455,maritime+waterways
ROW,3431,6712,928,liquid_bulk,gives_up,free,0.24367039085058195,7.368734645267233,maritime+waterways
ROW,3432,6712,1433,liquid_bulk,gives_up,free,0.1835618988650376,2.2992221798506205,maritime+waterways
ROW,3433,6712,710,liquid_bulk,gives_up,free,0.13518055346282498,18.462776185723687,maritime+waterways
ROW,3440,6712,741,liquid_bulk,gives_up,free,0.08937613392453225,77.61936980158896,maritime+waterways
ROW,3446,6712,1469,liquid_bulk,gives_up,free,0.13196924808352817,0.7027253406243322,maritime+waterways
ROW,3447,6712,197,liquid_bulk,gives_up,free,0.10676246717526361,51.77970370458033,maritime+waterways
ROW,3461,6712,1729,liquid_bulk,delivers_same,same,0.27325025575220185,70.0171579190455,maritime+waterways
ROW,5698,6712,733,liquid_bulk,gives_up,free,0.1270212668664279,17.702405438601108,maritime+waterways
ROW,6320,6712,733,liquid_bulk,gives_up,free,0.1270212668664279,17.702405438601108,maritime+waterways
ROW,6401,6712,733,liquid_bulk,gives_up,free,0.1270212668664279,17.702405438601108,maritime+waterways
RUS,hh_113,6319,733,liquid_bulk,gives_up,free,0.17160008869583487,17.702405438601108,maritime+waterways
RUS,hh_140,6319,1051,dry_bulk,gives_up,free,0.06092730425429016,0.0,maritime+waterways
RUS,hh_211,6319,928,liquid_bulk,gives_up,free,0.3167133445407957,7.368734645267233,maritime+waterways
RUS,hh_212,6319,1433,liquid_bulk,gives_up,free,0.24001023025269008,2.2992221798506205,maritime+waterways
RUS,hh_213,6319,710,liquid_bulk,gives_up,free,0.18340619079415732,18.462776185723687,maritime+waterways
RUS,hh_214,6319,749,liquid_bulk,delivers_same,same,0.1338768943408739,2.7139710015868355,maritime+railways+waterways
RUS,hh_215,6319,938,liquid_bulk,delivers_same,same,0.025681363140544367,0.0,maritime+railways+waterways
RUS,hh_216,6319,461,liquid_bulk,gives_up,free,0.00015415547877073443,0.0,maritime+waterways
RUS,hh_220,6319,741,liquid_bulk,gives_up,free,0.07614812941287674,77.61936980158896,maritime+waterways
RUS,hh_221,6319,1153,liquid_bulk,gives_up,free,0.15654653826014941,68.86992302106785,maritime+waterways
RUS,hh_226,6319,1469,liquid_bulk,gives_up,free,0.17797820234592399,0.7027253406243322,maritime+waterways
RUS,hh_227,6319,197,liquid_bulk,gives_up,free,0.11291807389921527,51.77970370458033,maritime+waterways
RUS,hh_241,6319,1729,liquid_bulk,delivers_same,same,0.35454951398481493,70.0171579190455,maritime+waterways
RUS,1289,6319,793,dry_bulk,gives_up,free,0.1593267445128701,235.65254492486844,maritime+waterways
RUS,1290,6319,2311,dry_bulk,gives_up,free,0.24365421738962167,92.54060835346725,maritime+waterways
RUS,1291,6319,2335,dry_bulk,gives_up,free,0.2571629549105321,53.962181385988394,maritime+waterways
RUS,1292,6319,2347,dry_bulk,gives_up,free,0.2462102387540812,84.91636886507443,maritime+waterways
RUS,1293,6319,2324,dry_bulk,gives_up,free,0.18695720368042967,177.55179105341074,maritime+waterways
RUS,1294,6319,2312,dry_bulk,gives_up,free,0.24142381208631125,99.32548326571344,maritime+waterways
RUS,1295,6319,469,dry_bulk,delivers_free,free,0.05114738658499274,226.2836077669077,maritime+waterways
RUS,1348,6319,793,dry_bulk,gives_up,free,0.1593267445128701,235.65254492486844,maritime+waterways
RUS,1349,6319,2311,dry_bulk,gives_up,free,0.24365421738962167,92.54060835346725,maritime+waterways
RUS,1350,6319,2335,dry_bulk,gives_up,free,0.2571629549105321,53.962181385988394,maritime+waterways
RUS,1351,6319,2347,dry_bulk,gives_up,free,0.2462102387540812,84.91636886507443,maritime+waterways
RUS,1352,6319,2324,dry_bulk,gives_up,free,0.18695720368042967,177.55179105341074,maritime+waterways
RUS,1353,6319,2312,dry_bulk,gives_up,free,0.24142381208631125,99.32548326571344,maritime+waterways
RUS,1354,6319,469,dry_bulk,delivers_free,free,0.05114738658499274,226.2836077669077,maritime+waterways
RUS,2121,6319,699,liquid_bulk,gives_up,free,0.2872286859520412,0.10106237396258157,maritime+waterways
RUS,2124,6319,1728,liquid_bulk,delivers_same,same,0.22244163408337858,91.96647030167068,maritime+waterways
RUS,2126,6319,1553,liquid_bulk,gives_up,free,0.23264232287510644,0.0,maritime+waterways
RUS,2127,6319,1552,liquid_bulk,gives_up,free,0.19271737718925164,25.670068688816244,maritime+waterways
RUS,2128,6319,1272,liquid_bulk,gives_up,free,0.22564369956862773,9.117745372228498,maritime+waterways
RUS,2129,6319,1552,liquid_bulk,gives_up,free,0.19271737718925164,25.670068688816244,maritime+waterways
RUS,2130,6319,699,liquid_bulk,gives_up,free,0.2872286859520412,0.10106237396258157,maritime+waterways
RUS,2132,6319,1728,liquid_bulk,delivers_same,same,0.22244163408337858,91.96647030167068,maritime+waterways
RUS,2133,6319,699,liquid_bulk,gives_up,free,0.2872286859520412,0.10106237396258157,maritime+waterways
RUS,2134,6319,281,liquid_bulk,gives_up,free,0.2468204612534497,1.8419286483586,maritime+waterways
RUS,2135,6319,891,liquid_bulk,gives_up,free,0.20712360252903972,3.0717279783022433,maritime+waterways
RUS,2204,6319,930,liquid_bulk,delivers_same,same,0.37935094533844005,14.20434502292087,maritime+waterways
RUS,2205,6319,671,liquid_bulk,gives_up,free,0.2443447264220986,0.0,maritime+waterways
RUS,2206,6319,672,liquid_bulk,gives_up,free,0.18064044992640782,0.0,maritime+waterways
RUS,2207,6319,929,liquid_bulk,delivers_same,same,0.39310126791597244,0.0,maritime+waterways
RUS,2210,6319,1322,liquid_bulk,gives_up,free,0.3232117538647714,0.0,maritime+waterways
RUS,2211,6319,928,liquid_bulk,gives_up,free,0.3167133445407957,7.368734645267233,maritime+waterways
RUS,2212,6319,1269,liquid_bulk,gives_up,free,0.176127921017323,85.28259871900035,maritime+waterways
RUS,2213,6319,1109,liquid_bulk,gives_up,free,0.21145017681600975,24.289232740958152,maritime+waterways
RUS,2214,6319,673,liquid_bulk,gives_up,free,0.17617676027241158,11.337338787888406,maritime+waterways
RUS,2215,6319,1269,liquid_bulk,gives_up,free,0.176127921017323,85.28259871900035,maritime+waterways
RUS,2217,6319,2038,liquid_bulk,gives_up,free,0.24156488783428398,0.0,maritime+waterways
RUS,2218,6319,2038,liquid_bulk,gives_up,free,0.24156488783428398,0.0,maritime+waterways
RUS,2219,6319,2067,liquid_bulk,gives_up,free,0.21941663389635035,35.829924314762756,maritime+waterways
RUS,2220,6319,285,liquid_bulk,gives_up,free,0.2402016788400141,16.05814531736965,maritime+waterways
RUS,2222,6319,1322,liquid_bulk,gives_up,free,0.3232117538647714,0.0,maritime+waterways
RUS,2223,6319,285,liquid_bulk,gives_up,free,0.2402016788400141,16.05814531736965,maritime+waterways
RUS,2226,6319,930,liquid_bulk,delivers_same,same,0.37935094533844005,14.20434502292087,maritime+waterways
RUS,2227,6319,2067,liquid_bulk,gives_up,free,0.21941663389635035,35.829924314762756,maritime+waterways
RUS,2229,6319,360,liquid_bulk,gives_up,free,0.26964452192038335,2.747899980959438,maritime+waterways
RUS,2230,6319,710,liquid_bulk,gives_up,free,0.18340619079415732,18.462776185723687,maritime+waterways
RUS,2231,6319,710,liquid_bulk,gives_up,free,0.18340619079415732,18.462776185723687,maritime+waterways
RUS,2232,6319,53,liquid_bulk,delivers_same,same,0.1272021406778867,0.0,maritime+railways+waterways
RUS,2233,6319,53,liquid_bulk,delivers_same,same,0.1272021406778867,0.0,maritime+railways+waterways
RUS,2235,6319,53,liquid_bulk,delivers_same,same,0.1272021406778867,0.0,maritime+railways+waterways
RUS,2236,6319,2302,liquid_bulk,gives_up,free,0.2606069179412447,8.544993835518667,maritime+waterways
RUS,2237,6319,2335,liquid_bulk,gives_up,free,0.23502772413208683,53.962181385988394,maritime+waterways
RUS,2238,6319,671,liquid_bulk,gives_up,free,0.2443447264220986,0.0,maritime+waterways
RUS,2239,6319,52,liquid_bulk,gives_up,free,0.2229427422781911,15.633182925615356,maritime+waterways
RUS,2240,6319,52,liquid_bulk,gives_up,free,0.2229427422781911,15.633182925615356,maritime+waterways
RUS,2242,6319,672,liquid_bulk,gives_up,free,0.18064044992640782,0.0,maritime+waterways
RUS,2243,6319,672,liquid_bulk,gives_up,free,0.18064044992640782,0.0,maritime+waterways
RUS,2244,6319,2024,liquid_bulk,delivers_same,same,0.1307027727444956,15.80418704273237,maritime+railways+waterways
RUS,2245,6319,749,liquid_bulk,delivers_same,same,0.1338768943408739,2.7139710015868355,maritime+railways+waterways
RUS,2246,6319,53,liquid_bulk,delivers_same,same,0.1272021406778867,0.0,maritime+railways+waterways
RUS,2252,6319,939,liquid_bulk,delivers_same,same,0.024839931567500306,18.550753954893487,maritime+railways+waterways
RUS,2253,6319,1286,liquid_bulk,delivers_same,same,0.33962280476485507,124.25587284144837,maritime+waterways
RUS,2254,6319,938,liquid_bulk,delivers_same,same,0.025681363140544367,0.0,maritime+railways+waterways
RUS,2256,6319,938,liquid_bulk,delivers_same,same,0.025681363140544367,0.0,maritime+railways+waterways
RUS,2258,6319,1286,liquid_bulk,delivers_same,same,0.33962280476485507,124.25587284144837,maritime+waterways
RUS,2259,6319,1154,liquid_bulk,delivers_same,same,0.32268525049826113,135.907541140428,maritime+waterways
RUS,2260,6319,939,liquid_bulk,delivers_same,same,0.024839931567500306,18.550753954893487,maritime+railways+waterways
RUS,2262,6319,1671,liquid_bulk,delivers_same,same,0.024420900524566802,28.265811030806134,maritime+railways+waterways
RUS,2266,6319,1154,liquid_bulk,delivers_same,same,0.32268525049826113,135.907541140428,maritime+waterways
RUS,2268,6319,1154,liquid_bulk,delivers_same,same,0.32268525049826113,135.907541140428,maritime+waterways
RUS,2270,6319,461,liquid_bulk,gives_up,free,0.00015415547877073443,0.0,maritime+waterways
RUS,2271,6319,461,liquid_bulk,gives_up,free,0.00015415547877073443,0.0,maritime+waterways
RUS,2277,6319,461,liquid_bulk,gives_up,free,0.00015415547877073443,0.0,maritime+waterways
RUS,2278,6319,461,liquid_bulk,gives_up,free,0.00015415547877073443,0.0,maritime+waterways
RUS,2279,6319,461,liquid_bulk,gives_up,free,0.00015415547877073443,0.0,maritime+waterways
RUS,2282,6319,461,liquid_bulk,gives_up,free,0.00015415547877073443,0.0,maritime+waterways
RUS,2302,6319,1269,liquid_bulk,gives_up,free,0.176127921017323,85.28259871900035,maritime+waterways
RUS,2306,6319,1269,liquid_bulk,gives_up,free,0.176127921017323,85.28259871900035,maritime+waterways
RUS,2310,6319,1306,liquid_bulk,gives_up,free,0.20649644041609116,0.0,maritime+waterways
RUS,2311,6319,741,liquid_bulk,gives_up,free,0.07614812941287674,77.61936980158896,maritime+waterways
RUS,2312,6319,841,liquid_bulk,gives_up,free,0.0748839604056406,85.0020292522239,maritime+waterways
RUS,2313,6319,841,liquid_bulk,gives_up,free,0.0748839604056406,85.0020292522239,maritime+waterways
RUS,2314,6319,500,liquid_bulk,gives_up,free,0.1990682435158566,48.173009512997936,maritime+waterways
RUS,2315,6319,1307,liquid_bulk,gives_up,free,0.22572872660532362,0.0,maritime+waterways
RUS,2316,6319,1109,liquid_bulk,gives_up,free,0.21145017681600975,24.289232740958152,maritime+waterways
RUS,2317,6319,841,liquid_bulk,gives_up,free,0.0748839604056406,85.0020292522239,maritime+waterways
RUS,2318,6319,1109,liquid_bulk,gives_up,free,0.21145017681600975,24.289232740958152,maritime+waterways
RUS,2319,6319,1286,liquid_bulk,delivers_same,same,0.33962280476485507,124.25587284144837,maritime+waterways
RUS,2321,6319,1286,liquid_bulk,delivers_same,same,0.33962280476485507,124.25587284144837,maritime+waterways
RUS,2322,6319,1153,liquid_bulk,gives_up,free,0.15654653826014941,68.86992302106785,maritime+waterways
RUS,2323,6319,673,liquid_bulk,gives_up,free,0.17617676027241158,11.337338787888406,maritime+waterways
RUS,2324,6319,673,liquid_bulk,gives_up,free,0.17617676027241158,11.337338787888406,maritime+waterways
RUS,2325,6319,673,liquid_bulk,gives_up,free,0.17617676027241158,11.337338787888406,maritime+waterways
RUS,2326,6319,749,liquid_bulk,delivers_same,same,0.1338768943408739,2.7139710015868355,maritime+railways+waterways
RUS,2327,6319,1153,liquid_bulk,gives_up,free,0.15654653826014941,68.86992302106785,maritime+waterways
RUS,2328,6319,1153,liquid_bulk,gives_up,free,0.15654653826014941,68.86992302106785,maritime+waterways
RUS,2329,6319,1269,liquid_bulk,gives_up,free,0.176127921017323,85.28259871900035,maritime+waterways
RUS,2351,6319,1469,liquid_bulk,gives_up,free,0.17797820234592399,0.7027253406243322,maritime+waterways
RUS,2354,6319,612,liquid_bulk,gives_up,free,0.2287153542516267,0.0,maritime+waterways
RUS,2355,6319,611,liquid_bulk,gives_up,free,0.17282028485315792,13.439123510952633,maritime+waterways
RUS,2356,6319,1449,liquid_bulk,gives_up,free,0.16746111155074694,6.972714920667505,maritime+waterways
RUS,2357,6319,1617,liquid_bulk,gives_up,free,0.17160512129740568,2.3338410525331055,maritime+waterways
RUS,2358,6319,1306,liquid_bulk,gives_up,free,0.20649644041609116,0.0,maritime+waterways
RUS,2359,6319,780,liquid_bulk,gives_up,free,0.17570082035300172,0.0,maritime+waterways
RUS,2360,6319,601,liquid_bulk,gives_up,free,0.17660235166749172,17.375661593886708,maritime+waterways
RUS,2362,6319,889,liquid_bulk,gives_up,free,0.22181414224015672,0.0,maritime+waterways
RUS,2363,6319,197,liquid_bulk,gives_up,free,0.11291807389921527,51.77970370458033,maritime+waterways
RUS,2364,6319,197,liquid_bulk,gives_up,free,0.11291807389921527,51.77970370458033,maritime+waterways
RUS,2365,6319,197,liquid_bulk,gives_up,free,0.11291807389921527,51.77970370458033,maritime+waterways
RUS,2366,6319,889,liquid_bulk,gives_up,free,0.22181414224015672,0.0,maritime+waterways
RUS,2387,6319,928,liquid_bulk,gives_up,free,0.3167133445407957,7.368734645267233,maritime+waterways
RUS,2388,6319,1433,liquid_bulk,gives_up,free,0.24001023025269008,2.2992221798506205,maritime+waterways
RUS,2389,6319,710,liquid_bulk,gives_up,free,0.18340619079415732,18.462776185723687,maritime+waterways
RUS,2390,6319,749,liquid_bulk,delivers_same,same,0.1338768943408739,2.7139710015868355,maritime+railways+waterways
RUS,2391,6319,938,liquid_bulk,delivers_same,same,0.025681363140544367,0.0,maritime+railways+waterways
RUS,2392,6319,461,liquid_bulk,gives_up,free,0.00015415547877073443,0.0,maritime+waterways
RUS,2396,6319,741,liquid_bulk,gives_up,free,0.07614812941287674,77.61936980158896,maritime+waterways
RUS,2397,6319,1153,liquid_bulk,gives_up,free,0.15654653826014941,68.86992302106785,maritime+waterways
RUS,2402,6319,1469,liquid_bulk,gives_up,free,0.17797820234592399,0.7027253406243322,maritime+waterways
RUS,2403,6319,197,liquid_bulk,gives_up,free,0.11291807389921527,51.77970370458033,maritime+waterways
RUS,2417,6319,1729,liquid_bulk,delivers_same,same,0.35454951398481493,70.0171579190455,maritime+waterways
RUS,2425,6319,928,liquid_bulk,gives_up,free,0.3167133445407957,7.368734645267233,maritime+waterways
RUS,2426,6319,1433,liquid_bulk,gives_up,free,0.24001023025269008,2.2992221798506205,maritime+waterways
RUS,2427,6319,710,liquid_bulk,gives_up,free,0.18340619079415732,18.462776185723687,maritime+waterways
RUS,2428,6319,749,liquid_bulk,delivers_same,same,0.1338768943408739,2.7139710015868355,maritime+railways+waterways
RUS,2429,6319,938,liquid_bulk,delivers_same,same,0.025681363140544367,0.0,maritime+railways+waterways
RUS,2430,6319,461,liquid_bulk,gives_up,free,0.00015415547877073443,0.0,maritime+waterways
RUS,2434,6319,741,liquid_bulk,gives_up,free,0.07614812941287674,77.61936980158896,maritime+waterways
RUS,2435,6319,1153,liquid_bulk,gives_up,free,0.15654653826014941,68.86992302106785,maritime+waterways
RUS,2440,6319,1469,liquid_bulk,gives_up,free,0.17797820234592399,0.7027253406243322,maritime+waterways
RUS,2441,6319,197,liquid_bulk,gives_up,free,0.11291807389921527,51.77970370458033,maritime+waterways
RUS,2455,6319,1729,liquid_bulk,delivers_same,same,0.35454951398481493,70.0171579190455,maritime+waterways
RUS,2517,6319,928,dry_bulk,gives_up,free,0.2989083113387616,7.368734645267233,maritime+waterways
RUS,2518,6319,1433,dry_bulk,gives_up,free,0.19913701281127882,51.596488346624774,maritime+waterways
RUS,2519,6319,710,dry_bulk,gives_up,free,0.2241691700138415,18.462776185723687,maritime+waterways
RUS,2520,6319,749,dry_bulk,gives_up,free,0.10612500965315097,195.51886474113883,maritime+waterways
RUS,2522,6319,461,dry_bulk,gives_up,free,0.02370316049376542,0.0,maritime+waterways
RUS,2525,6319,1270,dry_bulk,gives_up,free,0.00824027807202854,0.0,maritime+waterways
RUS,2526,6319,741,dry_bulk,gives_up,free,0.12127894253740013,77.61936980158896,maritime+waterways
RUS,2527,6319,1153,dry_bulk,gives_up,free,0.17183379469650073,131.8372137865686,maritime+waterways
RUS,2532,6319,1469,dry_bulk,gives_up,free,0.21115069179982293,0.7027253406243322,maritime+waterways
RUS,2533,6319,197,dry_bulk,gives_up,free,0.07089379315716715,51.77970370458033,maritime+waterways
RUS,2547,6319,1729,dry_bulk,delivers_same,same,0.2070898802491381,70.0171579190455,maritime+waterways
RUS,2555,6319,928,dry_bulk,gives_up,free,0.2989083113387616,7.368734645267233,maritime+waterways
RUS,2556,6319,1433,dry_bulk,gives_up,free,0.19913701281127882,51.596488346624774,maritime+waterways
RUS,2557,6319,710,dry_bulk,gives_up,free,0.2241691700138415,18.462776185723687,maritime+waterways
RUS,2558,6319,749,dry_bulk,gives_up,free,0.10612500965315097,195.51886474113883,maritime+waterways
RUS,2560,6319,461,dry_bulk,gives_up,free,0.02370316049376542,0.0,maritime+waterways
RUS,2563,6319,1270,dry_bulk,gives_up,free,0.00824027807202854,0.0,maritime+waterways
RUS,2564,6319,741,dry_bulk,gives_up,free,0.12127894253740013,77.61936980158896,maritime+waterways
RUS,2565,6319,1153,dry_bulk,gives_up,free,0.17183379469650073,131.8372137865686,maritime+waterways
RUS,2570,6319,1469,dry_bulk,gives_up,free,0.21115069179982293,0.7027253406243322,maritime+waterways
RUS,2571,6319,197,dry_bulk,gives_up,free,0.07089379315716715,51.77970370458033,maritime+waterways
RUS,2585,6319,1729,dry_bulk,delivers_same,same,0.2070898802491381,70.0171579190455,maritime+waterways
RUS,2593,6319,928,liquid_bulk,gives_up,free,0.3167133445407957,7.368734645267233,maritime+waterways
RUS,2594,6319,1433,liquid_bulk,gives_up,free,0.24001023025269008,2.2992221798506205,maritime+waterways
RUS,2595,6319,710,liquid_bulk,gives_up,free,0.18340619079415732,18.462776185723687,maritime+waterways
RUS,2596,6319,749,liquid_bulk,delivers_same,same,0.1338768943408739,2.7139710015868355,maritime+railways+waterways
RUS,2597,6319,938,liquid_bulk,delivers_same,same,0.025681363140544367,0.0,maritime+railways+waterways
RUS,2598,6319,461,liquid_bulk,gives_up,free,0.00015415547877073443,0.0,maritime+waterways
RUS,2602,6319,741,liquid_bulk,gives_up,free,0.07614812941287674,77.61936980158896,maritime+waterways
RUS,2603,6319,1153,liquid_bulk,gives_up,free,0.15654653826014941,68.86992302106785,maritime+waterways
RUS,2608,6319,1469,liquid_bulk,gives_up,free,0.17797820234592399,0.7027253406243322,maritime+waterways
RUS,2609,6319,197,liquid_bulk,gives_up,free,0.11291807389921527,51.77970370458033,maritime+waterways
RUS,2623,6319,1729,liquid_bulk,delivers_same,same,0.35454951398481493,70.0171579190455,maritime+waterways
RUS,2708,6319,2067,liquid_bulk,gives_up,free,0.21941663389635035,35.829924314762756,maritime+waterways
RUS,2709,6319,281,liquid_bulk,gives_up,free,0.2468204612534497,1.8419286483586,maritime+waterways
RUS,2710,6319,1305,liquid_bulk,gives_up,free,0.18586561859621398,4.31424440929741,maritime+waterways
RUS,2711,6319,1305,liquid_bulk,gives_up,free,0.18586561859621398,4.31424440929741,maritime+waterways
RUS,2713,6319,1272,liquid_bulk,gives_up,free,0.22564369956862773,9.117745372228498,maritime+waterways
RUS,2715,6319,281,liquid_bulk,gives_up,free,0.2468204612534497,1.8419286483586,maritime+waterways
RUS,2720,6319,2038,dry_bulk,gives_up,free,0.19988059542842462,49.29726616677415,maritime+waterways
RUS,2724,6319,624,dry_bulk,delivers_same,same,0.4677251480938678,105.25118614014254,maritime+waterways
RUS,2726,6319,624,dry_bulk,delivers_same,same,0.4677251480938678,105.25118614014254,maritime+waterways
RUS,2728,6319,624,dry_bulk,delivers_same,same,0.4677251480938678,105.25118614014254,maritime+waterways
RUS,2735,6319,1272,liquid_bulk,gives_up,free,0.22564369956862773,9.117745372228498,maritime+waterways
RUS,2738,6319,1272,liquid_bulk,gives_up,free,0.22564369956862773,9.117745372228498,maritime+waterways
RUS,2742,6319,1272,liquid_bulk,gives_up,free,0.22564369956862773,9.117745372228498,maritime+waterways
RUS,2826,6319,1552,dry_bulk,gives_up,free,0.14704600359788622,25.670068688816244,maritime+waterways
RUS,2828,6319,1447,dry_bulk,gives_up,free,0.2177540867681318,0.0,maritime+waterways
RUS,2833,6319,1433,dry_bulk,gives_up,free,0.19913701281127882,51.596488346624774,maritime+waterways
RUS,2836,6319,1153,dry_bulk,gives_up,free,0.17183379469650073,131.8372137865686,maritime+waterways
RUS,2837,6319,2022,dry_bulk,gives_up,free,0.020205733665304537,0.0,maritime+waterways
RUS,2840,6319,285,dry_bulk,gives_up,free,0.24228919824730788,16.05814531736965,maritime+waterways
RUS,2842,6319,672,dry_bulk,gives_up,free,0.18901628119767122,62.967290765500785,maritime+waterways
RUS,2843,6319,1307,dry_bulk,gives_up,free,0.2428032520764456,0.0,maritime+waterways
RUS,2846,6319,1448,dry_bulk,gives_up,free,0.22358320268453102,0.0,maritime+waterways
RUS,2848,6319,53,dry_bulk,gives_up,free,0.1430990449098204,148.5011686950821,maritime+waterways
RUS,2855,6319,1269,dry_bulk,gives_up,free,0.12962104833842014,85.28259871900035,maritime+waterways
RUS,2856,6319,1322,dry_bulk,gives_up,free,0.3026143560882042,0.0,maritime+waterways
RUS,2861,6319,672,dry_bulk,gives_up,free,0.18901628119767122,62.967290765500785,maritime+waterways
RUS,2862,6319,673,dry_bulk,gives_up,free,0.18595525245646338,74.30462955338919,maritime+waterways
RUS,2863,6319,1109,dry_bulk,gives_up,free,0.23327948997320402,24.289232740958152,maritime+waterways
RUS,2864,6319,1532,dry_bulk,gives_up,free,0.008058318017964528,15.51251440858761,maritime+waterways
RUS,2865,6319,1270,dry_bulk,gives_up,free,0.00824027807202854,0.0,maritime+waterways
RUS,2872,6319,283,dry_bulk,gives_up,free,0.24915777163478303,0.0,maritime+waterways
RUS,2873,6319,282,dry_bulk,gives_up,free,0.22800459448037524,0.0,maritime+waterways
RUS,2885,6319,970,dry_bulk,gives_up,free,0.23104962824508246,0.0,maritime+waterways
RUS,2886,6319,1286,dry_bulk,delivers_same,same,0.5026429949018538,187.22316360694916,maritime+waterways
RUS,3203,6319,928,dry_bulk,gives_up,free,0.2989083113387616,7.368734645267233,maritime+waterways
RUS,3204,6319,1433,dry_bulk,gives_up,free,0.19913701281127882,51.596488346624774,maritime+waterways
RUS,3205,6319,710,dry_bulk,gives_up,free,0.2241691700138415,18.462776185723687,maritime+waterways
RUS,3206,6319,749,dry_bulk,gives_up,free,0.10612500965315097,195.51886474113883,maritime+waterways
RUS,3208,6319,461,dry_bulk,gives_up,free,0.02370316049376542,0.0,maritime+waterways
RUS,3211,6319,1270,dry_bulk,gives_up,free,0.00824027807202854,0.0,maritime+waterways
RUS,3212,6319,741,dry_bulk,gives_up,free,0.12127894253740013,77.61936980158896,maritime+waterways
RUS,3213,6319,1153,dry_bulk,gives_up,free,0.17183379469650073,131.8372137865686,maritime+waterways
RUS,3218,6319,1469,dry_bulk,gives_up,free,0.21115069179982293,0.7027253406243322,maritime+waterways
RUS,3219,6319,197,dry_bulk,gives_up,free,0.07089379315716715,51.77970370458033,maritime+waterways
RUS,3233,6319,1729,dry_bulk,delivers_same,same,0.2070898802491381,70.0171579190455,maritime+waterways
RUS,3241,6319,928,liquid_bulk,gives_up,free,0.3167133445407957,7.368734645267233,maritime+waterways
RUS,3242,6319,1433,liquid_bulk,gives_up,free,0.24001023025269008,2.2992221798506205,maritime+waterways
RUS,3243,6319,710,liquid_bulk,gives_up,free,0.18340619079415732,18.462776185723687,maritime+waterways
RUS,3244,6319,749,liquid_bulk,delivers_same,same,0.1338768943408739,2.7139710015868355,maritime+railways+waterways
RUS,3245,6319,938,liquid_bulk,delivers_same,same,0.025681363140544367,0.0,maritime+railways+waterways
RUS,3246,6319,461,liquid_bulk,gives_up,free,0.00015415547877073443,0.0,maritime+waterways
RUS,3250,6319,741,liquid_bulk,gives_up,free,0.07614812941287674,77.61936980158896,maritime+waterways
RUS,3251,6319,1153,liquid_bulk,gives_up,free,0.15654653826014941,68.86992302106785,maritime+waterways
RUS,3256,6319,1469,liquid_bulk,gives_up,free,0.17797820234592399,0.7027253406243322,maritime+waterways
RUS,3257,6319,197,liquid_bulk,gives_up,free,0.11291807389921527,51.77970370458033,maritime+waterways
RUS,3271,6319,1729,liquid_bulk,delivers_same,same,0.35454951398481493,70.0171579190455,maritime+waterways
RUS,3317,6319,928,liquid_bulk,gives_up,free,0.3167133445407957,7.368734645267233,maritime+waterways
RUS,3318,6319,1433,liquid_bulk,gives_up,free,0.24001023025269008,2.2992221798506205,maritime+waterways
RUS,3319,6319,710,liquid_bulk,gives_up,free,0.18340619079415732,18.462776185723687,maritime+waterways
RUS,3320,6319,749,liquid_bulk,delivers_same,same,0.1338768943408739,2.7139710015868355,maritime+railways+waterways
RUS,3321,6319,938,liquid_bulk,delivers_same,same,0.025681363140544367,0.0,maritime+railways+waterways
RUS,3322,6319,461,liquid_bulk,gives_up,free,0.00015415547877073443,0.0,maritime+waterways
RUS,3326,6319,741,liquid_bulk,gives_up,free,0.07614812941287674,77.61936980158896,maritime+waterways
RUS,3327,6319,1153,liquid_bulk,gives_up,free,0.15654653826014941,68.86992302106785,maritime+waterways
RUS,3332,6319,1469,liquid_bulk,gives_up,free,0.17797820234592399,0.7027253406243322,maritime+waterways
RUS,3333,6319,197,liquid_bulk,gives_up,free,0.11291807389921527,51.77970370458033,maritime+waterways
RUS,3347,6319,1729,liquid_bulk,delivers_same,same,0.35454951398481493,70.0171579190455,maritime+waterways
RUS,3355,6319,928,liquid_bulk,gives_up,free,0.3167133445407957,7.368734645267233,maritime+waterways
RUS,3356,6319,1433,liquid_bulk,gives_up,free,0.24001023025269008,2.2992221798506205,maritime+waterways
RUS,3357,6319,710,liquid_bulk,gives_up,free,0.18340619079415732,18.462776185723687,maritime+waterways
RUS,3358,6319,749,liquid_bulk,delivers_same,same,0.1338768943408739,2.7139710015868355,maritime+railways+waterways
RUS,3359,6319,938,liquid_bulk,delivers_same,same,0.025681363140544367,0.0,maritime+railways+waterways
RUS,3360,6319,461,liquid_bulk,gives_up,free,0.00015415547877073443,0.0,maritime+waterways
RUS,3364,6319,741,liquid_bulk,gives_up,free,0.07614812941287674,77.61936980158896,maritime+waterways
RUS,3365,6319,1153,liquid_bulk,gives_up,free,0.15654653826014941,68.86992302106785,maritime+waterways
RUS,3370,6319,1469,liquid_bulk,gives_up,free,0.17797820234592399,0.7027253406243322,maritime+waterways
RUS,3371,6319,197,liquid_bulk,gives_up,free,0.11291807389921527,51.77970370458033,maritime+waterways
RUS,3385,6319,1729,liquid_bulk,delivers_same,same,0.35454951398481493,70.0171579190455,maritime+waterways
RUS,3393,6319,928,liquid_bulk,gives_up,free,0.3167133445407957,7.368734645267233,maritime+waterways
RUS,3394,6319,1433,liquid_bulk,gives_up,free,0.24001023025269008,2.2992221798506205,maritime+waterways
RUS,3395,6319,710,liquid_bulk,gives_up,free,0.18340619079415732,18.462776185723687,maritime+waterways
RUS,3396,6319,749,liquid_bulk,delivers_same,same,0.1338768943408739,2.7139710015868355,maritime+railways+waterways
RUS,3397,6319,938,liquid_bulk,delivers_same,same,0.025681363140544367,0.0,maritime+railways+waterways
RUS,3398,6319,461,liquid_bulk,gives_up,free,0.00015415547877073443,0.0,maritime+waterways
RUS,3402,6319,741,liquid_bulk,gives_up,free,0.07614812941287674,77.61936980158896,maritime+waterways
RUS,3403,6319,1153,liquid_bulk,gives_up,free,0.15654653826014941,68.86992302106785,maritime+waterways
RUS,3408,6319,1469,liquid_bulk,gives_up,free,0.17797820234592399,0.7027253406243322,maritime+waterways
RUS,3409,6319,197,liquid_bulk,gives_up,free,0.11291807389921527,51.77970370458033,maritime+waterways
RUS,3423,6319,1729,liquid_bulk,delivers_same,same,0.35454951398481493,70.0171579190455,maritime+waterways
RUS,3431,6319,928,liquid_bulk,gives_up,free,0.3167133445407957,7.368734645267233,maritime+waterways
RUS,3432,6319,1433,liquid_bulk,gives_up,free,0.24001023025269008,2.2992221798506205,maritime+waterways
RUS,3433,6319,710,liquid_bulk,gives_up,free,0.18340619079415732,18.462776185723687,maritime+waterways
RUS,3434,6319,749,liquid_bulk,delivers_same,same,0.1338768943408739,2.7139710015868355,maritime+railways+waterways
RUS,3435,6319,938,liquid_bulk,delivers_same,same,0.025681363140544367,0.0,maritime+railways+waterways
RUS,3436,6319,461,liquid_bulk,gives_up,free,0.00015415547877073443,0.0,maritime+waterways
RUS,3440,6319,741,liquid_bulk,gives_up,free,0.07614812941287674,77.61936980158896,maritime+waterways
RUS,3441,6319,1153,liquid_bulk,gives_up,free,0.15654653826014941,68.86992302106785,maritime+waterways
RUS,3446,6319,1469,liquid_bulk,gives_up,free,0.17797820234592399,0.7027253406243322,maritime+waterways
RUS,3447,6319,197,liquid_bulk,gives_up,free,0.11291807389921527,51.77970370458033,maritime+waterways
RUS,3461,6319,1729,liquid_bulk,delivers_same,same,0.35454951398481493,70.0171579190455,maritime+waterways
RUS,3545,6319,928,liquid_bulk,gives_up,free,0.3167133445407957,7.368734645267233,maritime+waterways
RUS,3546,6319,1433,liquid_bulk,gives_up,free,0.24001023025269008,2.2992221798506205,maritime+waterways
RUS,3547,6319,710,liquid_bulk,gives_up,free,0.18340619079415732,18.462776185723687,maritime+waterways
RUS,3548,6319,749,liquid_bulk,delivers_same,same,0.1338768943408739,2.7139710015868355,maritime+railways+waterways
RUS,3549,6319,938,liquid_bulk,delivers_same,same,0.025681363140544367,0.0,maritime+railways+waterways
RUS,3550,6319,461,liquid_bulk,gives_up,free,0.00015415547877073443,0.0,maritime+waterways
RUS,3554,6319,741,liquid_bulk,gives_up,free,0.07614812941287674,77.61936980158896,maritime+waterways
RUS,3555,6319,1153,liquid_bulk,gives_up,free,0.15654653826014941,68.86992302106785,maritime+waterways
RUS,3560,6319,1469,liquid_bulk,gives_up,free,0.17797820234592399,0.7027253406243322,maritime+waterways
RUS,3561,6319,197,liquid_bulk,gives_up,free,0.11291807389921527,51.77970370458033,maritime+waterways
RUS,3575,6319,1729,liquid_bulk,delivers_same,same,0.35454951398481493,70.0171579190455,maritime+waterways
RUS,3849,6319,928,liquid_bulk,gives_up,free,0.3167133445407957,7.368734645267233,maritime+waterways
RUS,3850,6319,1433,liquid_bulk,gives_up,free,0.24001023025269008,2.2992221798506205,maritime+waterways
RUS,3851,6319,710,liquid_bulk,gives_up,free,0.18340619079415732,18.462776185723687,maritime+waterways
RUS,3852,6319,749,liquid_bulk,delivers_same,same,0.1338768943408739,2.7139710015868355,maritime+railways+waterways
RUS,3853,6319,938,liquid_bulk,delivers_same,same,0.025681363140544367,0.0,maritime+railways+waterways
RUS,3854,6319,461,liquid_bulk,gives_up,free,0.00015415547877073443,0.0,maritime+waterways
RUS,3858,6319,741,liquid_bulk,gives_up,free,0.07614812941287674,77.61936980158896,maritime+waterways
RUS,3859,6319,1153,liquid_bulk,gives_up,free,0.15654653826014941,68.86992302106785,maritime+waterways
RUS,3864,6319,1469,liquid_bulk,gives_up,free,0.17797820234592399,0.7027253406243322,maritime+waterways
RUS,3865,6319,197,liquid_bulk,gives_up,free,0.11291807389921527,51.77970370458033,maritime+waterways
RUS,3879,6319,1729,liquid_bulk,delivers_same,same,0.35454951398481493,70.0171579190455,maritime+waterways
RUS,3925,6319,928,liquid_bulk,gives_up,free,0.3167133445407957,7.368734645267233,maritime+waterways
RUS,3926,6319,1433,liquid_bulk,gives_up,free,0.24001023025269008,2.2992221798506205,maritime+waterways
RUS,3927,6319,710,liquid_bulk,gives_up,free,0.18340619079415732,18.462776185723687,maritime+waterways
RUS,3928,6319,749,liquid_bulk,delivers_same,same,0.1338768943408739,2.7139710015868355,maritime+railways+waterways
RUS,3929,6319,938,liquid_bulk,delivers_same,same,0.025681363140544367,0.0,maritime+railways+waterways
RUS,3930,6319,461,liquid_bulk,gives_up,free,0.00015415547877073443,0.0,maritime+waterways
RUS,3934,6319,741,liquid_bulk,gives_up,free,0.07614812941287674,77.61936980158896,maritime+waterways
RUS,3935,6319,1153,liquid_bulk,gives_up,free,0.15654653826014941,68.86992302106785,maritime+waterways
RUS,3940,6319,1469,liquid_bulk,gives_up,free,0.17797820234592399,0.7027253406243322,maritime+waterways
RUS,3941,6319,197,liquid_bulk,gives_up,free,0.11291807389921527,51.77970370458033,maritime+waterways
RUS,3955,6319,1729,liquid_bulk,delivers_same,same,0.35454951398481493,70.0171579190455,maritime+waterways
RUS,4001,6319,928,liquid_bulk,gives_up,free,0.3167133445407957,7.368734645267233,maritime+waterways
RUS,4002,6319,1433,liquid_bulk,gives_up,free,0.24001023025269008,2.2992221798506205,maritime+waterways
RUS,4003,6319,710,liquid_bulk,gives_up,free,0.18340619079415732,18.462776185723687,maritime+waterways
RUS,4004,6319,749,liquid_bulk,delivers_same,same,0.1338768943408739,2.7139710015868355,maritime+railways+waterways
RUS,4005,6319,938,liquid_bulk,delivers_same,same,0.025681363140544367,0.0,maritime+railways+waterways
RUS,4006,6319,461,liquid_bulk,gives_up,free,0.00015415547877073443,0.0,maritime+waterways
RUS,4010,6319,741,liquid_bulk,gives_up,free,0.07614812941287674,77.61936980158896,maritime+waterways
RUS,4011,6319,1153,liquid_bulk,gives_up,free,0.15654653826014941,68.86992302106785,maritime+waterways
RUS,4016,6319,1469,liquid_bulk,gives_up,free,0.17797820234592399,0.7027253406243322,maritime+waterways
RUS,4017,6319,197,liquid_bulk,gives_up,free,0.11291807389921527,51.77970370458033,maritime+waterways
RUS,4031,6319,1729,liquid_bulk,delivers_same,same,0.35454951398481493,70.0171579190455,maritime+waterways
RUS,5595,6319,778,liquid_bulk,gives_up,free,0.2360521899126693,59.782190166966494,maritime+waterways
RUS,5609,6319,797,liquid_bulk,gives_up,free,0.1732612963087874,14.014913482462283,maritime+waterways
RUS,5610,6319,734,liquid_bulk,gives_up,free,0.2660541372543803,8.156375702061142,maritime+waterways
RUS,5671,6319,733,liquid_bulk,gives_up,free,0.17160008869583487,17.702405438601108,maritime+waterways
RUS,5698,6319,733,liquid_bulk,gives_up,free,0.17160008869583487,17.702405438601108,maritime+waterways
RUS,5725,6319,733,liquid_bulk,gives_up,free,0.17160008869583487,17.702405438601108,maritime+waterways
RUS,5752,6319,733,dry_bulk,gives_up,free,0.21621927021143383,17.702405438601108,maritime+waterways
RUS,5779,6319,733,liquid_bulk,gives_up,free,0.17160008869583487,17.702405438601108,maritime+waterways
RUS,5806,6319,733,liquid_bulk,gives_up,free,0.17160008869583487,17.702405438601108,maritime+waterways
RUS,5833,6319,733,liquid_bulk,gives_up,free,0.17160008869583487,17.702405438601108,maritime+waterways
RUS,5860,6319,733,liquid_bulk,gives_up,free,0.17160008869583487,17.702405438601108,maritime+waterways
RUS,5914,6319,733,liquid_bulk,gives_up,free,0.17160008869583487,17.702405438601108,maritime+waterways
RUS,5949,6319,360,liquid_bulk,gives_up,free,0.26964452192038335,2.747899980959438,maritime+waterways
RUS,6031,6319,734,liquid_bulk,gives_up,free,0.2660541372543803,8.156375702061142,maritime+waterways
RUS,6270,6319,733,liquid_bulk,gives_up,free,0.17160008869583487,17.702405438601108,maritime+waterways
RUS,6297,6319,733,liquid_bulk,gives_up,free,0.17160008869583487,17.702405438601108,maritime+waterways
RUS,6320,6319,733,liquid_bulk,gives_up,free,0.17160008869583487,17.702405438601108,maritime+waterways
RUS,6347,6319,733,liquid_bulk,gives_up,free,0.17160008869583487,17.702405438601108,maritime+waterways
RUS,6374,6319,733,liquid_bulk,gives_up,free,0.17160008869583487,17.702405438601108,maritime+waterways
RUS,6401,6319,733,liquid_bulk,gives_up,free,0.17160008869583487,17.702405438601108,maritime+waterways
RUS,6428,6319,733,liquid_bulk,gives_up,free,0.17160008869583487,17.702405438601108,maritime+waterways
RUS,6455,6319,733,liquid_bulk,gives_up,free,0.17160008869583487,17.702405438601108,maritime+waterways
RUS,6509,6319,733,liquid_bulk,gives_up,free,0.17160008869583487,17.702405438601108,maritime+waterways
RUS,6536,6319,733,liquid_bulk,gives_up,free,0.17160008869583487,17.702405438601108,maritime+waterways
RUS,6644,6319,733,liquid_bulk,gives_up,free,0.17160008869583487,17.702405438601108,maritime+waterways
RUS,6671,6319,733,liquid_bulk,gives_up,free,0.17160008869583487,17.702405438601108,maritime+waterways
RUS,6698,6319,733,liquid_bulk,gives_up,free,0.17160008869583487,17.702405438601108,maritime+waterways
RUS,6725,6319,733,liquid_bulk,gives_up,free,0.17160008869583487,17.702405438601108,maritime+waterways
RUS,6752,6319,733,liquid_bulk,gives_up,free,0.17160008869583487,17.702405438601108,maritime+waterways
RUS,6779,6319,733,liquid_bulk,gives_up,free,0.17160008869583487,17.702405438601108,maritime+waterways
RUS,6806,6319,733,liquid_bulk,gives_up,free,0.17160008869583487,17.702405438601108,maritime+waterways
RUS,6833,6319,733,liquid_bulk,gives_up,free,0.17160008869583487,17.702405438601108,maritime+waterways
RUS,6860,6319,733,liquid_bulk,gives_up,free,0.17160008869583487,17.702405438601108,maritime+waterways
RUS,7782,6319,1051,dry_bulk,gives_up,free,0.06092730425429016,0.0,maritime+waterways
RUS,7790,6319,1051,dry_bulk,gives_up,free,0.06092730425429016,0.0,maritime+waterways
RUS,7798,6319,1051,dry_bulk,gives_up,free,0.06092730425429016,0.0,maritime+waterways
RUS,7839,6319,409,dry_bulk,gives_up,free,0.06085227937113857,1.2777997987878644,maritime+waterways
RUS,7841,6319,409,dry_bulk,gives_up,free,0.06085227937113857,1.2777997987878644,maritime+waterways
RUS,7846,6319,1051,dry_bulk,gives_up,free,0.06092730425429016,0.0,maritime+waterways
RUS,7855,6319,1051,dry_bulk,gives_up,free,0.06092730425429016,0.0,maritime+waterways
RUS,7919,6319,1051,dry_bulk,gives_up,free,0.06092730425429016,0.0,maritime+waterways
RUS,7927,6319,1051,dry_bulk,gives_up,free,0.06092730425429016,0.0,maritime+waterways
RUS,8055,6319,1051,dry_bulk,gives_up,free,0.06092730425429016,0.0,maritime+waterways
12036,hh_234,866,56,dry_bulk,gives_up,free,0.15653139969651475,10.087216369593914,waterways
12036,hh_235,866,742,dry_bulk,gives_up,free,0.11861515995243876,39.45789569714752,waterways
12036,hh_240,866,392,dry_bulk,gives_up,free,0.053971639517268466,21.506361855672456,waterways
12036,2045,866,1078,dry_bulk,gives_up,free,0.012954333860017986,36.931857058495,waterways
12036,2052,866,829,dry_bulk,gives_up,free,0.013326657093321037,13.236898497515275,waterways
12036,2059,866,153,dry_bulk,gives_up,free,0.13537826382604612,46.66055190591506,waterways
12036,2061,866,221,dry_bulk,delivers_same,same,0.47834989586285803,66.13971732420826,waterways
12036,2065,866,154,dry_bulk,gives_up,free,0.1407083378637657,19.02226963177616,waterways
12036,2077,866,319,dry_bulk,gives_up,free,0.09227811401000885,10.087216369593914,waterways
12036,2084,866,1465,dry_bulk,gives_up,free,0.1150779638102668,10.087216369593914,waterways
12036,2102,866,586,dry_bulk,gives_up,free,0.16805155826075557,10.087216369593914,waterways
12036,2106,866,196,dry_bulk,gives_up,free,0.0016546551290208544,77.0728749993439,waterways
12036,2137,866,311,dry_bulk,gives_up,free,0.06435515944243408,10.087216369593914,waterways
12086,hh_235,1761,742,liquid_bulk,gives_up,free,0.10470044536356515,30.26028241930621,waterways
12086,2736,1761,1450,liquid_bulk,gives_up,free,0.08717086673658647,0.0,waterways
12086,2740,1761,497,liquid_bulk,gives_up,free,0.11061023975246553,0.8896030917526077,waterways
12086,2741,1761,585,liquid_bulk,gives_up,free,0.1019738703469033,0.0,waterways
12086,2809,1761,56,liquid_bulk,gives_up,free,0.09331566493431942,0.0,waterways
12086,2810,1761,742,liquid_bulk,gives_up,free,0.10470044536356515,30.26028241930621,waterways
12086,2814,1761,1608,liquid_bulk,gives_up,same,0.07303957344735101,0.0,waterways
12086,2815,1761,392,liquid_bulk,gives_up,free,0.06205089522565976,11.419145486078541,waterways
12363,hh_113,603,733,dry_bulk,gives_up,free,0.18740855300421266,47.22300862620618,maritime+waterways
12363,6536,603,733,dry_bulk,gives_up,free,0.18740855300421266,47.22300862620618,maritime+waterways
TUR,2517,5248,928,dry_bulk,delivers_free,free,0.01942956345510427,7.368734645267233,maritime+railways+waterways
TUR,2526,5248,741,dry_bulk,delivers_same,same,0.18573549460504268,77.61936980158896,maritime+railways+waterways
TUR,2532,5248,1469,dry_bulk,delivers_same,same,0.09985985186592594,0.7027253406243322,maritime+railways+waterways
TUR,2533,5248,197,dry_bulk,delivers_same,same,0.09358727073195428,51.77970370458033,maritime+railways+waterways
TUR,2547,5248,1729,dry_bulk,delivers_free,free,0.06666655911446218,70.0171579190455,maritime+railways+waterways
TUR,2720,5248,2038,liquid_bulk,delivers_same,same,0.12098312509873921,0.0,maritime+railways+waterways
TUR,6401,5248,733,liquid_bulk,delivers_same,same,0.08506086061752294,17.702405438601108,maritime+railways+waterways
USA,115,6168,1668,dry_bulk,gives_up,free,0.057798920257562614,4.352265160396285,maritime+waterways
USA,228,6168,820,dry_bulk,gives_up,free,0.05454327700468742,15.271361365704378,maritime+waterways
USA,229,6168,1158,dry_bulk,gives_up,free,0.05758957268098763,3.7288462901362767,maritime+waterways
USA,232,6168,462,dry_bulk,gives_up,free,0.07846692223004426,37.41496581161871,maritime+waterways
USA,233,6168,870,dry_bulk,delivers_same,same,0.04892775401904381,5.095734492752605,maritime+railways+waterways
USA,234,6168,751,dry_bulk,delivers_same,same,0.07082989548856355,63.78400371947424,maritime+railways+waterways
USA,235,6168,750,dry_bulk,gives_up,free,0.1058654612145955,198.23283574272565,maritime+waterways
USA,1331,6168,2305,dry_bulk,gives_up,free,0.2244060037075568,90.62487232839729,maritime+waterways
USA,1355,6168,793,dry_bulk,gives_up,free,0.019489191912323678,235.65254492486844,maritime+waterways
USA,1356,6168,2311,dry_bulk,gives_up,free,0.22384252767694535,92.54060835346725,maritime+waterways
USA,1357,6168,2335,dry_bulk,gives_up,free,0.23576392541694213,53.962181385988394,maritime+waterways
USA,1358,6168,2347,dry_bulk,gives_up,free,0.2261019958819357,84.91636886507443,maritime+waterways
USA,1359,6168,2324,dry_bulk,gives_up,free,0.12280794123847905,177.55179105341074,maritime+waterways
USA,1360,6168,2312,dry_bulk,gives_up,free,0.2218694478489549,99.32548326571344,maritime+waterways
USA,2720,6168,2038,dry_bulk,gives_up,free,0.19102701623290308,49.29726616677415,maritime+waterways
USA,2724,6168,624,dry_bulk,delivers_same,same,0.451462475619558,105.25118614014254,maritime+waterways
USA,2726,6168,624,dry_bulk,delivers_same,same,0.451462475619558,105.25118614014254,maritime+waterways
USA,2728,6168,624,dry_bulk,delivers_same,same,0.451462475619558,105.25118614014254,maritime+waterways
USA,2730,6168,2269,dry_bulk,delivers_same,same,0.04919180072655016,0.0,maritime+railways+waterways
USA,2826,6168,1552,dry_bulk,gives_up,free,0.13995735295545808,25.670068688816244,maritime+waterways
USA,2828,6168,1447,dry_bulk,gives_up,free,0.20678099410157347,0.0,maritime+waterways
USA,2833,6168,1433,dry_bulk,gives_up,free,0.19034773578627262,51.596488346624774,maritime+waterways
USA,2836,6168,1153,dry_bulk,gives_up,free,0.17531062355739535,131.8372137865686,maritime+waterways
USA,2837,6168,2022,dry_bulk,gives_up,free,0.17203733839743074,0.0,maritime+waterways
USA,2840,6168,285,dry_bulk,gives_up,free,0.2309733682885975,16.05814531736965,maritime+waterways
USA,2842,6168,672,dry_bulk,gives_up,free,0.19214329965512822,62.967290765500785,maritime+waterways
USA,2843,6168,1307,dry_bulk,gives_up,free,0.23168970470387662,0.0,maritime+waterways
USA,2846,6168,1448,dry_bulk,gives_up,free,0.21233570711596728,0.0,maritime+waterways
USA,2848,6168,53,dry_bulk,gives_up,free,0.13798322004322539,148.5011686950821,maritime+waterways
USA,2855,6168,1269,dry_bulk,gives_up,free,0.2493175725632435,85.28259871900035,maritime+waterways
USA,2856,6168,1322,dry_bulk,gives_up,free,0.28874909151876405,0.0,maritime+waterways
USA,2859,6168,1023,dry_bulk,delivers_free,free,0.07472276260113664,67.18813138719159,maritime+railways+waterways
USA,2861,6168,672,dry_bulk,gives_up,free,0.19214329965512822,62.967290765500785,maritime+waterways
USA,2862,6168,673,dry_bulk,gives_up,free,0.18915350844830892,74.30462955338919,maritime+waterways
USA,2863,6168,1109,dry_bulk,gives_up,free,0.22300223248311424,24.289232740958152,maritime+waterways
USA,2864,6168,1532,dry_bulk,gives_up,free,0.14671476069375844,15.51251440858761,maritime+waterways
USA,2865,6168,1270,dry_bulk,gives_up,free,0.14989550736920143,0.0,maritime+waterways
USA,2869,6168,740,dry_bulk,gives_up,free,0.028232838488541745,129.28778134010452,maritime+waterways
USA,2872,6168,283,dry_bulk,gives_up,free,0.23720709316920274,0.0,maritime+waterways
USA,2873,6168,282,dry_bulk,gives_up,free,0.2170141891578916,0.0,maritime+waterways
USA,2885,6168,970,dry_bulk,gives_up,free,0.20763054035035755,0.0,maritime+waterways
USA,2886,6168,1286,dry_bulk,delivers_same,same,0.4855971614101011,187.22316360694916,maritime+waterways
USA,3203,6168,928,dry_bulk,gives_up,free,0.28537298127579613,7.368734645267233,maritime+waterways
USA,3204,6168,1433,dry_bulk,gives_up,free,0.19034773578627262,51.596488346624774,maritime+waterways
USA,3205,6168,710,dry_bulk,gives_up,free,0.20171956566585925,18.462776185723687,maritime+waterways
USA,3206,6168,749,dry_bulk,gives_up,free,0.1125906795075855,195.51886474113883,maritime+waterways
USA,3207,6168,938,dry_bulk,delivers_same,same,0.0805172579407718,0.0,maritime+railways+waterways
USA,3208,6168,461,dry_bulk,gives_up,free,0.17131530744007306,0.0,maritime+waterways
USA,3209,6168,445,dry_bulk,gives_up,free,0.07850042792356904,92.88539843237076,maritime+waterways
USA,3211,6168,1270,dry_bulk,gives_up,free,0.14989550736920143,0.0,maritime+waterways
USA,3212,6168,741,dry_bulk,gives_up,free,0.18624636521801063,77.61936980158896,maritime+waterways
USA,3213,6168,1153,dry_bulk,gives_up,free,0.17531062355739535,131.8372137865686,maritime+waterways
USA,3218,6168,1469,dry_bulk,gives_up,free,0.20078976840423435,0.7027253406243322,maritime+waterways
USA,3219,6168,197,dry_bulk,gives_up,free,0.0899682767911183,51.77970370458033,maritime+waterways
USA,3233,6168,1729,dry_bulk,delivers_same,same,0.19780242847851892,70.0171579190455,maritime+waterways
USA,5671,6168,733,liquid_bulk,gives_up,free,0.1587025050037565,17.702405438601108,maritime+waterways
USA,5698,6168,733,liquid_bulk,gives_up,free,0.1587025050037565,17.702405438601108,maritime+waterways
USA,5752,6168,733,dry_bulk,gives_up,free,0.194115033628681,17.702405438601108,maritime+waterways
USA,5806,6168,733,dry_bulk,gives_up,free,0.194115033628681,17.702405438601108,maritime+waterways
USA,5833,6168,733,dry_bulk,gives_up,free,0.194115033628681,17.702405438601108,maritime+waterways
USA,6297,6168,733,dry_bulk,gives_up,free,0.194115033628681,17.702405438601108,maritime+waterways
USA,6320,6168,733,liquid_bulk,gives_up,free,0.1587025050037565,17.702405438601108,maritime+waterways
USA,6401,6168,733,liquid_bulk,gives_up,free,0.1587025050037565,17.702405438601108,maritime+waterways
USA,6428,6168,733,liquid_bulk,gives_up,free,0.1587025050037565,17.702405438601108,maritime+waterways
USA,6455,6168,733,liquid_bulk,gives_up,free,0.1587025050037565,17.702405438601108,maritime+waterways
USA,6509,6168,733,liquid_bulk,gives_up,free,0.1587025050037565,17.702405438601108,maritime+waterways
USA,7771,6168,385,dry_bulk,gives_up,free,0.003762962975243367,180.60917220208472,maritime+waterways
USA,7773,6168,384,dry_bulk,gives_up,free,0.08478467859552263,52.693468606930146,maritime+waterways
USA,7842,6168,1719,dry_bulk,gives_up,free,0.08243909584547349,49.19090747415605,maritime+waterways
USA,7843,6168,2089,dry_bulk,gives_up,free,0.08579843056036895,40.21893388459402,maritime+waterways
USA,7846,6168,1051,dry_bulk,gives_up,free,0.03051982350584792,0.0,maritime+waterways
USA,7847,6168,385,dry_bulk,gives_up,free,0.003762962975243367,180.60917220208472,maritime+waterways
USA,7848,6168,1135,dry_bulk,gives_up,free,0.0036460251869272486,218.57334996273667,maritime+waterways
USA,7849,6168,594,dry_bulk,gives_up,free,0.006729867752126584,99.12353481778077,maritime+waterways
USA,7915,6168,1719,dry_bulk,gives_up,free,0.08243909584547349,49.19090747415605,maritime+waterways
USA,7916,6168,2089,dry_bulk,gives_up,free,0.08579843056036895,40.21893388459402,maritime+waterways
USA,7919,6168,1051,dry_bulk,gives_up,free,0.03051982350584792,0.0,maritime+waterways
USA,7920,6168,385,dry_bulk,gives_up,free,0.003762962975243367,180.60917220208472,maritime+waterways
USA,7921,6168,1135,dry_bulk,gives_up,free,0.0036460251869272486,218.57334996273667,maritime+waterways
USA,7922,6168,594,dry_bulk,gives_up,free,0.006729867752126584,99.12353481778077,maritime+waterways
USA,12052,6168,866,dry_bulk,gives_up,free,0.04097400537349016,10.087216369593914,maritime+waterways
USA,12060,6168,866,dry_bulk,gives_up,free,0.04097400537349016,10.087216369593914,maritime+waterways
USA,12135,6168,866,dry_bulk,gives_up,free,0.04097400537349016,10.087216369593914,maritime+waterways
USA,12727,6168,1668,dry_bulk,gives_up,free,0.057798920257562614,4.352265160396285,maritime+waterways
USA,12732,6168,2305,dry_bulk,gives_up,free,0.2244060037075568,90.62487232839729,maritime+waterways
949,hh_226,47,1469,dry_bulk,gives_up,free,0.009264378675672535,7.6626434201235485,maritime+waterways
949,hh_241,47,1729,dry_bulk,delivers_same,same,0.1004816691087671,76.97707599854472,maritime+waterways
12730,hh_113,343,733,liquid_bulk,gives_up,free,0.11032130952250374,31.61272248775327,maritime+waterways
2430,USA,461,6168,dry_bulk,gives_up,free,0.1713153074400735,0.0,maritime+waterways
4355,hh_219,991,1270,dry_bulk,gives_up,free,0.004217396149436503,92.02721604587613,maritime+waterways
4355,hh_220,991,741,dry_bulk,gives_up,free,0.03557300891129622,169.6465858474651,maritime+waterways
4355,2283,991,1532,dry_bulk,gives_up,free,0.0041551405273294595,107.53973045446374,maritime+waterways
4355,2602,991,741,dry_bulk,gives_up,free,0.03557300891129622,169.6465858474651,maritime+waterways
7767,GBR,1051,6478,dry_bulk,gives_up,free,0.12912170999413486,0.0,maritime+waterways
7767,USA,1051,6168,dry_bulk,gives_up,free,0.03051982350584792,0.0,maritime+waterways
7790,3039,1051,1223,dry_bulk,gives_up,free,0.06732774486936965,9.532225222417448,waterways
7790,9691,1051,1601,dry_bulk,gives_up,free,0.18684804231747765,0.0,waterways
7790,9694,1051,1601,dry_bulk,gives_up,free,0.18684804231747765,0.0,waterways
7790,9698,1051,2128,dry_bulk,gives_up,free,0.18266674137969052,9.196382481565738,waterways
7790,9714,1051,563,dry_bulk,gives_up,free,0.1702710486927168,41.981587261290706,waterways
7790,9726,1051,1687,dry_bulk,gives_up,free,0.20067478155987772,0.8249942060354838,waterways
7790,9749,1051,1687,dry_bulk,gives_up,free,0.20067478155987772,0.8249942060354838,waterways
7790,9761,1051,1687,dry_bulk,gives_up,free,0.20067478155987772,0.8249942060354838,waterways
7819,hh_115,1739,681,liquid_bulk,gives_up,free,0.07385204930816047,2.6949360262094904,waterways
7819,hh_234,1739,56,liquid_bulk,gives_up,free,0.08402175274931323,2.6949360262094904,waterways
7819,hh_235,1739,742,liquid_bulk,gives_up,free,0.09412429100765252,32.9552184455157,waterways
7819,hh_236,1739,1465,liquid_bulk,gives_up,free,0.08199606920902114,2.6949360262094904,waterways
7819,hh_239,1739,1608,liquid_bulk,gives_up,free,0.06490806099058699,2.6949360262094904,waterways
7819,hh_240,1739,392,liquid_bulk,gives_up,free,0.05598990584637242,14.114081512288031,waterways
7819,2739,1739,1450,liquid_bulk,gives_up,free,0.07813893233552638,2.6949360262094904,waterways
7819,2740,1739,497,liquid_bulk,gives_up,free,0.09887337195372803,3.5845391179620982,waterways
7819,2746,1739,498,liquid_bulk,gives_up,free,0.09902470497523841,2.6949360262094904,waterways
9590,hh_211,560,928,dry_bulk,gives_up,free,0.032166916377575294,19.797899407567527,maritime+waterways
9590,hh_227,560,197,dry_bulk,gives_up,free,0.06089487280604078,64.20886846688062,maritime+waterways
9590,hh_241,560,1729,dry_bulk,delivers_same,same,0.13461787588828966,82.4463226813458,maritime+waterways
11635,523,722,45,dry_bulk,delivers_same,same,0.09723596100422593,80.69337451146893,railways+waterways
12039,2050,789,1615,dry_bulk,gives_up,free,0.12097060756951827,0.0,waterways
12039,2056,789,894,dry_bulk,gives_up,free,0.021326254604207673,60.659092496135884,waterways
12039,2057,789,153,dry_bulk,gives_up,free,0.13072788318904727,36.57333553632114,waterways
12039,2075,789,222,dry_bulk,gives_up,free,0.14691754616031516,23.17672681047899,waterways
12039,2078,789,1055,dry_bulk,gives_up,free,0.10854700081804491,16.291952088932042,waterways
12039,2085,789,116,dry_bulk,gives_up,free,0.15876657531027338,1.875109473975925,waterways
12039,2104,789,2087,dry_bulk,gives_up,free,0.09183543252697635,15.147957317912484,waterways
12039,2105,789,196,dry_bulk,gives_up,free,0.0016000153266952921,66.98565862974998,waterways
12039,2119,789,390,dry_bulk,gives_up,free,0.09847362477679344,0.0,waterways
12039,2170,789,783,dry_bulk,gives_up,free,0.01016336373094573,30.820171839770524,waterways
12039,2620,789,196,dry_bulk,gives_up,free,0.0016000153266952921,66.98565862974998,waterways
12039,2622,789,392,dry_bulk,gives_up,free,0.052130469183697015,11.419145486078541,waterways
12962,hh_114,1761,346,liquid_bulk,gives_up,free,0.05937410856101599,173.19410598509467,waterways
12962,hh_115,1761,681,liquid_bulk,gives_up,free,0.08133621233066357,0.0,waterways
12962,hh_234,1761,56,liquid_bulk,gives_up,free,0.09331566493431942,0.0,waterways
12962,hh_236,1761,1465,liquid_bulk,gives_up,free,0.014198570151436218,0.0,waterways
12962,hh_239,1761,1608,liquid_bulk,gives_up,same,0.07303957344735101,0.0,waterways
12962,hh_240,1761,392,liquid_bulk,gives_up,free,0.06205089522565976,11.419145486078541,waterways
12962,2739,1761,1450,liquid_bulk,gives_up,free,0.08717086673658647,0.0,waterways
12962,2746,1761,498,liquid_bulk,gives_up,free,0.11079966793528429,0.0,waterways
12962,2811,1761,1465,liquid_bulk,gives_up,free,0.014198570151436218,0.0,waterways
5622,83,834,643,dry_bulk,gives_up,free,0.022873448994817025,326.3261192405066,maritime+waterways
5622,2271,834,461,dry_bulk,gives_up,free,0.0869559882735893,151.57017710746692,maritime+waterways
5622,2363,834,197,dry_bulk,gives_up,free,0.05722248779332251,203.34988081204725,maritime+waterways
9663,0,2096,643,dry_bulk,gives_up,free,0.011838297771853856,174.7559421330397,waterways
9663,2,2096,821,dry_bulk,gives_up,free,0.006444213107131835,140.35596806400432,waterways
9663,8,2096,209,dry_bulk,gives_up,free,0.09109287525066878,15.300461024379937,waterways
9663,7525,2096,1271,dry_bulk,gives_up,free,0.0488567710755794,118.79516168875384,waterways
9663,7529,2096,1053,dry_bulk,gives_up,free,0.07682247001658005,40.548113790146516,waterways
9663,7737,2096,683,dry_bulk,gives_up,free,0.06471003984487256,52.68489267690218,waterways
9663,11640,2096,1317,dry_bulk,delivers_same,same,0.06360571533446002,9.559626416607104,railways+waterways
2255,USA,624,6168,dry_bulk,delivers_same,same,0.4514624756195573,105.25118614014254,maritime+waterways
2435,hh_129,1153,2293,dry_bulk,gives_up,free,0.06883063230085429,155.34808462378865,maritime+waterways
2435,9839,1153,2228,dry_bulk,gives_up,free,0.0033829027218228447,131.83721378656864,waterways
4360,2222,1208,1322,dry_bulk,gives_up,free,0.10094701653494198,57.696266968449365,maritime+waterways
4360,2357,1208,1617,dry_bulk,gives_up,free,0.13065677477561533,60.03010802098247,maritime+waterways
4360,2366,1208,889,dry_bulk,gives_up,free,0.131472224495778,57.696266968449365,maritime+waterways
4360,2368,1208,862,dry_bulk,gives_up,free,0.06015530605048247,149.60100728411663,maritime+waterways
4360,2393,1208,445,dry_bulk,gives_up,free,0.016757551157816186,150.58166540082013,maritime+waterways
4360,2441,1208,197,dry_bulk,gives_up,free,0.06285073070286806,109.47597067302968,maritime+waterways
6934,2609,1425,197,dry_bulk,gives_up,free,0.0488055987699787,190.54816645847876,maritime+waterways
8477,2826,1201,1552,dry_bulk,gives_up,free,0.0723417611929007,29.86480697150305,maritime+waterways
12727,hh_114,1668,346,liquid_bulk,gives_up,free,0.062271646076706544,177.54637114549095,waterways
12727,hh_115,1668,681,liquid_bulk,gives_up,free,0.08632489995341053,4.352265160396285,waterways
12727,hh_236,1668,1465,liquid_bulk,gives_up,free,0.07050745465951347,4.352265160396285,waterways
12727,hh_239,1668,1608,liquid_bulk,gives_up,free,0.0786589812805023,4.352265160396285,waterways
12727,hh_240,1668,392,liquid_bulk,gives_up,free,0.06613337469602909,15.771410646474827,waterways
12727,2736,1668,1450,liquid_bulk,gives_up,free,0.0933221780507687,4.352265160396285,waterways
12727,2741,1668,585,liquid_bulk,gives_up,free,0.11177951505513906,4.352265160396285,waterways
12727,2810,1668,742,liquid_bulk,gives_up,free,0.11186853720146561,34.61254757970249,waterways
12727,2811,1668,1465,liquid_bulk,gives_up,free,0.07050745465951347,4.352265160396285,waterways
12727,2815,1668,392,liquid_bulk,gives_up,free,0.06613337469602909,15.771410646474827,waterways
12727,3341,1668,742,liquid_bulk,gives_up,free,0.11186853720146561,34.61254757970249,waterways
12727,3342,1668,1465,liquid_bulk,gives_up,free,0.07050745465951347,4.352265160396285,waterways
12727,3346,1668,392,liquid_bulk,gives_up,free,0.06613337469602909,15.771410646474827,waterways
12727,3380,1668,1465,liquid_bulk,gives_up,free,0.07050745465951347,4.352265160396285,waterways
12727,3383,1668,1608,liquid_bulk,gives_up,free,0.0786589812805023,4.352265160396285,waterways
2429,USA,938,6168,dry_bulk,delivers_same,same,0.08051725794077158,0.0,maritime+railways+waterways
4083,hh_214,394,749,dry_bulk,gives_up,free,0.04638561957575771,195.51886474113883,maritime+waterways
4083,hh_221,394,1153,dry_bulk,gives_up,free,0.10114974998757575,131.8372137865686,maritime+waterways
4083,hh_227,394,197,dry_bulk,gives_up,free,0.03397860647697448,51.77970370458033,maritime+waterways
4083,2133,394,699,dry_bulk,gives_up,free,0.17823434194259002,0.10106237396258157,maritime+waterways
4083,2212,394,1269,dry_bulk,gives_up,free,0.09632190550195774,85.28259871900035,maritime+waterways
4083,2229,394,360,dry_bulk,gives_up,free,0.2258882780625937,2.747899980959438,maritime+waterways
4083,2233,394,53,dry_bulk,gives_up,free,0.06656152723572695,148.5011686950821,maritime+waterways
4083,2235,394,53,dry_bulk,gives_up,free,0.06656152723572695,148.5011686950821,maritime+waterways
4083,2243,394,672,dry_bulk,gives_up,free,0.11038265987924567,62.967290765500785,maritime+waterways
4083,2246,394,53,dry_bulk,gives_up,free,0.06656152723572695,148.5011686950821,maritime+waterways
4083,2278,394,461,dry_bulk,gives_up,free,0.030428384726643554,0.0,maritime+waterways
4083,2306,394,1269,dry_bulk,gives_up,free,0.09632190550195774,85.28259871900035,maritime+waterways
4083,2318,394,1109,dry_bulk,gives_up,free,0.08544507943483226,24.289232740958152,maritime+waterways
4083,2319,394,1286,dry_bulk,delivers_same,same,0.4650289821671627,187.22316360694916,maritime+waterways
4083,2362,394,889,dry_bulk,gives_up,free,0.17352292291352844,0.0,maritime+waterways
4356,2128,417,1272,dry_bulk,gives_up,free,0.10880799062604596,169.02621664787293,maritime+waterways
4356,2210,417,1322,dry_bulk,gives_up,free,0.05289611784829451,159.90847127564444,maritime+waterways
4356,2318,417,1109,dry_bulk,gives_up,free,0.10721921883879304,184.1977040166026,maritime+waterways
4356,2354,417,612,dry_bulk,gives_up,free,0.13009846870245756,159.90847127564444,maritime+waterways
4356,2358,417,1306,dry_bulk,gives_up,free,0.13189748400883405,159.90847127564444,maritime+waterways
4356,2359,417,780,dry_bulk,gives_up,free,0.10939534821747254,159.90847127564444,maritime+waterways
4356,2388,417,1433,dry_bulk,gives_up,free,0.0015278480940330574,211.5049596222692,maritime+waterways
4356,2608,417,1469,dry_bulk,gives_up,free,0.12047673757375654,160.61119661626878,maritime+waterways
4356,2661,417,1729,dry_bulk,delivers_same,same,0.12449221109568764,229.92562919468998,maritime+waterways
4356,3546,417,1433,dry_bulk,gives_up,free,0.0015278480940330574,211.5049596222692,maritime+waterways
7743,GBR,409,6478,dry_bulk,gives_up,free,0.1260052874573636,1.2777997987878644,maritime+waterways
4084,hh_211,305,928,dry_bulk,gives_up,free,0.012446417985919167,29.043529709982295,maritime+waterways
4084,hh_213,305,710,dry_bulk,gives_up,free,0.0828260658797686,40.13757125043875,maritime+waterways
4084,hh_241,305,1729,dry_bulk,delivers_same,same,0.17685787629623095,91.69195298376056,maritime+waterways
4084,2121,305,699,dry_bulk,gives_up,free,0.054624042010372964,21.775857438677644,maritime+waterways
4084,2124,305,1728,dry_bulk,delivers_same,same,0.11173071438471927,113.64126536638574,maritime+waterways
4084,2126,305,1553,dry_bulk,gives_up,free,0.025490421006265418,21.674795064715063,maritime+waterways
4084,2127,305,1552,dry_bulk,gives_up,free,0.031552787493208,47.34486375353131,maritime+waterways
4084,2128,305,1272,dry_bulk,gives_up,free,0.023802401393040018,30.79254043694356,maritime+waterways
4084,2129,305,1552,dry_bulk,gives_up,free,0.031552787493208,47.34486375353131,maritime+waterways
4084,2204,305,930,dry_bulk,gives_up,free,0.0041918094438719855,45.273660615642946,maritime+waterways
4084,2205,305,671,dry_bulk,gives_up,free,0.037065779511274544,21.674795064715063,maritime+waterways
4084,2206,305,672,dry_bulk,gives_up,free,0.006765034828545513,84.64208583021585,maritime+waterways
4084,2211,305,928,dry_bulk,gives_up,free,0.012446417985919167,29.043529709982295,maritime+waterways
4084,2220,305,285,dry_bulk,gives_up,free,0.029381605063104388,37.73294038208471,maritime+waterways
4084,2230,305,710,dry_bulk,gives_up,free,0.0828260658797686,40.13757125043875,maritime+waterways
4084,2231,305,710,dry_bulk,gives_up,free,0.0828260658797686,40.13757125043875,maritime+waterways
4084,2236,305,2302,dry_bulk,gives_up,free,0.10802625487974482,30.21978890023373,maritime+waterways
4084,2237,305,2335,dry_bulk,gives_up,free,0.10189136140441013,75.63697645070346,maritime+waterways
4084,2239,305,52,dry_bulk,gives_up,free,0.02574368297253904,37.30797799033042,maritime+waterways
4084,2323,305,673,dry_bulk,gives_up,free,0.006669636369591725,95.97942461810425,maritime+waterways
4084,2325,305,673,dry_bulk,gives_up,free,0.006669636369591725,95.97942461810425,maritime+waterways
4084,2328,305,1153,dry_bulk,gives_up,free,0.00622422685224322,153.51200885128367,maritime+waterways
4084,2354,305,612,dry_bulk,gives_up,free,0.0157191789587503,21.674795064715063,maritime+waterways
4084,2356,305,1449,dry_bulk,gives_up,free,0.002121930424328733,28.647509985382566,maritime+waterways
4084,2359,305,780,dry_bulk,gives_up,free,0.00829825479594426,21.674795064715063,maritime+waterways
4084,2366,305,889,dry_bulk,gives_up,free,0.04138127414242865,21.674795064715063,maritime+waterways
4084,2593,305,928,dry_bulk,gives_up,free,0.012446417985919167,29.043529709982295,maritime+waterways
4084,2623,305,1729,dry_bulk,delivers_same,same,0.17685787629623095,91.69195298376056,maritime+waterways
8292,2370,1637,1540,dry_bulk,gives_up,free,0.009251508450480284,212.0579649307231,maritime+waterways
7770,GBR,594,6478,dry_bulk,gives_up,free,0.08077788719377255,99.12353481778077,maritime+waterways
7770,USA,594,6168,dry_bulk,gives_up,free,0.006729867752126806,99.12353481778077,maritime+waterways
8297,2351,364,1469,dry_bulk,gives_up,free,0.09931429399903169,102.21184741545086,maritime+waterways
7024,3203,1417,928,dry_bulk,gives_up,free,0.022139483446916852,104.09573020055669,maritime+waterways
9661,23,1411,2074,dry_bulk,gives_up,free,0.07697635503540079,16.946013082987758,waterways
9661,1253,1411,2336,dry_bulk,gives_up,free,0.07683737670786472,54.93400688851328,waterways
9661,1254,1411,54,dry_bulk,gives_up,free,0.01580361486091353,105.89173662104216,waterways
9661,1305,1411,2335,dry_bulk,gives_up,free,0.07697079714012522,53.962181385988394,waterways
9661,2222,1411,1322,dry_bulk,gives_up,free,0.012204440184579779,0.0,waterways
9661,2237,1411,2335,dry_bulk,gives_up,free,0.07697079714012522,53.962181385988394,waterways
9661,2306,1411,1269,dry_bulk,gives_up,free,0.01028921978198305,85.28259871900035,waterways
9661,2598,1411,461,dry_bulk,gives_up,free,0.014549035942715838,0.0,waterways
9661,7573,1411,2002,dry_bulk,gives_up,free,0.00410384945256026,193.85868697496156,waterways
3,hh_239,1424,1608,dry_bulk,gives_up,free,0.0617394345331046,0.0,waterways
51,USA,751,6168,dry_bulk,delivers_same,same,0.070829895488564,63.78400371947424,maritime+railways+waterways
51,5863,751,1874,dry_bulk,delivers_same,same,0.054375409352683146,122.0987326518114,maritime+railways+waterways
51,5864,751,8,dry_bulk,delivers_same,same,0.06703409037645947,63.78400371947424,maritime+railways+waterways
51,5867,751,424,dry_bulk,delivers_same,same,0.030979257816450056,140.05724782665683,maritime+railways+waterways
8312,2220,1720,285,dry_bulk,gives_up,free,0.01539975108518754,138.3825603154667,maritime+waterways
8583,6297,2012,733,liquid_bulk,gives_up,free,0.126513721000592,17.702405438601108,maritime+waterways
8583,6455,2012,733,liquid_bulk,gives_up,free,0.126513721000592,17.702405438601108,maritime+waterways
4363,hh_226,887,1469,dry_bulk,gives_up,free,0.04014556655318757,91.47102703472851,maritime+waterways
4558,hh_212,1394,1433,liquid_bulk,gives_up,free,0.21391969627281715,2.2992221798506205,maritime+waterways
4558,hh_226,1394,1469,liquid_bulk,gives_up,free,0.15635827991354123,0.7027253406243322,maritime+waterways
4558,5752,1394,733,liquid_bulk,gives_up,free,0.14668676222758892,17.702405438601108,maritime+waterways
4558,5779,1394,733,liquid_bulk,gives_up,free,0.14668676222758892,17.702405438601108,maritime+waterways
4558,5806,1394,733,liquid_bulk,gives_up,free,0.14668676222758892,17.702405438601108,maritime+waterways
4558,6031,1394,734,liquid_bulk,gives_up,free,0.23318590107115345,8.156375702061142,maritime+waterways
4558,6270,1394,733,liquid_bulk,gives_up,free,0.14668676222758892,17.702405438601108,maritime+waterways
4558,6320,1394,733,liquid_bulk,gives_up,free,0.14668676222758892,17.702405438601108,maritime+waterways
4558,6455,1394,733,liquid_bulk,gives_up,free,0.14668676222758892,17.702405438601108,maritime+waterways
4558,6509,1394,733,liquid_bulk,gives_up,free,0.14668676222758892,17.702405438601108,maritime+waterways
6936,hh_211,644,928,dry_bulk,gives_up,free,0.01943688355300699,208.63256427188048,maritime+waterways
6936,hh_226,644,1469,dry_bulk,gives_up,free,0.09966540362792786,201.96655496723758,maritime+waterways
6936,hh_227,644,197,dry_bulk,gives_up,free,0.04629663507760906,253.04353333119357,maritime+waterways
6936,hh_241,644,1729,dry_bulk,delivers_same,same,0.10262928426255624,271.2809875456588,maritime+waterways
6936,2593,644,928,dry_bulk,gives_up,free,0.01943688355300699,208.63256427188048,maritime+waterways
7741,hh_239,1005,1608,dry_bulk,gives_up,free,0.041863968919449324,190.2179672172648,waterways
4354,2217,252,2038,dry_bulk,gives_up,free,0.0016768970613483258,119.57295481059782,maritime+waterways
4354,2223,252,285,dry_bulk,gives_up,free,0.07486167175953451,86.33383396119332,maritime+waterways
4354,2367,252,862,dry_bulk,gives_up,free,0.05839751559884809,162.18042895949094,maritime+waterways
4492,hh_220,1513,741,dry_bulk,gives_up,free,0.11805474998016252,89.15659489241276,maritime+waterways
5604,2329,379,1269,dry_bulk,gives_up,free,0.043329012220310936,94.50091457742168,waterways
5604,7746,379,491,dry_bulk,delivers_same,same,0.09317014078095287,9.218315858421343,railways+waterways
5604,7754,379,595,dry_bulk,gives_up,free,0.12551747649274914,122.3745401662795,waterways
5604,7988,379,2089,dry_bulk,gives_up,free,0.16242335114860085,49.437249743015364,waterways
9643,7735,114,1719,dry_bulk,gives_up,free,0.16975742919331815,49.19090747415605,waterways
9643,7796,114,1006,dry_bulk,gives_up,free,0.08071157991981392,55.90361274655484,waterways
6,2617,1424,742,dry_bulk,gives_up,free,0.08882962325087629,29.370679327553603,waterways
5613,7762,346,594,dry_bulk,gives_up,free,0.07286903586697835,272.3176408028754,waterways
5613,7801,346,594,dry_bulk,gives_up,free,0.07286903586697835,272.3176408028754,waterways
5613,12042,346,24,dry_bulk,delivers_free,free,0.03463498113346586,222.53817700100603,railways+waterways
5698,4094,733,1079,dry_bulk,gives_up,free,0.03883273682894339,48.82206695265007,maritime+waterways
11634,hh_233,1194,2039,dry_bulk,delivers_free,free,0.02052963027949306,42.88097300129166,railways+waterways
11634,hh_239,1194,1608,dry_bulk,delivers_same,same,0.09721576391336395,0.0,railways+waterways
11634,hh_240,1194,392,dry_bulk,delivers_same,same,0.09799920420506858,11.419145486078541,railways+waterways
11634,9842,1194,1606,dry_bulk,delivers_same,same,0.11723370128323207,0.0,railways+waterways
5651,2129,251,1552,dry_bulk,delivers_free,free,0.009066577813271692,54.24149043599451,maritime+railways+waterways
8593,5833,2166,733,liquid_bulk,gives_up,free,0.03760517983777212,17.702405438601108,maritime+waterways
4566,hh_211,487,928,liquid_bulk,gives_up,free,0.24313521052059417,15.715129017379358,maritime+waterways
4566,5725,487,733,liquid_bulk,gives_up,free,0.12675247717113391,26.04879981071323,maritime+waterways
4566,5994,487,733,liquid_bulk,gives_up,free,0.12675247717113391,26.04879981071323,maritime+waterways
5602,2602,2076,741,dry_bulk,gives_up,free,0.08985456954034321,106.45217589870026,maritime+waterways
5602,7741,2076,1005,dry_bulk,gives_up,free,0.0013954405384679625,219.05077331437607,maritime+waterways
5602,7990,2076,1005,dry_bulk,gives_up,free,0.0013954405384679625,219.05077331437607,maritime+waterways
5602,12039,2076,789,dry_bulk,gives_up,free,0.07318250733278586,28.832806097111288,maritime+waterways
4,USA,820,6168,dry_bulk,gives_up,free,0.05454327700468786,15.271361365704378,maritime+waterways
4093,1462,1274,2312,dry_bulk,gives_up,free,0.14701738500457928,130.91673472755912,maritime+waterways
4093,3575,1274,1729,dry_bulk,delivers_same,same,0.1788084916214654,101.60840938089117,maritime+waterways
5260,hh_213,1161,710,dry_bulk,gives_up,free,0.16156453085751665,108.43245034455967,maritime+waterways
5260,hh_214,1161,749,dry_bulk,gives_up,free,0.08210726341015162,285.4885388999748,maritime+waterways
5260,hh_216,1161,461,dry_bulk,gives_up,free,0.01793840998235341,89.96967415883599,maritime+waterways
5260,hh_220,1161,741,dry_bulk,gives_up,free,0.0893599025871783,167.58904396042496,maritime+waterways
5260,hh_221,1161,1153,dry_bulk,gives_up,free,0.13046328162351717,221.80688794540458,maritime+waterways
5260,hh_226,1161,1469,dry_bulk,gives_up,free,0.14720645961352807,90.67239949946031,maritime+waterways
5260,2594,1161,1433,dry_bulk,gives_up,free,0.1433973637344068,141.56616250546077,maritime+waterways
5260,2596,1161,749,dry_bulk,gives_up,free,0.08210726341015162,285.4885388999748,maritime+waterways
5260,2603,1161,1153,dry_bulk,gives_up,free,0.13046328162351717,221.80688794540458,maritime+waterways
5260,2608,1161,1469,dry_bulk,gives_up,free,0.14720645961352807,90.67239949946031,maritime+waterways
5260,7798,1161,1051,dry_bulk,gives_up,free,0.04946206086545479,89.96967415883599,maritime+waterways
5269,hh_211,1161,928,liquid_bulk,gives_up,free,0.2252994658531955,97.33840880410322,maritime+waterways
5269,hh_213,1161,710,liquid_bulk,gives_up,free,0.13230749658670415,108.43245034455967,maritime+waterways
5269,hh_214,1161,749,liquid_bulk,delivers_same,same,0.10492923642726604,92.68364516042283,maritime+railways+waterways
5269,hh_241,1161,1729,liquid_bulk,delivers_same,same,0.25275871014570517,159.9868320778815,maritime+waterways
12825,hh_113,1588,733,liquid_bulk,gives_up,free,0.1374881939236201,54.408529261705766,maritime+waterways
12825,hh_212,1588,1433,liquid_bulk,gives_up,free,0.18941739442801198,39.00534600295527,maritime+waterways
12825,hh_214,1588,749,liquid_bulk,delivers_same,same,0.1137415030964175,39.42009482469148,maritime+railways+waterways
12825,hh_220,1588,741,liquid_bulk,gives_up,free,0.06250877921949383,114.32549362469362,maritime+waterways
12825,hh_221,1588,1153,liquid_bulk,gives_up,free,0.13212861345024707,105.5760468441725,maritime+waterways
12825,hh_226,1588,1469,liquid_bulk,gives_up,free,0.13661101918732643,37.40884916372898,maritime+waterways
12825,hh_241,1588,1729,liquid_bulk,delivers_same,same,0.28174173426839033,106.72328174215015,maritime+waterways
12825,2738,1588,1272,liquid_bulk,gives_up,free,0.1746612391037521,45.823869195333145,maritime+waterways
12825,3356,1588,1433,liquid_bulk,gives_up,free,0.18941739442801198,39.00534600295527,maritime+waterways
12825,3364,1588,741,liquid_bulk,gives_up,free,0.06250877921949383,114.32549362469362,maritime+waterways
12825,3365,1588,1153,liquid_bulk,gives_up,free,0.13212861345024707,105.5760468441725,maritime+waterways
12825,3370,1588,1469,liquid_bulk,gives_up,free,0.13661101918732643,37.40884916372898,maritime+waterways
12825,3385,1588,1729,liquid_bulk,delivers_same,same,0.28174173426839033,106.72328174215015,maritime+waterways
9380,2213,857,1109,dry_bulk,gives_up,free,0.1379885173970412,307.96380530724423,maritime+waterways
9380,2302,857,1269,dry_bulk,gives_up,free,0.06793211664022447,368.95717128528645,maritime+waterways
9380,2314,857,500,dry_bulk,gives_up,free,0.13117978745277115,331.847582079284,maritime+waterways
9380,2362,857,889,dry_bulk,gives_up,free,0.11384517220750379,283.6745725662861,maritime+waterways
9400,2520,857,749,dry_bulk,gives_up,free,0.042668616154283745,479.1934373074249,maritime+waterways
9400,2826,857,1552,dry_bulk,gives_up,free,0.08359911600352299,309.3446412551023,maritime+waterways
9400,2855,857,1269,dry_bulk,gives_up,free,0.06793211664022447,368.95717128528645,maritime+waterways
9412,hh_212,796,1433,liquid_bulk,gives_up,free,0.16224868960082106,124.17084648207792,maritime+waterways
9412,hh_213,796,710,liquid_bulk,gives_up,free,0.12695133465788921,140.334400487951,maritime+waterways
9412,hh_214,796,749,liquid_bulk,delivers_free,free,0.10160239304780028,124.58559530381415,maritime+railways+waterways
9412,hh_220,796,741,liquid_bulk,gives_up,free,0.05472251781297488,199.49099410381626,maritime+waterways
9412,hh_227,796,197,liquid_bulk,gives_up,free,0.0764691101624646,173.65132800680763,maritime+waterways
9412,hh_241,796,1729,liquid_bulk,delivers_same,same,0.24222755964136877,191.88878222127283,maritime+waterways
9541,hh_211,332,928,dry_bulk,gives_up,free,0.23176162449925686,37.73597313350117,maritime+waterways
9541,hh_212,332,1433,dry_bulk,gives_up,free,0.1553265219294122,81.9637268348587,maritime+waterways
9541,hh_213,332,710,dry_bulk,gives_up,free,0.17497214446666876,48.83001467395762,maritime+waterways
9541,hh_214,332,749,dry_bulk,gives_up,free,0.08754339328379723,225.88610322937274,maritime+waterways
9541,hh_216,332,461,dry_bulk,gives_up,free,0.019221045318069452,30.367238488233934,maritime+waterways
9541,hh_219,332,1270,dry_bulk,gives_up,free,0.006572510291923406,30.367238488233934,maritime+waterways
9541,hh_220,332,741,dry_bulk,gives_up,free,0.09631512201758952,107.9866082898229,maritime+waterways
9541,hh_221,332,1153,dry_bulk,gives_up,free,0.13969119017095322,162.20445227480258,maritime+waterways
9541,hh_226,332,1469,dry_bulk,gives_up,free,0.16054665089353093,31.069963828858267,maritime+waterways
9541,hh_227,332,197,dry_bulk,gives_up,free,0.054872297960498306,82.14694219281427,maritime+waterways
9541,hh_241,332,1729,dry_bulk,delivers_same,same,0.16093294415266257,100.38439640727944,maritime+waterways
9639,4,1044,820,dry_bulk,gives_up,free,0.09694185219270457,22.096745210299783,waterways
9639,2236,1044,2302,dry_bulk,gives_up,free,0.1057161829026041,15.370377680114071,waterways
9639,2275,1044,462,dry_bulk,gives_up,free,0.008949918144562252,44.240349656214114,waterways
9639,2329,1044,1269,dry_bulk,gives_up,free,0.005853404573868959,92.10798256359575,waterways
9639,2389,1044,710,dry_bulk,gives_up,free,0.06960340308668611,25.28816003031909,waterways
9639,7746,1044,491,dry_bulk,delivers_same,same,0.020914783132746084,6.825383844595405,railways+waterways
9639,7794,1044,1719,dry_bulk,gives_up,free,0.12316729869490572,56.016291318751456,waterways
9639,11638,1044,368,dry_bulk,gives_up,free,0.05894414885085619,324.4434546965161,waterways
9639,11643,1044,369,dry_bulk,delivers_same,same,0.038278565411418164,21.934949319938575,railways+waterways
9639,11725,1044,295,dry_bulk,delivers_free,free,0.03891594106781615,93.12359440029631,railways+waterways
12790,hh_212,1161,1433,liquid_bulk,gives_up,free,0.1694698932133376,92.2688963386866,maritime+waterways
12790,hh_215,1161,938,liquid_bulk,delivers_same,same,0.020197074682220206,89.96967415883599,maritime+railways+waterways
12790,hh_216,1161,461,liquid_bulk,gives_up,free,0.0001198034773939316,89.96967415883599,maritime+waterways
12790,hh_220,1161,741,liquid_bulk,gives_up,free,0.05682531693584081,167.58904396042496,maritime+waterways
12790,hh_221,1161,1153,liquid_bulk,gives_up,free,0.12154264396026737,158.83959717990382,maritime+waterways
12790,hh_226,1161,1469,liquid_bulk,gives_up,free,0.12091767191895997,90.67239949946031,maritime+waterways
12790,hh_227,1161,197,liquid_bulk,gives_up,free,0.0798593418826834,141.7493778634163,maritime+waterways
9387,2217,796,2038,dry_bulk,gives_up,free,0.142468387965359,171.16889046900144,maritime+waterways
9387,2218,796,2038,dry_bulk,gives_up,free,0.142468387965359,171.16889046900144,maritime+waterways
9387,2243,796,672,dry_bulk,gives_up,free,0.1279139165677261,184.8389150677281,maritime+waterways
9387,2253,796,1286,dry_bulk,delivers_same,same,0.3851040393069898,309.0947879091765,maritime+waterways
9387,2317,796,841,dry_bulk,gives_up,free,0.06083473636111414,206.8736535544512,maritime+waterways
9387,2322,796,1153,dry_bulk,gives_up,free,0.1191547789935139,253.70883808879591,maritime+waterways
9387,2354,796,612,dry_bulk,gives_up,free,0.16561973201052504,121.8716243022273,maritime+waterways
9387,2357,796,1617,dry_bulk,gives_up,free,0.13891835791494778,124.2054653547604,maritime+waterways
9387,2623,796,1729,dry_bulk,delivers_same,same,0.14705473004423864,191.88878222127283,maritime+waterways
9391,hh_211,796,928,dry_bulk,gives_up,free,0.21163162967441207,129.24035894749454,maritime+waterways
9391,hh_212,796,1433,dry_bulk,gives_up,free,0.1420902160346078,173.46811264885207,maritime+waterways
9391,hh_213,796,710,dry_bulk,gives_up,free,0.160095073971404,140.334400487951,maritime+waterways
9391,hh_214,796,749,dry_bulk,gives_up,free,0.07182917811774625,317.39048904336613,maritime+waterways
9391,hh_216,796,461,dry_bulk,gives_up,free,0.007408183162660897,121.8716243022273,maritime+waterways
9391,hh_220,796,741,dry_bulk,gives_up,free,0.07735947304440316,199.49099410381626,maritime+waterways
9391,hh_221,796,1153,dry_bulk,gives_up,free,0.1191547789935139,253.70883808879591,maritime+waterways
9391,hh_226,796,1469,dry_bulk,gives_up,free,0.14575574231960897,122.57434964285163,maritime+waterways
9391,hh_227,796,197,dry_bulk,gives_up,free,0.05008008230518568,173.65132800680763,maritime+waterways
9391,hh_241,796,1729,dry_bulk,delivers_same,same,0.14705473004423864,191.88878222127283,maritime+waterways
9393,hh_113,796,733,dry_bulk,gives_up,free,0.15440816067139007,139.5740297408284,maritime+waterways
9393,5860,796,733,dry_bulk,gives_up,free,0.15440816067139007,139.5740297408284,maritime+waterways
9393,6536,796,733,dry_bulk,gives_up,free,0.15440816067139007,139.5740297408284,maritime+waterways
9397,hh_211,796,928,dry_bulk,gives_up,free,0.21163162967441207,129.24035894749454,maritime+waterways
9397,hh_212,796,1433,dry_bulk,gives_up,free,0.1420902160346078,173.46811264885207,maritime+waterways
9397,hh_213,796,710,dry_bulk,gives_up,free,0.160095073971404,140.334400487951,maritime+waterways
9397,hh_214,796,749,dry_bulk,gives_up,free,0.07182917811774625,317.39048904336613,maritime+waterways
9397,hh_216,796,461,dry_bulk,gives_up,free,0.007408183162660897,121.8716243022273,maritime+waterways
9397,hh_220,796,741,dry_bulk,gives_up,free,0.07735947304440316,199.49099410381626,maritime+waterways
9397,hh_221,796,1153,dry_bulk,gives_up,free,0.1191547789935139,253.70883808879591,maritime+waterways
9397,hh_226,796,1469,dry_bulk,gives_up,free,0.14575574231960897,122.57434964285163,maritime+waterways
9397,hh_227,796,197,dry_bulk,gives_up,free,0.05008008230518568,173.65132800680763,maritime+waterways
9397,hh_241,796,1729,dry_bulk,delivers_same,same,0.14705473004423864,191.88878222127283,maritime+waterways
9397,2720,796,2038,dry_bulk,gives_up,free,0.142468387965359,171.16889046900144,maritime+waterways
9397,3203,796,928,dry_bulk,gives_up,free,0.21163162967441207,129.24035894749454,maritime+waterways
9397,3204,796,1433,dry_bulk,gives_up,free,0.1420902160346078,173.46811264885207,maritime+waterways
9397,3205,796,710,dry_bulk,gives_up,free,0.160095073971404,140.334400487951,maritime+waterways
9397,3206,796,749,dry_bulk,gives_up,free,0.07182917811774625,317.39048904336613,maritime+waterways
9397,3208,796,461,dry_bulk,gives_up,free,0.007408183162660897,121.8716243022273,maritime+waterways
9397,3212,796,741,dry_bulk,gives_up,free,0.07735947304440316,199.49099410381626,maritime+waterways
9397,3213,796,1153,dry_bulk,gives_up,free,0.1191547789935139,253.70883808879591,maritime+waterways
9397,3218,796,1469,dry_bulk,gives_up,free,0.14575574231960897,122.57434964285163,maritime+waterways
9397,3219,796,197,dry_bulk,gives_up,free,0.05008008230518568,173.65132800680763,maritime+waterways
9397,3233,796,1729,dry_bulk,delivers_same,same,0.14705473004423864,191.88878222127283,maritime+waterways
9401,hh_211,796,928,dry_bulk,gives_up,free,0.21163162967441207,129.24035894749454,maritime+waterways
9401,hh_212,796,1433,dry_bulk,gives_up,free,0.1420902160346078,173.46811264885207,maritime+waterways
9401,hh_213,796,710,dry_bulk,gives_up,free,0.160095073971404,140.334400487951,maritime+waterways
9401,hh_214,796,749,dry_bulk,gives_up,free,0.07182917811774625,317.39048904336613,maritime+waterways
9401,hh_216,796,461,dry_bulk,gives_up,free,0.007408183162660897,121.8716243022273,maritime+waterways
9401,hh_220,796,741,dry_bulk,gives_up,free,0.07735947304440316,199.49099410381626,maritime+waterways
9401,hh_221,796,1153,dry_bulk,gives_up,free,0.1191547789935139,253.70883808879591,maritime+waterways
9401,hh_226,796,1469,dry_bulk,gives_up,free,0.14575574231960897,122.57434964285163,maritime+waterways
9401,hh_227,796,197,dry_bulk,gives_up,free,0.05008008230518568,173.65132800680763,maritime+waterways
9401,hh_241,796,1729,dry_bulk,delivers_same,same,0.14705473004423864,191.88878222127283,maritime+waterways
9401,2517,796,928,dry_bulk,gives_up,free,0.21163162967441207,129.24035894749454,maritime+waterways
9401,2518,796,1433,dry_bulk,gives_up,free,0.1420902160346078,173.46811264885207,maritime+waterways
9401,2519,796,710,dry_bulk,gives_up,free,0.160095073971404,140.334400487951,maritime+waterways
9401,2522,796,461,dry_bulk,gives_up,free,0.007408183162660897,121.8716243022273,maritime+waterways
9401,2526,796,741,dry_bulk,gives_up,free,0.07735947304440316,199.49099410381626,maritime+waterways
9401,2527,796,1153,dry_bulk,gives_up,free,0.1191547789935139,253.70883808879591,maritime+waterways
9401,2532,796,1469,dry_bulk,gives_up,free,0.14575574231960897,122.57434964285163,maritime+waterways
9401,2533,796,197,dry_bulk,gives_up,free,0.05008008230518568,173.65132800680763,maritime+waterways
9401,2547,796,1729,dry_bulk,delivers_same,same,0.14705473004423864,191.88878222127283,maritime+waterways
9401,2720,796,2038,dry_bulk,gives_up,free,0.142468387965359,171.16889046900144,maritime+waterways
9401,2735,796,1272,dry_bulk,gives_up,free,0.14014284678037003,130.98936967445582,maritime+waterways
9401,2738,796,1272,dry_bulk,gives_up,free,0.14014284678037003,130.98936967445582,maritime+waterways
9401,2742,796,1272,dry_bulk,gives_up,free,0.14014284678037003,130.98936967445582,maritime+waterways
9401,2828,796,1447,dry_bulk,gives_up,free,0.14900348486486403,121.8716243022273,maritime+waterways
9401,2833,796,1433,dry_bulk,gives_up,free,0.1420902160346078,173.46811264885207,maritime+waterways
9401,2836,796,1153,dry_bulk,gives_up,free,0.1191547789935139,253.70883808879591,maritime+waterways
9401,2837,796,2022,dry_bulk,gives_up,free,0.0044514836490414655,121.8716243022273,maritime+waterways
9401,2840,796,285,dry_bulk,gives_up,free,0.1699110135272177,137.92976961959695,maritime+waterways
9401,2842,796,672,dry_bulk,gives_up,free,0.1279139165677261,184.8389150677281,maritime+waterways
9401,2843,796,1307,dry_bulk,gives_up,free,0.17134190353051593,121.8716243022273,maritime+waterways
9401,2846,796,1448,dry_bulk,gives_up,free,0.15307954908855348,121.8716243022273,maritime+waterways
9401,2848,796,53,dry_bulk,gives_up,free,0.1082142910768773,270.3727929973094,maritime+waterways
9401,2856,796,1322,dry_bulk,gives_up,free,0.21348271498454108,121.8716243022273,maritime+waterways
9401,2861,796,672,dry_bulk,gives_up,free,0.1279139165677261,184.8389150677281,maritime+waterways
9401,2862,796,673,dry_bulk,gives_up,free,0.1263845019716483,196.1762538556165,maritime+waterways
9401,2863,796,1109,dry_bulk,gives_up,free,0.16654380081143927,146.16085704318544,maritime+waterways
9401,2872,796,283,dry_bulk,gives_up,free,0.17326050721651476,121.8716243022273,maritime+waterways
9401,2873,796,282,dry_bulk,gives_up,free,0.15829924895530145,121.8716243022273,maritime+waterways
9401,2885,796,970,dry_bulk,gives_up,free,0.16357386293819354,121.8716243022273,maritime+waterways
9401,2886,796,1286,dry_bulk,delivers_same,same,0.3851040393069898,309.0947879091765,maritime+waterways
9401,3203,796,928,dry_bulk,gives_up,free,0.21163162967441207,129.24035894749454,maritime+waterways
9401,3204,796,1433,dry_bulk,gives_up,free,0.1420902160346078,173.46811264885207,maritime+waterways
9401,3205,796,710,dry_bulk,gives_up,free,0.160095073971404,140.334400487951,maritime+waterways
9401,3206,796,749,dry_bulk,gives_up,free,0.07182917811774625,317.39048904336613,maritime+waterways
9401,3208,796,461,dry_bulk,gives_up,free,0.007408183162660897,121.8716243022273,maritime+waterways
9401,3212,796,741,dry_bulk,gives_up,free,0.07735947304440316,199.49099410381626,maritime+waterways
9401,3213,796,1153,dry_bulk,gives_up,free,0.1191547789935139,253.70883808879591,maritime+waterways
9401,3218,796,1469,dry_bulk,gives_up,free,0.14575574231960897,122.57434964285163,maritime+waterways
9401,3219,796,197,dry_bulk,gives_up,free,0.05008008230518568,173.65132800680763,maritime+waterways
9401,3233,796,1729,dry_bulk,delivers_same,same,0.14705473004423864,191.88878222127283,maritime+waterways
9401,3279,796,928,dry_bulk,gives_up,free,0.21163162967441207,129.24035894749454,maritime+waterways
9401,3280,796,1433,dry_bulk,gives_up,free,0.1420902160346078,173.46811264885207,maritime+waterways
9401,3281,796,710,dry_bulk,gives_up,free,0.160095073971404,140.334400487951,maritime+waterways
9401,3282,796,749,dry_bulk,gives_up,free,0.07182917811774625,317.39048904336613,maritime+waterways
9401,3284,796,461,dry_bulk,gives_up,free,0.007408183162660897,121.8716243022273,maritime+waterways
9401,3288,796,741,dry_bulk,gives_up,free,0.07735947304440316,199.49099410381626,maritime+waterways
9401,3289,796,1153,dry_bulk,gives_up,free,0.1191547789935139,253.70883808879591,maritime+waterways
9401,3294,796,1469,dry_bulk,gives_up,free,0.14575574231960897,122.57434964285163,maritime+waterways
9401,3295,796,197,dry_bulk,gives_up,free,0.05008008230518568,173.65132800680763,maritime+waterways
9401,3309,796,1729,dry_bulk,delivers_same,same,0.14705473004423864,191.88878222127283,maritime+waterways
9401,6031,796,734,dry_bulk,gives_up,free,0.20011998531332487,130.02800000428846,maritime+waterways
9401,6347,796,733,dry_bulk,gives_up,free,0.15440816067139007,139.5740297408284,maritime+waterways
9532,2593,183,928,dry_bulk,gives_up,free,0.2313249557820427,39.20083894425034,maritime+waterways
9532,2598,183,461,dry_bulk,gives_up,free,0.019190551822402258,31.83210429898311,maritime+waterways
9532,2603,183,1153,dry_bulk,gives_up,free,0.13947195896148123,163.6693180855517,maritime+waterways
9633,21,1446,2291,dry_bulk,gives_up,free,0.046062686566827216,71.38475148002462,waterways
9633,2130,1446,699,dry_bulk,gives_up,free,0.036919491563314866,51.86010904582056,waterways
9633,2238,1446,671,dry_bulk,gives_up,free,0.027321752118312448,51.75904667185797,waterways
9633,7753,1446,1194,dry_bulk,delivers_free,free,0.03996374253978541,51.75904667185797,railways+waterways
2719,5,498,820,liquid_bulk,gives_up,free,0.11623826831403417,15.271361365704378,waterways
2719,8,498,209,liquid_bulk,gives_up,free,0.11623143745768827,15.300461024379937,waterways
2719,52,498,750,liquid_bulk,delivers_same,same,0.07303563725005313,0.0,railways+waterways
2719,58,498,462,liquid_bulk,gives_up,free,0.13197792535453678,6.586715711520452,waterways
2719,60,498,751,liquid_bulk,delivers_same,same,0.053211073682208676,63.78400371947424,railways+waterways
2719,70,498,462,liquid_bulk,gives_up,free,0.13197792535453678,6.586715711520452,waterways
2719,83,498,643,liquid_bulk,gives_up,free,0.08526169101487313,174.7559421330397,waterways
2719,108,498,751,liquid_bulk,delivers_same,same,0.053211073682208676,63.78400371947424,railways+waterways
2719,111,498,1424,liquid_bulk,gives_up,free,0.13914077669146163,0.0,waterways
2719,132,498,462,liquid_bulk,gives_up,free,0.13197792535453678,6.586715711520452,waterways
2719,163,498,750,liquid_bulk,delivers_same,same,0.07303563725005313,0.0,railways+waterways
2719,183,498,820,liquid_bulk,gives_up,free,0.11623826831403417,15.271361365704378,waterways
2719,192,498,820,liquid_bulk,gives_up,free,0.11623826831403417,15.271361365704378,waterways
2719,217,498,750,liquid_bulk,delivers_same,same,0.07303563725005313,0.0,railways+waterways
2719,258,498,438,liquid_bulk,delivers_same,same,0.09823503606230721,8.055632002999067,railways+waterways
2719,272,498,643,liquid_bulk,gives_up,free,0.08526169101487313,174.7559421330397,waterways
2719,280,498,750,liquid_bulk,delivers_same,same,0.07303563725005313,0.0,railways+waterways
2719,282,498,820,liquid_bulk,gives_up,free,0.11623826831403417,15.271361365704378,waterways
2719,292,498,1158,liquid_bulk,gives_up,free,0.11901259123455499,3.7288462901362767,waterways
2719,305,498,870,liquid_bulk,delivers_same,same,0.0668257294844723,5.095734492752605,railways+waterways
2719,318,498,820,liquid_bulk,gives_up,free,0.11623826831403417,15.271361365704378,waterways
2719,389,498,643,liquid_bulk,gives_up,free,0.08526169101487313,174.7559421330397,waterways
2719,414,498,751,liquid_bulk,delivers_same,same,0.053211073682208676,63.78400371947424,railways+waterways
2719,1265,498,2324,liquid_bulk,gives_up,free,0.10543337961271093,177.55179105341074,waterways
2719,1289,498,793,liquid_bulk,gives_up,free,0.18608213628832226,235.65254492486844,waterways
2719,1452,498,2335,liquid_bulk,gives_up,free,0.30477081930625927,53.962181385988394,waterways
2719,1457,498,793,liquid_bulk,gives_up,free,0.18608213628832226,235.65254492486844,waterways
2719,1464,498,793,liquid_bulk,gives_up,free,0.18608213628832226,235.65254492486844,waterways
2719,1467,498,2347,liquid_bulk,gives_up,free,0.2748987748648426,84.91636886507443,waterways
2719,1717,498,446,liquid_bulk,delivers_same,same,0.07962574612850948,0.0,railways+waterways
2719,1874,498,446,liquid_bulk,delivers_same,same,0.07962574612850948,0.0,railways+waterways
2719,2133,498,699,liquid_bulk,gives_up,free,0.2658600939831597,0.10106237396258157,waterways
2719,2206,498,672,liquid_bulk,gives_up,free,0.09710148898060988,0.0,waterways
2719,2233,498,53,liquid_bulk,delivers_same,same,0.06953223821247057,0.0,railways+waterways
2719,2240,498,52,liquid_bulk,gives_up,free,0.15598008977901823,15.633182925615356,waterways
2719,2251,498,2268,liquid_bulk,delivers_same,same,0.06719346682227045,2.5892065359911527,railways+waterways
2719,2282,498,461,liquid_bulk,gives_up,free,0.16890882091225823,0.0,waterways
2719,2284,498,445,liquid_bulk,gives_up,free,0.07162214688698976,92.88539843237076,waterways
2719,2302,498,1269,liquid_bulk,gives_up,free,0.21592760492467744,85.28259871900035,waterways
2719,2312,498,841,liquid_bulk,gives_up,free,0.14246609990199177,85.0020292522239,waterways
2719,2316,498,1109,liquid_bulk,gives_up,free,0.18442895727525954,24.289232740958152,waterways
2719,2325,498,673,liquid_bulk,gives_up,free,0.09318303115473192,11.337338787888406,waterways
2719,2326,498,749,liquid_bulk,delivers_same,same,0.07248680413496356,2.7139710015868355,railways+waterways
2719,2351,498,1469,liquid_bulk,gives_up,free,0.11915715913194025,0.7027253406243322,waterways
2719,2355,498,611,liquid_bulk,gives_up,free,0.07538929642145442,13.439123510952633,waterways
2719,2357,498,1617,liquid_bulk,gives_up,free,0.10180777996633661,2.3338410525331055,waterways
2719,2389,498,710,liquid_bulk,gives_up,free,0.3243162421025354,18.462776185723687,waterways
2719,2402,498,1469,liquid_bulk,gives_up,free,0.11915715913194025,0.7027253406243322,waterways
2719,2519,498,710,liquid_bulk,gives_up,free,0.3243162421025354,18.462776185723687,waterways
2719,2525,498,1270,liquid_bulk,gives_up,free,0.0955807402144675,0.0,waterways
2719,2555,498,928,liquid_bulk,gives_up,free,0.305114276651987,7.368734645267233,waterways
2719,2561,498,445,liquid_bulk,gives_up,free,0.07162214688698976,92.88539843237076,waterways
2719,2585,498,1729,liquid_bulk,delivers_same,same,0.5506575221291545,70.0171579190455,waterways
2719,2641,498,1153,liquid_bulk,gives_up,free,0.07734430088649513,68.86992302106785,waterways
2719,2673,498,938,liquid_bulk,delivers_same,same,0.07079829182205533,0.0,railways+waterways
2719,2676,498,842,liquid_bulk,gives_up,free,0.07255053827348257,88.1435574531788,waterways
2719,2708,498,2067,liquid_bulk,gives_up,free,0.14602918982205448,35.829924314762756,waterways
2719,2710,498,1305,liquid_bulk,gives_up,free,0.12156858790599223,4.31424440929741,waterways
2719,2712,498,1989,liquid_bulk,gives_up,free,0.06588392699529244,125.15950519761323,waterways
2719,2720,498,2038,liquid_bulk,gives_up,free,0.17557415457746828,0.0,waterways
2719,2750,498,710,liquid_bulk,gives_up,free,0.3243162421025354,18.462776185723687,waterways
2719,2754,498,445,liquid_bulk,gives_up,free,0.07162214688698976,92.88539843237076,waterways
2719,2755,498,842,liquid_bulk,gives_up,free,0.07255053827348257,88.1435574531788,waterways
2719,2795,498,741,liquid_bulk,gives_up,free,0.14651992711877226,77.61936980158896,waterways
2719,2872,498,283,liquid_bulk,gives_up,free,0.1868777221028879,0.0,waterways
2719,2885,498,970,liquid_bulk,gives_up,free,0.3560466600992873,0.0,waterways
2719,2903,498,938,liquid_bulk,delivers_same,same,0.07079829182205533,0.0,railways+waterways
2719,2906,498,842,liquid_bulk,gives_up,free,0.07255053827348257,88.1435574531788,waterways
2719,2942,498,461,liquid_bulk,gives_up,free,0.16890882091225823,0.0,waterways
2719,2976,498,1433,liquid_bulk,gives_up,free,0.1733238711059797,2.2992221798506205,waterways
2719,2981,498,445,liquid_bulk,gives_up,free,0.07162214688698976,92.88539843237076,waterways
2719,2990,498,1469,liquid_bulk,gives_up,free,0.11915715913194025,0.7027253406243322,waterways
2719,3052,498,1433,liquid_bulk,gives_up,free,0.1733238711059797,2.2992221798506205,waterways
2719,3053,498,710,liquid_bulk,gives_up,free,0.3243162421025354,18.462776185723687,waterways
2719,3081,498,1729,liquid_bulk,delivers_same,same,0.5506575221291545,70.0171579190455,waterways
2719,3092,498,749,liquid_bulk,delivers_same,same,0.07248680413496356,2.7139710015868355,railways+waterways
2719,3104,498,1469,liquid_bulk,gives_up,free,0.11915715913194025,0.7027253406243322,waterways
2719,3142,498,1469,liquid_bulk,gives_up,free,0.11915715913194025,0.7027253406243322,waterways
2719,3167,498,710,liquid_bulk,gives_up,free,0.3243162421025354,18.462776185723687,waterways
2719,3174,498,741,liquid_bulk,gives_up,free,0.14651992711877226,77.61936980158896,waterways
2719,3195,498,1729,liquid_bulk,delivers_same,same,0.5506575221291545,70.0171579190455,waterways
2719,3207,498,938,liquid_bulk,delivers_same,same,0.07079829182205533,0.0,railways+waterways
2719,3209,498,445,liquid_bulk,gives_up,free,0.07162214688698976,92.88539843237076,waterways
2719,3211,498,1270,liquid_bulk,gives_up,free,0.0955807402144675,0.0,waterways
2719,3241,498,928,liquid_bulk,gives_up,free,0.305114276651987,7.368734645267233,waterways
2719,3271,498,1729,liquid_bulk,delivers_same,same,0.5506575221291545,70.0171579190455,waterways
2719,3283,498,938,liquid_bulk,delivers_same,same,0.07079829182205533,0.0,railways+waterways
2719,3321,498,938,liquid_bulk,delivers_same,same,0.07079829182205533,0.0,railways+waterways
2719,3360,498,461,liquid_bulk,gives_up,free,0.16890882091225823,0.0,waterways
2719,3361,498,445,liquid_bulk,gives_up,free,0.07162214688698976,92.88539843237076,waterways
2719,3362,498,842,liquid_bulk,gives_up,free,0.07255053827348257,88.1435574531788,waterways
2719,3507,498,928,liquid_bulk,gives_up,free,0.305114276651987,7.368734645267233,waterways
2719,3560,498,1469,liquid_bulk,gives_up,free,0.11915715913194025,0.7027253406243322,waterways
2719,3585,498,710,liquid_bulk,gives_up,free,0.3243162421025354,18.462776185723687,waterways
2719,3622,498,1433,liquid_bulk,gives_up,free,0.1733238711059797,2.2992221798506205,waterways
2719,3651,498,1729,liquid_bulk,delivers_same,same,0.5506575221291545,70.0171579190455,waterways
2719,3662,498,749,liquid_bulk,delivers_same,same,0.07248680413496356,2.7139710015868355,railways+waterways
2719,3689,498,1729,liquid_bulk,delivers_same,same,0.5506575221291545,70.0171579190455,waterways
2719,3706,498,741,liquid_bulk,gives_up,free,0.14651992711877226,77.61936980158896,waterways
2719,3736,498,1433,liquid_bulk,gives_up,free,0.1733238711059797,2.2992221798506205,waterways
2719,3744,498,741,liquid_bulk,gives_up,free,0.14651992711877226,77.61936980158896,waterways
2719,3779,498,445,liquid_bulk,gives_up,free,0.07162214688698976,92.88539843237076,waterways
2719,3826,498,1469,liquid_bulk,gives_up,free,0.11915715913194025,0.7027253406243322,waterways
2719,3857,498,1270,liquid_bulk,gives_up,free,0.0955807402144675,0.0,waterways
2719,3864,498,1469,liquid_bulk,gives_up,free,0.11915715913194025,0.7027253406243322,waterways
2719,3893,498,445,liquid_bulk,gives_up,free,0.07162214688698976,92.88539843237076,waterways
2719,3894,498,842,liquid_bulk,gives_up,free,0.07255053827348257,88.1435574531788,waterways
2719,3902,498,1469,liquid_bulk,gives_up,free,0.11915715913194025,0.7027253406243322,waterways
2719,3928,498,749,liquid_bulk,delivers_same,same,0.07248680413496356,2.7139710015868355,railways+waterways
2719,3933,498,1270,liquid_bulk,gives_up,free,0.0955807402144675,0.0,waterways
2719,4010,498,741,liquid_bulk,gives_up,free,0.14651992711877226,77.61936980158896,waterways
2719,5698,498,733,liquid_bulk,gives_up,free,0.3384697584538059,17.702405438601108,waterways
2719,7756,498,2089,liquid_bulk,gives_up,free,0.09301932670287139,40.21893388459402,waterways
2719,7787,498,2089,liquid_bulk,gives_up,free,0.09301932670287139,40.21893388459402,waterways
2719,7817,498,594,liquid_bulk,delivers_same,same,0.07948309106711604,14.032689490077388,railways+waterways
2719,7828,498,385,liquid_bulk,delivers_same,same,0.07819753948148,26.850992488702147,railways+waterways
2719,7835,498,1051,liquid_bulk,gives_up,free,0.08949060966600886,0.0,waterways
2719,7909,498,1006,liquid_bulk,gives_up,free,0.09625694250265582,0.0,waterways
2719,7914,498,594,liquid_bulk,delivers_same,same,0.07948309106711604,14.032689490077388,railways+waterways
2719,7920,498,385,liquid_bulk,delivers_same,same,0.07819753948148,26.850992488702147,railways+waterways
2719,7941,498,1006,liquid_bulk,gives_up,free,0.09625694250265582,0.0,waterways
2719,7964,498,2089,liquid_bulk,gives_up,free,0.09301932670287139,40.21893388459402,waterways
2719,7969,498,1135,liquid_bulk,delivers_same,same,0.0743619478660924,64.8151702493541,railways+waterways
2719,7973,498,1006,liquid_bulk,gives_up,free,0.09625694250265582,0.0,waterways
2719,8050,498,594,liquid_bulk,delivers_same,same,0.07948309106711604,14.032689490077388,railways+waterways
2719,8063,498,1051,liquid_bulk,gives_up,free,0.08949060966600886,0.0,waterways
2719,8064,498,385,liquid_bulk,delivers_same,same,0.07819753948148,26.850992488702147,railways+waterways
2719,8088,498,385,liquid_bulk,delivers_same,same,0.07819753948148,26.850992488702147,railways+waterways
2719,12086,498,1761,liquid_bulk,gives_up,free,0.11079966793528429,0.0,waterways
2719,12142,498,326,liquid_bulk,delivers_same,same,0.07287962687137273,23.156340134589,railways+waterways
2719,12161,498,22,liquid_bulk,delivers_same,same,0.07957016456050892,77.96388984487231,railways+waterways
5612,7798,1177,1051,dry_bulk,gives_up,free,0.07390232938331609,237.94105360808157,waterways
9883,hh_113,2227,733,liquid_bulk,gives_up,free,0.12552097229733183,17.702405438601108,waterways
9883,hh_213,2227,710,liquid_bulk,gives_up,free,0.13772643457374678,18.462776185723687,waterways
9883,2218,2227,2038,liquid_bulk,gives_up,free,0.21871262638850486,0.0,waterways
9883,2232,2227,53,liquid_bulk,delivers_same,same,0.13540533973214264,0.0,railways+waterways
9883,2233,2227,53,liquid_bulk,delivers_same,same,0.13540533973214264,0.0,railways+waterways
9883,2237,2227,2335,liquid_bulk,gives_up,free,0.1984550876918756,53.962181385988394,waterways
9883,2246,2227,53,liquid_bulk,delivers_same,same,0.13540533973214264,0.0,railways+waterways
9883,2285,2227,460,liquid_bulk,gives_up,free,0.1043269569480536,2.4222279732939214,waterways
9883,2427,2227,710,liquid_bulk,gives_up,free,0.13772643457374678,18.462776185723687,waterways
9883,2571,2227,197,liquid_bulk,gives_up,free,0.12246798661043723,51.77970370458033,waterways
9883,2596,2227,749,liquid_bulk,delivers_same,same,0.13317173415147732,2.7139710015868355,railways+waterways
9883,2671,2227,710,liquid_bulk,gives_up,free,0.13772643457374678,18.462776185723687,waterways
9883,2750,2227,710,liquid_bulk,gives_up,free,0.13772643457374678,18.462776185723687,waterways
9883,2763,2227,1469,liquid_bulk,gives_up,free,0.1498426995144828,0.7027253406243322,waterways
9883,2848,2227,53,liquid_bulk,delivers_same,same,0.13540533973214264,0.0,railways+waterways
9883,2909,2227,1153,liquid_bulk,delivers_same,same,0.13914859339889163,68.86992302106785,railways+waterways
9883,3015,2227,710,liquid_bulk,gives_up,free,0.13772643457374678,18.462776185723687,waterways
9883,3022,2227,741,liquid_bulk,gives_up,free,0.1380878302791777,77.61936980158896,waterways
9883,3053,2227,710,liquid_bulk,gives_up,free,0.13772643457374678,18.462776185723687,waterways
9883,3233,2227,1729,liquid_bulk,delivers_same,same,0.3653910746326101,70.0171579190455,waterways
9883,3281,2227,710,liquid_bulk,gives_up,free,0.13772643457374678,18.462776185723687,waterways
9883,3359,2227,938,liquid_bulk,delivers_same,same,0.13103437889160263,0.0,railways+waterways
9883,3394,2227,1433,liquid_bulk,gives_up,free,0.2172605082149217,2.2992221798506205,waterways
9883,3395,2227,710,liquid_bulk,gives_up,free,0.13772643457374678,18.462776185723687,waterways
9883,3433,2227,710,liquid_bulk,gives_up,free,0.13772643457374678,18.462776185723687,waterways
9883,3471,2227,710,liquid_bulk,gives_up,free,0.13772643457374678,18.462776185723687,waterways
9883,3509,2227,710,liquid_bulk,gives_up,free,0.13772643457374678,18.462776185723687,waterways
9883,3812,2227,1433,liquid_bulk,gives_up,free,0.2172605082149217,2.2992221798506205,waterways
9883,3816,2227,461,liquid_bulk,gives_up,free,0.10510820722657921,0.0,waterways
9883,3851,2227,710,liquid_bulk,gives_up,free,0.13772643457374678,18.462776185723687,waterways
9883,3927,2227,710,liquid_bulk,gives_up,free,0.13772643457374678,18.462776185723687,waterways
9883,3955,2227,1729,liquid_bulk,delivers_same,same,0.3653910746326101,70.0171579190455,waterways
9883,5595,2227,778,liquid_bulk,gives_up,free,0.19910291513744505,59.782190166966494,waterways
9883,5609,2227,797,liquid_bulk,gives_up,free,0.12677208780913074,14.014913482462283,waterways
9883,5610,2227,734,liquid_bulk,gives_up,free,0.22511015027577663,8.156375702061142,waterways
9883,5671,2227,733,liquid_bulk,gives_up,free,0.12552097229733183,17.702405438601108,waterways
9883,5698,2227,733,liquid_bulk,gives_up,free,0.12552097229733183,17.702405438601108,waterways
9883,5725,2227,733,liquid_bulk,gives_up,free,0.12552097229733183,17.702405438601108,waterways
9883,5779,2227,733,liquid_bulk,gives_up,free,0.12552097229733183,17.702405438601108,waterways
9883,5806,2227,733,liquid_bulk,gives_up,free,0.12552097229733183,17.702405438601108,waterways
9883,6347,2227,733,liquid_bulk,gives_up,free,0.12552097229733183,17.702405438601108,waterways
9883,6725,2227,733,liquid_bulk,gives_up,free,0.12552097229733183,17.702405438601108,waterways
12781,hh_113,1161,733,dry_bulk,gives_up,free,0.1558256352169134,107.67207959743708,maritime+waterways
12781,hh_140,1161,1051,dry_bulk,gives_up,free,0.04946206086545479,89.96967415883599,maritime+waterways
12781,hh_211,1161,928,dry_bulk,gives_up,free,0.21361634828346632,97.33840880410322,maritime+waterways
12781,hh_212,1161,1433,dry_bulk,gives_up,free,0.1433973637344068,141.56616250546077,maritime+waterways
12781,hh_219,1161,1270,dry_bulk,gives_up,free,0.006105269200652019,89.96967415883599,maritime+waterways
12781,hh_227,1161,197,dry_bulk,gives_up,free,0.050552348500473965,141.7493778634163,maritime+waterways
12781,hh_241,1161,1729,dry_bulk,delivers_same,same,0.14842389180121485,159.9868320778815,maritime+waterways
12781,2593,1161,928,dry_bulk,gives_up,free,0.21361634828346632,97.33840880410322,maritime+waterways
12781,2595,1161,710,dry_bulk,gives_up,free,0.16156453085751665,108.43245034455967,maritime+waterways
12781,2598,1161,461,dry_bulk,gives_up,free,0.01793840998235341,89.96967415883599,maritime+waterways
12781,2601,1161,1270,dry_bulk,gives_up,free,0.006105269200652019,89.96967415883599,maritime+waterways
12781,2602,1161,741,dry_bulk,gives_up,free,0.0893599025871783,167.58904396042496,maritime+waterways
12781,2609,1161,197,dry_bulk,gives_up,free,0.050552348500473965,141.7493778634163,maritime+waterways
12781,2623,1161,1729,dry_bulk,delivers_same,same,0.14842389180121485,159.9868320778815,maritime+waterways
12781,5860,1161,733,dry_bulk,gives_up,free,0.1558256352169134,107.67207959743708,maritime+waterways
12785,hh_211,1161,928,dry_bulk,gives_up,free,0.21361634828346632,97.33840880410322,maritime+waterways
12785,hh_214,1161,749,dry_bulk,gives_up,free,0.08210726341015162,285.4885388999748,maritime+waterways
12785,hh_216,1161,461,dry_bulk,gives_up,free,0.01793840998235341,89.96967415883599,maritime+waterways
12785,hh_227,1161,197,dry_bulk,gives_up,free,0.050552348500473965,141.7493778634163,maritime+waterways
9386,2124,555,1728,dry_bulk,delivers_same,same,0.09086142550008125,220.41482110382447,maritime+waterways
9386,2126,555,1553,dry_bulk,gives_up,free,0.1375785031836374,128.44835080215375,maritime+waterways
9386,2127,555,1552,dry_bulk,gives_up,free,0.0991241725333345,154.11841949097,maritime+waterways
9386,2128,555,1272,dry_bulk,gives_up,free,0.13608000403849263,137.56609617438224,maritime+waterways
9386,2205,555,671,dry_bulk,gives_up,free,0.17758592045664212,128.44835080215375,maritime+waterways
9386,2206,555,672,dry_bulk,gives_up,free,0.13544565964640998,191.41564156765455,maritime+waterways
9386,2246,555,53,dry_bulk,gives_up,free,0.10569428484534416,276.9495194972359,maritime+waterways
9386,2247,555,624,dry_bulk,delivers_same,same,0.34805125142752136,233.6995369422963,maritime+waterways
9386,2266,555,1154,dry_bulk,delivers_same,same,0.36709496114219964,327.3231827080825,maritime+waterways
9386,2271,555,461,dry_bulk,gives_up,free,0.017372732704089122,128.44835080215375,maritime+waterways
9386,2321,555,1286,dry_bulk,delivers_same,same,0.37649349021668876,315.6715144091029,maritime+waterways
9386,2355,555,611,dry_bulk,gives_up,free,0.13162371274485762,141.8874743131064,maritime+waterways
9386,2365,555,197,dry_bulk,gives_up,free,0.04868222479782314,180.22805450673408,maritime+waterways
9386,2367,555,862,dry_bulk,gives_up,free,0.04183588441548358,220.35309111782104,maritime+waterways
9539,5949,332,360,dry_bulk,gives_up,free,0.21972148971698147,33.11513846919337,maritime+waterways
9539,6031,332,734,dry_bulk,gives_up,free,0.21826196860237568,38.52361419029508,maritime+waterways
9539,6072,332,2204,dry_bulk,delivers_same,same,0.0038468274421517012,300.5532771236031,maritime+waterways
9539,6297,332,733,dry_bulk,gives_up,free,0.1687591331117353,48.06964392683505,maritime+waterways
9539,6347,332,733,dry_bulk,gives_up,free,0.1687591331117353,48.06964392683505,maritime+waterways
5943,2455,1233,1729,liquid_bulk,delivers_same,same,0.2832598999321063,70.0171579190455,maritime+waterways
5943,5671,1233,733,liquid_bulk,gives_up,free,0.0247348833077905,17.702405438601108,maritime+waterways
5943,5833,1233,733,liquid_bulk,gives_up,free,0.0247348833077905,17.702405438601108,maritime+waterways
5943,6135,1233,733,liquid_bulk,gives_up,free,0.0247348833077905,17.702405438601108,maritime+waterways
5943,6189,1233,733,liquid_bulk,gives_up,free,0.0247348833077905,17.702405438601108,maritime+waterways
5943,6509,1233,733,liquid_bulk,gives_up,free,0.0247348833077905,17.702405438601108,maritime+waterways
553,49,2050,462,liquid_bulk,gives_up,free,0.012012582001521555,6.586715711520452,waterways
553,52,2050,750,liquid_bulk,delivers_free,free,0.10790319318021391,0.0,railways+waterways
553,116,2050,128,liquid_bulk,gives_up,free,0.057179795940403455,0.0,waterways
553,2121,2050,699,liquid_bulk,gives_up,free,0.23652901781867408,0.10106237396258157,waterways
553,2205,2050,671,liquid_bulk,gives_up,free,0.19517615378787068,0.0,waterways
553,2206,2050,672,liquid_bulk,gives_up,free,0.1315829972265965,0.0,waterways
553,2215,2050,1269,liquid_bulk,gives_up,free,0.2132151749317417,85.28259871900035,waterways
553,2223,2050,285,liquid_bulk,gives_up,free,0.18297670630728424,16.05814531736965,waterways
553,2236,2050,2302,liquid_bulk,gives_up,free,0.15843523240850899,8.544993835518667,waterways
553,2258,2050,1286,liquid_bulk,delivers_same,same,0.36700602448352626,124.25587284144837,waterways
553,2271,2050,461,liquid_bulk,gives_up,free,0.1447237678660933,0.0,waterways
553,2277,2050,461,liquid_bulk,gives_up,free,0.1447237678660933,0.0,waterways
553,2281,2050,445,liquid_bulk,gives_up,free,0.05635955420994687,92.88539843237076,waterways
553,2291,2050,501,liquid_bulk,gives_up,free,0.0953274819030887,29.32664601191391,waterways
553,2302,2050,1269,liquid_bulk,gives_up,free,0.2132151749317417,85.28259871900035,waterways
553,2314,2050,500,liquid_bulk,gives_up,free,0.14684377082361944,48.173009512997936,waterways
553,2315,2050,1307,liquid_bulk,gives_up,free,0.16915613414879926,0.0,waterways
553,2393,2050,445,liquid_bulk,gives_up,free,0.05635955420994687,92.88539843237076,waterways
553,2402,2050,1469,liquid_bulk,gives_up,free,0.1046742335763502,0.7027253406243322,waterways
553,2561,2050,445,liquid_bulk,gives_up,free,0.05635955420994687,92.88539843237076,waterways
553,2563,2050,1270,liquid_bulk,gives_up,free,0.10209856254167993,0.0,waterways
553,2594,2050,1433,liquid_bulk,gives_up,free,0.18493511822910302,2.2992221798506205,waterways
553,2636,2050,461,liquid_bulk,gives_up,free,0.1447237678660933,0.0,waterways
553,2640,2050,741,liquid_bulk,gives_up,free,0.1358874436333828,77.61936980158896,waterways
553,2647,2050,197,liquid_bulk,gives_up,free,0.08085060728745952,51.77970370458033,waterways
553,2789,2050,749,liquid_bulk,delivers_free,free,0.10731321284694229,2.7139710015868355,railways+waterways
553,2794,2050,1270,liquid_bulk,gives_up,free,0.10209856254167993,0.0,waterways
553,3061,2050,1153,liquid_bulk,gives_up,free,0.11245185751183584,68.86992302106785,waterways
553,3171,2050,445,liquid_bulk,gives_up,free,0.05635955420994687,92.88539843237076,waterways
553,3173,2050,1270,liquid_bulk,gives_up,free,0.10209856254167993,0.0,waterways
553,3212,2050,741,liquid_bulk,gives_up,free,0.1358874436333828,77.61936980158896,waterways
553,3283,2050,938,liquid_bulk,delivers_free,free,0.10548275111480598,0.0,railways+waterways
553,3325,2050,1270,liquid_bulk,gives_up,free,0.10209856254167993,0.0,waterways
553,3355,2050,928,liquid_bulk,gives_up,free,0.2733138632890184,7.368734645267233,waterways
553,3393,2050,928,liquid_bulk,gives_up,free,0.2733138632890184,7.368734645267233,waterways
553,3431,2050,928,liquid_bulk,gives_up,free,0.2733138632890184,7.368734645267233,waterways
553,3472,2050,749,liquid_bulk,delivers_free,free,0.10731321284694229,2.7139710015868355,railways+waterways
553,3773,2050,928,liquid_bulk,gives_up,free,0.2733138632890184,7.368734645267233,waterways
553,3776,2050,749,liquid_bulk,delivers_free,free,0.10731321284694229,2.7139710015868355,railways+waterways
553,3803,2050,1729,liquid_bulk,delivers_same,same,0.40085896527859566,70.0171579190455,waterways
553,3927,2050,710,liquid_bulk,gives_up,free,0.061985945867390146,18.462776185723687,waterways
553,3931,2050,445,liquid_bulk,gives_up,free,0.05635955420994687,92.88539843237076,waterways
553,3935,2050,1153,liquid_bulk,gives_up,free,0.11245185751183584,68.86992302106785,waterways
553,5833,2050,733,liquid_bulk,gives_up,free,0.048552550799698,17.702405438601108,waterways
553,5967,2050,733,liquid_bulk,gives_up,free,0.048552550799698,17.702405438601108,waterways
2046,2750,1077,710,dry_bulk,gives_up,free,0.07904427249161117,37.44898877157151,waterways
2447,1305,2039,2335,dry_bulk,gives_up,free,0.11892941530513657,96.84315438728005,waterways
2447,1307,2039,2324,dry_bulk,gives_up,free,0.03646605329722741,220.4327640547024,waterways
2447,3555,2039,1153,dry_bulk,gives_up,free,0.00415684931603133,174.7181867878603,waterways
2725,3,1615,1424,liquid_bulk,gives_up,free,0.11418232057833078,0.0,waterways
2725,59,1615,870,liquid_bulk,delivers_same,same,0.055218452128048545,5.095734492752605,railways+waterways
2725,81,1615,751,liquid_bulk,delivers_same,same,0.06699216039323708,63.78400371947424,railways+waterways
2725,142,1615,820,liquid_bulk,gives_up,free,0.01970423990034842,15.271361365704378,waterways
2725,228,1615,820,liquid_bulk,gives_up,free,0.01970423990034842,15.271361365704378,waterways
2725,237,1615,820,liquid_bulk,gives_up,free,0.01970423990034842,15.271361365704378,waterways
2725,319,1615,1158,liquid_bulk,gives_up,free,0.023505090781807292,3.7288462901362767,waterways
2725,376,1615,462,liquid_bulk,gives_up,free,0.08397082013279178,6.586715711520452,waterways
2725,1458,1615,2311,liquid_bulk,gives_up,free,0.28837804343299966,92.54060835346725,waterways
2725,2272,1615,462,liquid_bulk,gives_up,free,0.08397082013279178,6.586715711520452,waterways
2725,2563,1615,1270,liquid_bulk,gives_up,free,0.04629913977897049,0.0,waterways
2725,2726,1615,624,liquid_bulk,delivers_same,same,0.3702279086908178,105.25118614014254,waterways
2725,3168,1615,749,liquid_bulk,delivers_same,same,0.13028816497418694,2.7139710015868355,railways+waterways
2725,3326,1615,741,liquid_bulk,gives_up,free,0.052204921457372544,77.61936980158896,waterways
2725,3478,1615,741,liquid_bulk,gives_up,free,0.052204921457372544,77.61936980158896,waterways
2725,3522,1615,1469,liquid_bulk,gives_up,free,0.12076600257961445,0.7027253406243322,waterways
2725,3550,1615,461,liquid_bulk,gives_up,free,0.1150312555165327,0.0,waterways
2725,3712,1615,1469,liquid_bulk,gives_up,free,0.12076600257961445,0.7027253406243322,waterways
2725,6455,1615,733,liquid_bulk,gives_up,free,0.34332488845794606,17.702405438601108,waterways
4095,1459,305,2335,dry_bulk,gives_up,free,0.10189136140441013,75.63697645070346,maritime+waterways
4095,1460,305,2347,dry_bulk,gives_up,free,0.09809452700897325,106.59116392978949,maritime+waterways
4095,2603,305,1153,dry_bulk,gives_up,free,0.00622422685224322,153.51200885128367,maritime+waterways
4095,2623,305,1729,dry_bulk,delivers_same,same,0.17685787629623095,91.69195298376056,maritime+waterways
4095,3545,305,928,dry_bulk,gives_up,free,0.012446417985919167,29.043529709982295,maritime+waterways
4095,3547,305,710,dry_bulk,gives_up,free,0.0828260658797686,40.13757125043875,maritime+waterways
4141,hh_211,395,928,liquid_bulk,gives_up,free,0.2911801389766122,7.368734645267233,maritime+waterways
4141,hh_212,395,1433,liquid_bulk,gives_up,free,0.22020149045907855,2.2992221798506205,maritime+waterways
4141,hh_213,395,710,liquid_bulk,gives_up,free,0.16927707109347234,18.462776185723687,maritime+waterways
4141,hh_214,395,749,liquid_bulk,delivers_same,same,0.1263439789808043,2.7139710015868355,maritime+railways+waterways
4141,hh_215,395,938,liquid_bulk,delivers_same,same,0.04354641356517419,0.0,maritime+railways+waterways
4141,hh_219,395,1270,liquid_bulk,gives_up,free,0.0067479836955028905,0.0,maritime+waterways
4141,hh_220,395,741,liquid_bulk,gives_up,free,0.07093519950587468,77.61936980158896,maritime+waterways
4141,hh_221,395,1153,liquid_bulk,gives_up,free,0.14737378840415394,68.86992302106785,maritime+waterways
4141,hh_226,395,1469,liquid_bulk,gives_up,free,0.1615068728779543,0.7027253406243322,maritime+waterways
4141,hh_227,395,197,liquid_bulk,gives_up,free,0.10364545627253641,51.77970370458033,maritime+waterways
4141,hh_241,395,1729,liquid_bulk,delivers_same,same,0.326161998061385,70.0171579190455,maritime+waterways
5942,hh_227,730,197,liquid_bulk,gives_up,free,0.13828563936190186,62.648244743915846,maritime+waterways
5942,1451,730,2311,liquid_bulk,gives_up,free,0.20935295138103194,103.40914939280277,maritime+waterways
5942,1466,730,2335,liquid_bulk,gives_up,free,0.22669746237927124,64.83072242532393,maritime+waterways
5942,2435,730,1153,liquid_bulk,gives_up,free,0.15566293603196812,79.73846406040337,maritime+waterways
5942,2440,730,1469,liquid_bulk,gives_up,free,0.17633808078532076,11.571266379959855,maritime+waterways
5942,2441,730,197,liquid_bulk,gives_up,free,0.13828563936190186,62.648244743915846,maritime+waterways
5942,5698,730,733,liquid_bulk,gives_up,free,0.16207025663191565,28.570946477936634,maritime+waterways
5942,5914,730,733,liquid_bulk,gives_up,free,0.16207025663191565,28.570946477936634,maritime+waterways
5942,6216,730,733,liquid_bulk,gives_up,free,0.16207025663191565,28.570946477936634,maritime+waterways
5942,6374,730,733,liquid_bulk,gives_up,free,0.16207025663191565,28.570946477936634,maritime+waterways
5942,6455,730,733,liquid_bulk,gives_up,free,0.16207025663191565,28.570946477936634,maritime+waterways
5942,6482,730,733,liquid_bulk,gives_up,free,0.16207025663191565,28.570946477936634,maritime+waterways
5942,6536,730,733,liquid_bulk,gives_up,free,0.16207025663191565,28.570946477936634,maritime+waterways
5942,6563,730,733,liquid_bulk,gives_up,free,0.16207025663191565,28.570946477936634,maritime+waterways
5942,6590,730,733,liquid_bulk,gives_up,free,0.16207025663191565,28.570946477936634,maritime+waterways
5942,6644,730,733,liquid_bulk,gives_up,free,0.16207025663191565,28.570946477936634,maritime+waterways
5942,6698,730,733,liquid_bulk,gives_up,free,0.16207025663191565,28.570946477936634,maritime+waterways
5942,6725,730,733,liquid_bulk,gives_up,free,0.16207025663191565,28.570946477936634,maritime+waterways
5942,6752,730,733,liquid_bulk,gives_up,free,0.16207025663191565,28.570946477936634,maritime+waterways
5942,6860,730,733,liquid_bulk,gives_up,free,0.16207025663191565,28.570946477936634,maritime+waterways
9634,9,1324,1959,dry_bulk,gives_up,free,0.12216483179716886,12.766963803888704,waterways
9634,1249,1324,793,dry_bulk,gives_up,free,0.0889597772425954,237.54755299798455,waterways
9634,7748,1324,384,dry_bulk,gives_up,free,0.1430866656896146,54.58847668004625,waterways
9634,12037,1324,1165,dry_bulk,gives_up,free,0.07798059205715702,46.73988814824024,waterways
9665,40,1446,462,dry_bulk,gives_up,free,0.01663812318323532,89.17401248347667,waterways
9665,7814,1446,1051,dry_bulk,gives_up,free,0.15363422187860398,51.75904667185797,waterways
9810,2856,998,1322,dry_bulk,delivers_same,same,0.7142183381689828,69.26851384245968,waterways
9820,11717,1446,295,dry_bulk,delivers_same,same,0.09036830110864913,138.05725722755886,railways+waterways
9880,hh_211,2128,928,liquid_bulk,gives_up,free,0.3657914129676596,16.565117126832973,waterways
9880,hh_212,2128,1433,liquid_bulk,gives_up,free,0.2783016849730555,11.495604661416358,waterways
9880,hh_214,2128,749,liquid_bulk,delivers_free,free,0.16498874242510886,11.910353483152573,railways+waterways
9880,hh_215,2128,938,liquid_bulk,delivers_free,free,0.16213738414396617,9.196382481565738,railways+waterways
9880,hh_216,2128,461,liquid_bulk,gives_up,free,0.17803036956489282,9.196382481565738,waterways
9880,hh_217,2128,445,liquid_bulk,gives_up,free,0.086513659406382,102.08178091393651,waterways
9880,hh_219,2128,1270,liquid_bulk,gives_up,free,0.14797591699381663,9.196382481565738,waterways
9880,hh_220,2128,741,liquid_bulk,gives_up,free,0.20916211456701328,86.8157522831547,waterways
9880,hh_221,2128,1153,liquid_bulk,gives_up,free,0.17300032466812687,78.06630550263358,waterways
9880,hh_226,2128,1469,liquid_bulk,gives_up,free,0.21085196466173106,9.89910782219007,waterways
9880,hh_227,2128,197,liquid_bulk,gives_up,free,0.1682437662650329,60.97608618614606,waterways
9880,hh_241,2128,1729,liquid_bulk,delivers_same,same,0.4090922834335844,79.21354040061124,waterways
9880,2121,2128,699,liquid_bulk,gives_up,free,0.33501853474603727,9.29744485552832,waterways
9880,2124,2128,1728,liquid_bulk,delivers_same,same,0.25446495894850174,101.16285278323642,waterways
9880,2126,2128,1553,liquid_bulk,gives_up,free,0.27521032592043837,9.196382481565738,waterways
9880,2127,2128,1552,liquid_bulk,gives_up,free,0.22705677259598644,34.866451170381985,waterways
9880,2128,2128,1272,liquid_bulk,gives_up,free,0.26557311717928234,18.314127853794236,waterways
9880,2129,2128,1552,liquid_bulk,gives_up,free,0.22705677259598644,34.866451170381985,waterways
9880,2130,2128,699,liquid_bulk,gives_up,free,0.33501853474603727,9.29744485552832,waterways
9880,2132,2128,1728,liquid_bulk,delivers_same,same,0.25446495894850174,101.16285278323642,waterways
9880,2133,2128,699,liquid_bulk,gives_up,free,0.33501853474603727,9.29744485552832,waterways
9880,2134,2128,281,liquid_bulk,gives_up,free,0.29040739938751425,11.038311129924338,waterways
9880,2135,2128,891,liquid_bulk,gives_up,free,0.2473317874630947,12.268110459867982,waterways
9880,2205,2128,671,liquid_bulk,gives_up,free,0.27945036987745775,9.196382481565738,waterways
9880,2206,2128,672,liquid_bulk,gives_up,free,0.2029181931160744,9.196382481565738,waterways
9880,2207,2128,929,liquid_bulk,delivers_same,same,0.4495816370713235,9.196382481565738,waterways
9880,2210,2128,1322,liquid_bulk,gives_up,free,0.3744891365551879,9.196382481565738,waterways
9880,2211,2128,928,liquid_bulk,gives_up,free,0.3657914129676596,16.565117126832973,waterways
9880,2212,2128,1269,liquid_bulk,gives_up,free,0.286460298081779,94.47898120056608,waterways
9880,2214,2128,673,liquid_bulk,gives_up,free,0.1973013120202345,20.533721269454144,waterways
9880,2215,2128,1269,liquid_bulk,gives_up,free,0.286460298081779,94.47898120056608,waterways
9880,2217,2128,2038,liquid_bulk,gives_up,free,0.28039466044219674,9.196382481565738,waterways
9880,2219,2128,2067,liquid_bulk,gives_up,free,0.25098069544598345,45.02630679632849,waterways
9880,2220,2128,285,liquid_bulk,gives_up,free,0.28007204079217085,25.254527798935392,waterways
9880,2222,2128,1322,liquid_bulk,gives_up,free,0.3744891365551879,9.196382481565738,waterways
9880,2223,2128,285,liquid_bulk,gives_up,free,0.28007204079217085,25.254527798935392,waterways
9880,2226,2128,930,liquid_bulk,delivers_same,same,0.4316861330785353,23.40072750448661,waterways
9880,2227,2128,2067,liquid_bulk,gives_up,free,0.25098069544598345,45.02630679632849,waterways
9880,2230,2128,710,liquid_bulk,gives_up,free,0.2565952254022035,27.659158667289425,waterways
9880,2231,2128,710,liquid_bulk,gives_up,free,0.2565952254022035,27.659158667289425,waterways
9880,2235,2128,53,liquid_bulk,delivers_free,free,0.16979119225546402,9.196382481565738,railways+waterways
9880,2238,2128,671,liquid_bulk,gives_up,free,0.27945036987745775,9.196382481565738,waterways
9880,2239,2128,52,liquid_bulk,gives_up,free,0.25400880172129225,24.829565407181093,waterways
9880,2240,2128,52,liquid_bulk,gives_up,free,0.25400880172129225,24.829565407181093,waterways
9880,2242,2128,672,liquid_bulk,gives_up,free,0.2029181931160744,9.196382481565738,waterways
9880,2243,2128,672,liquid_bulk,gives_up,free,0.2029181931160744,9.196382481565738,waterways
9880,2244,2128,2024,liquid_bulk,delivers_free,free,0.16069403071044275,25.000569524298108,railways+waterways
9880,2245,2128,749,liquid_bulk,delivers_free,free,0.16498874242510886,11.910353483152573,railways+waterways
9880,2247,2128,624,liquid_bulk,delivers_same,same,0.34894119000220414,114.44756862170829,waterways
9880,2252,2128,939,liquid_bulk,delivers_free,free,0.15631916467925366,27.747136436459225,railways+waterways
9880,2253,2128,1286,liquid_bulk,delivers_same,same,0.37162293056532314,133.4522553230141,waterways
9880,2254,2128,938,liquid_bulk,delivers_free,free,0.16213738414396617,9.196382481565738,railways+waterways
9880,2255,2128,624,liquid_bulk,delivers_same,same,0.34894119000220414,114.44756862170829,waterways
9880,2256,2128,938,liquid_bulk,delivers_free,free,0.16213738414396617,9.196382481565738,railways+waterways
9880,2258,2128,1286,liquid_bulk,delivers_same,same,0.37162293056532314,133.4522553230141,waterways
9880,2259,2128,1154,liquid_bulk,delivers_same,same,0.35242625299630337,145.10392362199374,waterways
9880,2260,2128,939,liquid_bulk,delivers_free,free,0.15631916467925366,27.747136436459225,railways+waterways
9880,2262,2128,1671,liquid_bulk,delivers_free,free,0.15343568363503168,37.462193512371876,railways+waterways
9880,2263,2128,624,liquid_bulk,delivers_same,same,0.34894119000220414,114.44756862170829,waterways
9880,2264,2128,624,liquid_bulk,delivers_same,same,0.34894119000220414,114.44756862170829,waterways
9880,2265,2128,1023,liquid_bulk,delivers_same,same,0.1999971247521246,76.38451386875734,railways+waterways
9880,2268,2128,1154,liquid_bulk,delivers_same,same,0.35242625299630337,145.10392362199374,waterways
9880,2269,2128,460,liquid_bulk,gives_up,free,0.1801753043924732,11.61861045485966,waterways
9880,2270,2128,461,liquid_bulk,gives_up,free,0.17803036956489282,9.196382481565738,waterways
9880,2271,2128,461,liquid_bulk,gives_up,free,0.17803036956489282,9.196382481565738,waterways
9880,2272,2128,462,liquid_bulk,gives_up,free,0.03815099551341894,15.78309819308619,waterways
9880,2274,2128,460,liquid_bulk,gives_up,free,0.1801753043924732,11.61861045485966,waterways
9880,2275,2128,462,liquid_bulk,gives_up,free,0.03815099551341894,15.78309819308619,waterways
9880,2278,2128,461,liquid_bulk,gives_up,free,0.17803036956489282,9.196382481565738,waterways
9880,2282,2128,461,liquid_bulk,gives_up,free,0.17803036956489282,9.196382481565738,waterways
9880,2283,2128,1532,liquid_bulk,gives_up,free,0.14253405125641527,24.708896890153348,waterways
9880,2294,2128,501,liquid_bulk,gives_up,free,0.13801422213622927,38.52302849347964,waterways
9880,2301,2128,501,liquid_bulk,gives_up,free,0.13801422213622927,38.52302849347964,waterways
9880,2302,2128,1269,liquid_bulk,gives_up,free,0.286460298081779,94.47898120056608,waterways
9880,2303,2128,501,liquid_bulk,gives_up,free,0.13801422213622927,38.52302849347964,waterways
9880,2304,2128,501,liquid_bulk,gives_up,free,0.13801422213622927,38.52302849347964,waterways
9880,2305,2128,1532,liquid_bulk,gives_up,free,0.14253405125641527,24.708896890153348,waterways
9880,2306,2128,1269,liquid_bulk,gives_up,free,0.286460298081779,94.47898120056608,waterways
9880,2308,2128,1270,liquid_bulk,gives_up,free,0.14797591699381663,9.196382481565738,waterways
9880,2310,2128,1306,liquid_bulk,gives_up,free,0.24250709143704396,9.196382481565738,waterways
9880,2311,2128,741,liquid_bulk,gives_up,free,0.20916211456701328,86.8157522831547,waterways
9880,2312,2128,841,liquid_bulk,gives_up,free,0.20525745112449134,94.19841173378964,waterways
9880,2313,2128,841,liquid_bulk,gives_up,free,0.20525745112449134,94.19841173378964,waterways
9880,2315,2128,1307,liquid_bulk,gives_up,free,0.26145444265388207,9.196382481565738,waterways
9880,2316,2128,1109,liquid_bulk,gives_up,free,0.24248382740835783,33.48561522252389,waterways
9880,2317,2128,841,liquid_bulk,gives_up,free,0.20525745112449134,94.19841173378964,waterways
9880,2318,2128,1109,liquid_bulk,gives_up,free,0.24248382740835783,33.48561522252389,waterways
9880,2321,2128,1286,liquid_bulk,delivers_same,same,0.37162293056532314,133.4522553230141,waterways
9880,2322,2128,1153,liquid_bulk,gives_up,free,0.17300032466812687,78.06630550263358,waterways
9880,2323,2128,673,liquid_bulk,gives_up,free,0.1973013120202345,20.533721269454144,waterways
9880,2325,2128,673,liquid_bulk,gives_up,free,0.1973013120202345,20.533721269454144,waterways
9880,2326,2128,749,liquid_bulk,delivers_free,free,0.16498874242510886,11.910353483152573,railways+waterways
9880,2327,2128,1153,liquid_bulk,gives_up,free,0.17300032466812687,78.06630550263358,waterways
9880,2328,2128,1153,liquid_bulk,gives_up,free,0.17300032466812687,78.06630550263358,waterways
9880,2329,2128,1269,liquid_bulk,gives_up,free,0.286460298081779,94.47898120056608,waterways
9880,2351,2128,1469,liquid_bulk,gives_up,free,0.21085196466173106,9.89910782219007,waterways
9880,2354,2128,612,liquid_bulk,gives_up,free,0.27142015125322505,9.196382481565738,waterways
9880,2355,2128,611,liquid_bulk,gives_up,free,0.203502099675551,22.63550599251837,waterways
9880,2357,2128,1617,liquid_bulk,gives_up,free,0.20394902758363664,11.530223534098845,waterways
9880,2358,2128,1306,liquid_bulk,gives_up,free,0.24250709143704396,9.196382481565738,waterways
9880,2359,2128,780,liquid_bulk,gives_up,free,0.2095559865329526,9.196382481565738,waterways
9880,2362,2128,889,liquid_bulk,gives_up,free,0.2657542382772051,9.196382481565738,waterways
9880,2364,2128,197,liquid_bulk,gives_up,free,0.1682437662650329,60.97608618614606,waterways
9880,2365,2128,197,liquid_bulk,gives_up,free,0.1682437662650329,60.97608618614606,waterways
9880,2366,2128,889,liquid_bulk,gives_up,free,0.2657542382772051,9.196382481565738,waterways
9880,2367,2128,862,liquid_bulk,gives_up,free,0.13215819878747515,101.10112279723302,waterways
9880,2368,2128,862,liquid_bulk,gives_up,free,0.13215819878747515,101.10112279723302,waterways
9880,2390,2128,749,liquid_bulk,delivers_free,free,0.16498874242510886,11.910353483152573,railways+waterways
9880,2391,2128,938,liquid_bulk,delivers_free,free,0.16213738414396617,9.196382481565738,railways+waterways
9880,2393,2128,445,liquid_bulk,gives_up,free,0.086513659406382,102.08178091393651,waterways
9880,2395,2128,1270,liquid_bulk,gives_up,free,0.14797591699381663,9.196382481565738,waterways
9880,2396,2128,741,liquid_bulk,gives_up,free,0.20916211456701328,86.8157522831547,waterways
9880,2397,2128,1153,liquid_bulk,gives_up,free,0.17300032466812687,78.06630550263358,waterways
9880,2402,2128,1469,liquid_bulk,gives_up,free,0.21085196466173106,9.89910782219007,waterways
9880,2403,2128,197,liquid_bulk,gives_up,free,0.1682437662650329,60.97608618614606,waterways
9880,2417,2128,1729,liquid_bulk,delivers_same,same,0.4090922834335844,79.21354040061124,waterways
9880,2425,2128,928,liquid_bulk,gives_up,free,0.3657914129676596,16.565117126832973,waterways
9880,2426,2128,1433,liquid_bulk,gives_up,free,0.2783016849730555,11.495604661416358,waterways
9880,2428,2128,749,liquid_bulk,delivers_free,free,0.16498874242510886,11.910353483152573,railways+waterways
9880,2429,2128,938,liquid_bulk,delivers_free,free,0.16213738414396617,9.196382481565738,railways+waterways
9880,2433,2128,1270,liquid_bulk,gives_up,free,0.14797591699381663,9.196382481565738,waterways
9880,2434,2128,741,liquid_bulk,gives_up,free,0.20916211456701328,86.8157522831547,waterways
9880,2435,2128,1153,liquid_bulk,gives_up,free,0.17300032466812687,78.06630550263358,waterways
9880,2440,2128,1469,liquid_bulk,gives_up,free,0.21085196466173106,9.89910782219007,waterways
9880,2441,2128,197,liquid_bulk,gives_up,free,0.1682437662650329,60.97608618614606,waterways
9880,2455,2128,1729,liquid_bulk,delivers_same,same,0.4090922834335844,79.21354040061124,waterways
9880,2517,2128,928,liquid_bulk,gives_up,free,0.3657914129676596,16.565117126832973,waterways
9880,2519,2128,710,liquid_bulk,gives_up,free,0.2565952254022035,27.659158667289425,waterways
9880,2520,2128,749,liquid_bulk,delivers_free,free,0.16498874242510886,11.910353483152573,railways+waterways
9880,2521,2128,938,liquid_bulk,delivers_free,free,0.16213738414396617,9.196382481565738,railways+waterways
9880,2522,2128,461,liquid_bulk,gives_up,free,0.17803036956489282,9.196382481565738,waterways
9880,2523,2128,445,liquid_bulk,gives_up,free,0.086513659406382,102.08178091393651,waterways
9880,2525,2128,1270,liquid_bulk,gives_up,free,0.14797591699381663,9.196382481565738,waterways
9880,2527,2128,1153,liquid_bulk,gives_up,free,0.17300032466812687,78.06630550263358,waterways
9880,2532,2128,1469,liquid_bulk,gives_up,free,0.21085196466173106,9.89910782219007,waterways
9880,2533,2128,197,liquid_bulk,gives_up,free,0.1682437662650329,60.97608618614606,waterways
9880,2555,2128,928,liquid_bulk,gives_up,free,0.3657914129676596,16.565117126832973,waterways
9880,2556,2128,1433,liquid_bulk,gives_up,free,0.2783016849730555,11.495604661416358,waterways
9880,2557,2128,710,liquid_bulk,gives_up,free,0.2565952254022035,27.659158667289425,waterways
9880,2559,2128,938,liquid_bulk,delivers_free,free,0.16213738414396617,9.196382481565738,railways+waterways
9880,2560,2128,461,liquid_bulk,gives_up,free,0.17803036956489282,9.196382481565738,waterways
9880,2561,2128,445,liquid_bulk,gives_up,free,0.086513659406382,102.08178091393651,waterways
9880,2563,2128,1270,liquid_bulk,gives_up,free,0.14797591699381663,9.196382481565738,waterways
9880,2565,2128,1153,liquid_bulk,gives_up,free,0.17300032466812687,78.06630550263358,waterways
9880,2570,2128,1469,liquid_bulk,gives_up,free,0.21085196466173106,9.89910782219007,waterways
9880,2593,2128,928,liquid_bulk,gives_up,free,0.3657914129676596,16.565117126832973,waterways
9880,2594,2128,1433,liquid_bulk,gives_up,free,0.2783016849730555,11.495604661416358,waterways
9880,2597,2128,938,liquid_bulk,delivers_free,free,0.16213738414396617,9.196382481565738,railways+waterways
9880,2598,2128,461,liquid_bulk,gives_up,free,0.17803036956489282,9.196382481565738,waterways
9880,2599,2128,445,liquid_bulk,gives_up,free,0.086513659406382,102.08178091393651,waterways
9880,2602,2128,741,liquid_bulk,gives_up,free,0.20916211456701328,86.8157522831547,waterways
9880,2603,2128,1153,liquid_bulk,gives_up,free,0.17300032466812687,78.06630550263358,waterways
9880,2608,2128,1469,liquid_bulk,gives_up,free,0.21085196466173106,9.89910782219007,waterways
9880,2609,2128,197,liquid_bulk,gives_up,free,0.1682437662650329,60.97608618614606,waterways
9880,2623,2128,1729,liquid_bulk,delivers_same,same,0.4090922834335844,79.21354040061124,waterways
9880,2669,2128,928,liquid_bulk,gives_up,free,0.3657914129676596,16.565117126832973,waterways
9880,2672,2128,749,liquid_bulk,delivers_free,free,0.16498874242510886,11.910353483152573,railways+waterways
9880,2675,2128,445,liquid_bulk,gives_up,free,0.086513659406382,102.08178091393651,waterways
9880,2677,2128,1270,liquid_bulk,gives_up,free,0.14797591699381663,9.196382481565738,waterways
9880,2678,2128,741,liquid_bulk,gives_up,free,0.20916211456701328,86.8157522831547,waterways
9880,2679,2128,1153,liquid_bulk,gives_up,free,0.17300032466812687,78.06630550263358,waterways
9880,2685,2128,197,liquid_bulk,gives_up,free,0.1682437662650329,60.97608618614606,waterways
9880,2699,2128,1729,liquid_bulk,delivers_same,same,0.4090922834335844,79.21354040061124,waterways
9880,2708,2128,2067,liquid_bulk,gives_up,free,0.25098069544598345,45.02630679632849,waterways
9880,2711,2128,1305,liquid_bulk,gives_up,free,0.21778219611344318,13.510626890863147,waterways
9880,2715,2128,281,liquid_bulk,gives_up,free,0.29040739938751425,11.038311129924338,waterways
9880,2720,2128,2038,liquid_bulk,gives_up,free,0.28039466044219674,9.196382481565738,waterways
9880,2726,2128,624,liquid_bulk,delivers_same,same,0.34894119000220414,114.44756862170829,waterways
9880,2728,2128,624,liquid_bulk,delivers_same,same,0.34894119000220414,114.44756862170829,waterways
9880,2735,2128,1272,liquid_bulk,gives_up,free,0.26557311717928234,18.314127853794236,waterways
9880,2738,2128,1272,liquid_bulk,gives_up,free,0.26557311717928234,18.314127853794236,waterways
9880,2742,2128,1272,liquid_bulk,gives_up,free,0.26557311717928234,18.314127853794236,waterways
9880,2748,2128,928,liquid_bulk,gives_up,free,0.3657914129676596,16.565117126832973,waterways
9880,2749,2128,1433,liquid_bulk,gives_up,free,0.2783016849730555,11.495604661416358,waterways
9880,2752,2128,938,liquid_bulk,delivers_free,free,0.16213738414396617,9.196382481565738,railways+waterways
9880,2754,2128,445,liquid_bulk,gives_up,free,0.086513659406382,102.08178091393651,waterways
9880,2756,2128,1270,liquid_bulk,gives_up,free,0.14797591699381663,9.196382481565738,waterways
9880,2758,2128,1153,liquid_bulk,gives_up,free,0.17300032466812687,78.06630550263358,waterways
9880,2764,2128,197,liquid_bulk,gives_up,free,0.1682437662650329,60.97608618614606,waterways
9880,2826,2128,1552,liquid_bulk,gives_up,free,0.22705677259598644,34.866451170381985,waterways
9880,2836,2128,1153,liquid_bulk,gives_up,free,0.17300032466812687,78.06630550263358,waterways
9880,2843,2128,1307,liquid_bulk,gives_up,free,0.26145444265388207,9.196382481565738,waterways
9880,2846,2128,1448,liquid_bulk,gives_up,free,0.25299327707212727,9.196382481565738,waterways
9880,2855,2128,1269,liquid_bulk,gives_up,free,0.286460298081779,94.47898120056608,waterways
9880,2856,2128,1322,liquid_bulk,gives_up,free,0.3744891365551879,9.196382481565738,waterways
9880,2859,2128,1023,liquid_bulk,delivers_same,same,0.1999971247521246,76.38451386875734,railways+waterways
9880,2861,2128,672,liquid_bulk,gives_up,free,0.2029181931160744,9.196382481565738,waterways
9880,2863,2128,1109,liquid_bulk,gives_up,free,0.24248382740835783,33.48561522252389,waterways
9880,2865,2128,1270,liquid_bulk,gives_up,free,0.14797591699381663,9.196382481565738,waterways
9880,2873,2128,282,liquid_bulk,gives_up,free,0.29234230365089386,9.196382481565738,waterways
9880,2885,2128,970,liquid_bulk,gives_up,free,0.27152384880342106,9.196382481565738,waterways
9880,2899,2128,928,liquid_bulk,gives_up,free,0.3657914129676596,16.565117126832973,waterways
9880,2900,2128,1433,liquid_bulk,gives_up,free,0.2783016849730555,11.495604661416358,waterways
9880,2901,2128,710,liquid_bulk,gives_up,free,0.2565952254022035,27.659158667289425,waterways
9880,2903,2128,938,liquid_bulk,delivers_free,free,0.16213738414396617,9.196382481565738,railways+waterways
9880,2904,2128,461,liquid_bulk,gives_up,free,0.17803036956489282,9.196382481565738,waterways
9880,2907,2128,1270,liquid_bulk,gives_up,free,0.14797591699381663,9.196382481565738,waterways
9880,2908,2128,741,liquid_bulk,gives_up,free,0.20916211456701328,86.8157522831547,waterways
9880,2914,2128,1469,liquid_bulk,gives_up,free,0.21085196466173106,9.89910782219007,waterways
9880,2915,2128,197,liquid_bulk,gives_up,free,0.1682437662650329,60.97608618614606,waterways
9880,2929,2128,1729,liquid_bulk,delivers_same,same,0.4090922834335844,79.21354040061124,waterways
9880,2975,2128,928,liquid_bulk,gives_up,free,0.3657914129676596,16.565117126832973,waterways
9880,2976,2128,1433,liquid_bulk,gives_up,free,0.2783016849730555,11.495604661416358,waterways
9880,2978,2128,749,liquid_bulk,delivers_free,free,0.16498874242510886,11.910353483152573,railways+waterways
9880,2980,2128,461,liquid_bulk,gives_up,free,0.17803036956489282,9.196382481565738,waterways
9880,2981,2128,445,liquid_bulk,gives_up,free,0.086513659406382,102.08178091393651,waterways
9880,2983,2128,1270,liquid_bulk,gives_up,free,0.14797591699381663,9.196382481565738,waterways
9880,2984,2128,741,liquid_bulk,gives_up,free,0.20916211456701328,86.8157522831547,waterways
9880,2985,2128,1153,liquid_bulk,gives_up,free,0.17300032466812687,78.06630550263358,waterways
9880,2990,2128,1469,liquid_bulk,gives_up,free,0.21085196466173106,9.89910782219007,waterways
9880,2991,2128,197,liquid_bulk,gives_up,free,0.1682437662650329,60.97608618614606,waterways
9880,3005,2128,1729,liquid_bulk,delivers_same,same,0.4090922834335844,79.21354040061124,waterways
9880,3013,2128,928,liquid_bulk,gives_up,free,0.3657914129676596,16.565117126832973,waterways
9880,3014,2128,1433,liquid_bulk,gives_up,free,0.2783016849730555,11.495604661416358,waterways
9880,3016,2128,749,liquid_bulk,delivers_free,free,0.16498874242510886,11.910353483152573,railways+waterways
9880,3017,2128,938,liquid_bulk,delivers_free,free,0.16213738414396617,9.196382481565738,railways+waterways
9880,3018,2128,461,liquid_bulk,gives_up,free,0.17803036956489282,9.196382481565738,waterways
9880,3019,2128,445,liquid_bulk,gives_up,free,0.086513659406382,102.08178091393651,waterways
9880,3021,2128,1270,liquid_bulk,gives_up,free,0.14797591699381663,9.196382481565738,waterways
9880,3023,2128,1153,liquid_bulk,gives_up,free,0.17300032466812687,78.06630550263358,waterways
9880,3028,2128,1469,liquid_bulk,gives_up,free,0.21085196466173106,9.89910782219007,waterways
9880,3029,2128,197,liquid_bulk,gives_up,free,0.1682437662650329,60.97608618614606,waterways
9880,3054,2128,749,liquid_bulk,delivers_free,free,0.16498874242510886,11.910353483152573,railways+waterways
9880,3055,2128,938,liquid_bulk,delivers_free,free,0.16213738414396617,9.196382481565738,railways+waterways
9880,3056,2128,461,liquid_bulk,gives_up,free,0.17803036956489282,9.196382481565738,waterways
9880,3059,2128,1270,liquid_bulk,gives_up,free,0.14797591699381663,9.196382481565738,waterways
9880,3060,2128,741,liquid_bulk,gives_up,free,0.20916211456701328,86.8157522831547,waterways
9880,3061,2128,1153,liquid_bulk,gives_up,free,0.17300032466812687,78.06630550263358,waterways
9880,3066,2128,1469,liquid_bulk,gives_up,free,0.21085196466173106,9.89910782219007,waterways
9880,3067,2128,197,liquid_bulk,gives_up,free,0.1682437662650329,60.97608618614606,waterways
9880,3081,2128,1729,liquid_bulk,delivers_same,same,0.4090922834335844,79.21354040061124,waterways
9880,3165,2128,928,liquid_bulk,gives_up,free,0.3657914129676596,16.565117126832973,waterways
9880,3169,2128,938,liquid_bulk,delivers_free,free,0.16213738414396617,9.196382481565738,railways+waterways
9880,3170,2128,461,liquid_bulk,gives_up,free,0.17803036956489282,9.196382481565738,waterways
9880,3173,2128,1270,liquid_bulk,gives_up,free,0.14797591699381663,9.196382481565738,waterways
9880,3174,2128,741,liquid_bulk,gives_up,free,0.20916211456701328,86.8157522831547,waterways
9880,3175,2128,1153,liquid_bulk,gives_up,free,0.17300032466812687,78.06630550263358,waterways
9880,3181,2128,197,liquid_bulk,gives_up,free,0.1682437662650329,60.97608618614606,waterways
9880,3195,2128,1729,liquid_bulk,delivers_same,same,0.4090922834335844,79.21354040061124,waterways
9880,3203,2128,928,liquid_bulk,gives_up,free,0.3657914129676596,16.565117126832973,waterways
9880,3204,2128,1433,liquid_bulk,gives_up,free,0.2783016849730555,11.495604661416358,waterways
9880,3205,2128,710,liquid_bulk,gives_up,free,0.2565952254022035,27.659158667289425,waterways
9880,3206,2128,749,liquid_bulk,delivers_free,free,0.16498874242510886,11.910353483152573,railways+waterways
9880,3207,2128,938,liquid_bulk,delivers_free,free,0.16213738414396617,9.196382481565738,railways+waterways
9880,3208,2128,461,liquid_bulk,gives_up,free,0.17803036956489282,9.196382481565738,waterways
9880,3211,2128,1270,liquid_bulk,gives_up,free,0.14797591699381663,9.196382481565738,waterways
9880,3213,2128,1153,liquid_bulk,gives_up,free,0.17300032466812687,78.06630550263358,waterways
9880,3219,2128,197,liquid_bulk,gives_up,free,0.1682437662650329,60.97608618614606,waterways
9880,3241,2128,928,liquid_bulk,gives_up,free,0.3657914129676596,16.565117126832973,waterways
9880,3242,2128,1433,liquid_bulk,gives_up,free,0.2783016849730555,11.495604661416358,waterways
9880,3245,2128,938,liquid_bulk,delivers_free,free,0.16213738414396617,9.196382481565738,railways+waterways
9880,3246,2128,461,liquid_bulk,gives_up,free,0.17803036956489282,9.196382481565738,waterways
9880,3247,2128,445,liquid_bulk,gives_up,free,0.086513659406382,102.08178091393651,waterways
9880,3249,2128,1270,liquid_bulk,gives_up,free,0.14797591699381663,9.196382481565738,waterways
9880,3250,2128,741,liquid_bulk,gives_up,free,0.20916211456701328,86.8157522831547,waterways
9880,3251,2128,1153,liquid_bulk,gives_up,free,0.17300032466812687,78.06630550263358,waterways
9880,3256,2128,1469,liquid_bulk,gives_up,free,0.21085196466173106,9.89910782219007,waterways
9880,3271,2128,1729,liquid_bulk,delivers_same,same,0.4090922834335844,79.21354040061124,waterways
9880,3279,2128,928,liquid_bulk,gives_up,free,0.3657914129676596,16.565117126832973,waterways
9880,3280,2128,1433,liquid_bulk,gives_up,free,0.2783016849730555,11.495604661416358,waterways
9880,3282,2128,749,liquid_bulk,delivers_free,free,0.16498874242510886,11.910353483152573,railways+waterways
9880,3283,2128,938,liquid_bulk,delivers_free,free,0.16213738414396617,9.196382481565738,railways+waterways
9880,3287,2128,1270,liquid_bulk,gives_up,free,0.14797591699381663,9.196382481565738,waterways
9880,3288,2128,741,liquid_bulk,gives_up,free,0.20916211456701328,86.8157522831547,waterways
9880,3289,2128,1153,liquid_bulk,gives_up,free,0.17300032466812687,78.06630550263358,waterways
9880,3295,2128,197,liquid_bulk,gives_up,free,0.1682437662650329,60.97608618614606,waterways
9880,3309,2128,1729,liquid_bulk,delivers_same,same,0.4090922834335844,79.21354040061124,waterways
9880,3317,2128,928,liquid_bulk,gives_up,free,0.3657914129676596,16.565117126832973,waterways
9880,3320,2128,749,liquid_bulk,delivers_free,free,0.16498874242510886,11.910353483152573,railways+waterways
9880,3321,2128,938,liquid_bulk,delivers_free,free,0.16213738414396617,9.196382481565738,railways+waterways
9880,3323,2128,445,liquid_bulk,gives_up,free,0.086513659406382,102.08178091393651,waterways
9880,3325,2128,1270,liquid_bulk,gives_up,free,0.14797591699381663,9.196382481565738,waterways
9880,3326,2128,741,liquid_bulk,gives_up,free,0.20916211456701328,86.8157522831547,waterways
9880,3333,2128,197,liquid_bulk,gives_up,free,0.1682437662650329,60.97608618614606,waterways
9880,3347,2128,1729,liquid_bulk,delivers_same,same,0.4090922834335844,79.21354040061124,waterways
9880,3356,2128,1433,liquid_bulk,gives_up,free,0.2783016849730555,11.495604661416358,waterways
9880,3358,2128,749,liquid_bulk,delivers_free,free,0.16498874242510886,11.910353483152573,railways+waterways
9880,3363,2128,1270,liquid_bulk,gives_up,free,0.14797591699381663,9.196382481565738,waterways
9880,3365,2128,1153,liquid_bulk,gives_up,free,0.17300032466812687,78.06630550263358,waterways
9880,3385,2128,1729,liquid_bulk,delivers_same,same,0.4090922834335844,79.21354040061124,waterways
9880,3393,2128,928,liquid_bulk,gives_up,free,0.3657914129676596,16.565117126832973,waterways
9880,3397,2128,938,liquid_bulk,delivers_free,free,0.16213738414396617,9.196382481565738,railways+waterways
9880,3398,2128,461,liquid_bulk,gives_up,free,0.17803036956489282,9.196382481565738,waterways
9880,3399,2128,445,liquid_bulk,gives_up,free,0.086513659406382,102.08178091393651,waterways
9880,3403,2128,1153,liquid_bulk,gives_up,free,0.17300032466812687,78.06630550263358,waterways
9880,3409,2128,197,liquid_bulk,gives_up,free,0.1682437662650329,60.97608618614606,waterways
9880,3435,2128,938,liquid_bulk,delivers_free,free,0.16213738414396617,9.196382481565738,railways+waterways
9880,3436,2128,461,liquid_bulk,gives_up,free,0.17803036956489282,9.196382481565738,waterways
9880,3437,2128,445,liquid_bulk,gives_up,free,0.086513659406382,102.08178091393651,waterways
9880,3439,2128,1270,liquid_bulk,gives_up,free,0.14797591699381663,9.196382481565738,waterways
9880,3440,2128,741,liquid_bulk,gives_up,free,0.20916211456701328,86.8157522831547,waterways
9880,3441,2128,1153,liquid_bulk,gives_up,free,0.17300032466812687,78.06630550263358,waterways
9880,3446,2128,1469,liquid_bulk,gives_up,free,0.21085196466173106,9.89910782219007,waterways
9880,3447,2128,197,liquid_bulk,gives_up,free,0.1682437662650329,60.97608618614606,waterways
9880,3461,2128,1729,liquid_bulk,delivers_same,same,0.4090922834335844,79.21354040061124,waterways
9880,3470,2128,1433,liquid_bulk,gives_up,free,0.2783016849730555,11.495604661416358,waterways
9880,3472,2128,749,liquid_bulk,delivers_free,free,0.16498874242510886,11.910353483152573,railways+waterways
9880,3473,2128,938,liquid_bulk,delivers_free,free,0.16213738414396617,9.196382481565738,railways+waterways
9880,3474,2128,461,liquid_bulk,gives_up,free,0.17803036956489282,9.196382481565738,waterways
9880,3477,2128,1270,liquid_bulk,gives_up,free,0.14797591699381663,9.196382481565738,waterways
9880,3485,2128,197,liquid_bulk,gives_up,free,0.1682437662650329,60.97608618614606,waterways
9880,3499,2128,1729,liquid_bulk,delivers_same,same,0.4090922834335844,79.21354040061124,waterways
9880,3508,2128,1433,liquid_bulk,gives_up,free,0.2783016849730555,11.495604661416358,waterways
9880,3510,2128,749,liquid_bulk,delivers_free,free,0.16498874242510886,11.910353483152573,railways+waterways
9880,3511,2128,938,liquid_bulk,delivers_free,free,0.16213738414396617,9.196382481565738,railways+waterways
9880,3512,2128,461,liquid_bulk,gives_up,free,0.17803036956489282,9.196382481565738,waterways
9880,3513,2128,445,liquid_bulk,gives_up,free,0.086513659406382,102.08178091393651,waterways
9880,3516,2128,741,liquid_bulk,gives_up,free,0.20916211456701328,86.8157522831547,waterways
9880,3517,2128,1153,liquid_bulk,gives_up,free,0.17300032466812687,78.06630550263358,waterways
9880,3522,2128,1469,liquid_bulk,gives_up,free,0.21085196466173106,9.89910782219007,waterways
9880,3537,2128,1729,liquid_bulk,delivers_same,same,0.4090922834335844,79.21354040061124,waterways
9880,3697,2128,928,liquid_bulk,gives_up,free,0.3657914129676596,16.565117126832973,waterways
9880,3698,2128,1433,liquid_bulk,gives_up,free,0.2783016849730555,11.495604661416358,waterways
9880,3699,2128,710,liquid_bulk,gives_up,free,0.2565952254022035,27.659158667289425,waterways
9880,3700,2128,749,liquid_bulk,delivers_free,free,0.16498874242510886,11.910353483152573,railways+waterways
9880,3702,2128,461,liquid_bulk,gives_up,free,0.17803036956489282,9.196382481565738,waterways
9880,3712,2128,1469,liquid_bulk,gives_up,free,0.21085196466173106,9.89910782219007,waterways
9880,3713,2128,197,liquid_bulk,gives_up,free,0.1682437662650329,60.97608618614606,waterways
9880,3727,2128,1729,liquid_bulk,delivers_same,same,0.4090922834335844,79.21354040061124,waterways
9880,3773,2128,928,liquid_bulk,gives_up,free,0.3657914129676596,16.565117126832973,waterways
9880,3775,2128,710,liquid_bulk,gives_up,free,0.2565952254022035,27.659158667289425,waterways
9880,3781,2128,1270,liquid_bulk,gives_up,free,0.14797591699381663,9.196382481565738,waterways
9880,3789,2128,197,liquid_bulk,gives_up,free,0.1682437662650329,60.97608618614606,waterways
9880,3803,2128,1729,liquid_bulk,delivers_same,same,0.4090922834335844,79.21354040061124,waterways
9880,3811,2128,928,liquid_bulk,gives_up,free,0.3657914129676596,16.565117126832973,waterways
9880,3813,2128,710,liquid_bulk,gives_up,free,0.2565952254022035,27.659158667289425,waterways
9880,3814,2128,749,liquid_bulk,delivers_free,free,0.16498874242510886,11.910353483152573,railways+waterways
9880,3819,2128,1270,liquid_bulk,gives_up,free,0.14797591699381663,9.196382481565738,waterways
9880,3820,2128,741,liquid_bulk,gives_up,free,0.20916211456701328,86.8157522831547,waterways
9880,3821,2128,1153,liquid_bulk,gives_up,free,0.17300032466812687,78.06630550263358,waterways
9880,3827,2128,197,liquid_bulk,gives_up,free,0.1682437662650329,60.97608618614606,waterways
9880,3841,2128,1729,liquid_bulk,delivers_same,same,0.4090922834335844,79.21354040061124,waterways
9880,3849,2128,928,liquid_bulk,gives_up,free,0.3657914129676596,16.565117126832973,waterways
9880,3850,2128,1433,liquid_bulk,gives_up,free,0.2783016849730555,11.495604661416358,waterways
9880,3852,2128,749,liquid_bulk,delivers_free,free,0.16498874242510886,11.910353483152573,railways+waterways
9880,3853,2128,938,liquid_bulk,delivers_free,free,0.16213738414396617,9.196382481565738,railways+waterways
9880,3855,2128,445,liquid_bulk,gives_up,free,0.086513659406382,102.08178091393651,waterways
9880,3857,2128,1270,liquid_bulk,gives_up,free,0.14797591699381663,9.196382481565738,waterways
9880,3859,2128,1153,liquid_bulk,gives_up,free,0.17300032466812687,78.06630550263358,waterways
9880,3864,2128,1469,liquid_bulk,gives_up,free,0.21085196466173106,9.89910782219007,waterways
9880,3879,2128,1729,liquid_bulk,delivers_same,same,0.4090922834335844,79.21354040061124,waterways
9880,3925,2128,928,liquid_bulk,gives_up,free,0.3657914129676596,16.565117126832973,waterways
9880,3926,2128,1433,liquid_bulk,gives_up,free,0.2783016849730555,11.495604661416358,waterways
9880,3929,2128,938,liquid_bulk,delivers_free,free,0.16213738414396617,9.196382481565738,railways+waterways
9880,3930,2128,461,liquid_bulk,gives_up,free,0.17803036956489282,9.196382481565738,waterways
9880,3931,2128,445,liquid_bulk,gives_up,free,0.086513659406382,102.08178091393651,waterways
9880,3933,2128,1270,liquid_bulk,gives_up,free,0.14797591699381663,9.196382481565738,waterways
9880,3934,2128,741,liquid_bulk,gives_up,free,0.20916211456701328,86.8157522831547,waterways
9880,3935,2128,1153,liquid_bulk,gives_up,free,0.17300032466812687,78.06630550263358,waterways
9880,3940,2128,1469,liquid_bulk,gives_up,free,0.21085196466173106,9.89910782219007,waterways
9880,4001,2128,928,liquid_bulk,gives_up,free,0.3657914129676596,16.565117126832973,waterways
9880,4002,2128,1433,liquid_bulk,gives_up,free,0.2783016849730555,11.495604661416358,waterways
9880,4003,2128,710,liquid_bulk,gives_up,free,0.2565952254022035,27.659158667289425,waterways
9880,4004,2128,749,liquid_bulk,delivers_free,free,0.16498874242510886,11.910353483152573,railways+waterways
9880,4005,2128,938,liquid_bulk,delivers_free,free,0.16213738414396617,9.196382481565738,railways+waterways
9880,4009,2128,1270,liquid_bulk,gives_up,free,0.14797591699381663,9.196382481565738,waterways
9880,4010,2128,741,liquid_bulk,gives_up,free,0.20916211456701328,86.8157522831547,waterways
9880,4011,2128,1153,liquid_bulk,gives_up,free,0.17300032466812687,78.06630550263358,waterways
9880,4017,2128,197,liquid_bulk,gives_up,free,0.1682437662650329,60.97608618614606,waterways
9880,6031,2128,734,liquid_bulk,gives_up,free,0.34630495319080756,17.352758183626882,waterways
9880,6401,2128,733,liquid_bulk,gives_up,free,0.24315095260644926,26.898787920166846,waterways
9880,6428,2128,733,liquid_bulk,gives_up,free,0.24315095260644926,26.898787920166846,waterways
11303,hh_113,1197,733,liquid_bulk,gives_up,free,0.13988346557280118,24.71361686843402,maritime+waterways
11303,6401,1197,733,liquid_bulk,gives_up,free,0.13988346557280118,24.71361686843402,maritime+waterways
12364,5860,381,733,dry_bulk,gives_up,free,0.19166929947090217,47.6491742783163,maritime+waterways
12451,hh_113,1743,733,liquid_bulk,gives_up,free,0.16968471088166703,18.95639490381488,maritime+waterways
12451,hh_211,1743,928,liquid_bulk,gives_up,free,0.3130056863001891,8.622724110481004,maritime+waterways
12451,hh_212,1743,1433,liquid_bulk,gives_up,free,0.237128690787904,3.5532116450643914,maritime+waterways
12451,hh_213,1743,710,liquid_bulk,gives_up,free,0.18136132167739238,19.716765650937457,maritime+waterways
12451,hh_214,1743,749,liquid_bulk,delivers_same,same,0.1328072627067336,3.9679604668006068,maritime+railways+waterways
12451,hh_215,1743,938,liquid_bulk,delivers_same,same,0.047647013136464356,1.253989465213771,maritime+railways+waterways
12451,hh_219,1743,1270,liquid_bulk,gives_up,free,0.00944560181182541,1.253989465213771,maritime+waterways
12451,hh_220,1743,741,liquid_bulk,gives_up,free,0.07539962706972636,78.87335926680274,maritime+waterways
12451,hh_226,1743,1469,liquid_bulk,gives_up,free,0.1755595910223262,1.9567148058381032,maritime+waterways
12451,hh_227,1743,197,liquid_bulk,gives_up,free,0.1115697248876184,53.0336931697941,maritime+waterways
12451,hh_241,1743,1729,liquid_bulk,delivers_same,same,0.350429501161011,71.27114738425928,maritime+waterways
12451,3355,1743,928,liquid_bulk,gives_up,free,0.3130056863001891,8.622724110481004,maritime+waterways
12451,3357,1743,710,liquid_bulk,gives_up,free,0.18136132167739238,19.716765650937457,maritime+waterways
12451,3358,1743,749,liquid_bulk,delivers_same,same,0.1328072627067336,3.9679604668006068,maritime+railways+waterways
12451,3359,1743,938,liquid_bulk,delivers_same,same,0.047647013136464356,1.253989465213771,maritime+railways+waterways
12451,3363,1743,1270,liquid_bulk,gives_up,free,0.00944560181182541,1.253989465213771,maritime+waterways
12451,3371,1743,197,liquid_bulk,gives_up,free,0.1115697248876184,53.0336931697941,maritime+waterways
12451,3385,1743,1729,liquid_bulk,delivers_same,same,0.350429501161011,71.27114738425928,maritime+waterways
2721,26,585,870,liquid_bulk,delivers_same,same,0.07000149126039479,5.095734492752605,railways+waterways
2721,75,585,820,liquid_bulk,gives_up,free,0.1095341249156423,15.271361365704378,waterways
2721,89,585,870,liquid_bulk,delivers_same,same,0.07000149126039479,5.095734492752605,railways+waterways
2721,97,585,462,liquid_bulk,gives_up,free,0.12288370186716602,6.586715711520452,waterways
2721,109,585,750,liquid_bulk,delivers_same,same,0.08170588255111078,0.0,railways+waterways
2721,124,585,870,liquid_bulk,delivers_same,same,0.07000149126039479,5.095734492752605,railways+waterways
2721,148,585,1158,liquid_bulk,gives_up,free,0.11191049549306387,3.7288462901362767,waterways
2721,171,585,751,liquid_bulk,delivers_same,same,0.061515105090862665,63.78400371947424,railways+waterways
2721,188,585,870,liquid_bulk,delivers_same,same,0.07000149126039479,5.095734492752605,railways+waterways
2721,259,585,462,liquid_bulk,gives_up,free,0.12288370186716602,6.586715711520452,waterways
2721,261,585,751,liquid_bulk,delivers_same,same,0.061515105090862665,63.78400371947424,railways+waterways
2721,264,585,820,liquid_bulk,gives_up,free,0.1095341249156423,15.271361365704378,waterways
2721,310,585,1158,liquid_bulk,gives_up,free,0.11191049549306387,3.7288462901362767,waterways
2721,323,585,870,liquid_bulk,delivers_same,same,0.07000149126039479,5.095734492752605,railways+waterways
2721,334,585,750,liquid_bulk,delivers_same,same,0.08170588255111078,0.0,railways+waterways
2721,379,585,750,liquid_bulk,delivers_same,same,0.08170588255111078,0.0,railways+waterways
2721,399,585,820,liquid_bulk,gives_up,free,0.1095341249156423,15.271361365704378,waterways
2721,412,585,462,liquid_bulk,gives_up,free,0.12288370186716602,6.586715711520452,waterways
2721,417,585,820,liquid_bulk,gives_up,free,0.1095341249156423,15.271361365704378,waterways
2721,1290,585,2311,liquid_bulk,gives_up,free,0.2524628946069363,92.54060835346725,waterways
2721,2121,585,699,liquid_bulk,gives_up,free,0.23886931083013363,0.10106237396258157,waterways
2721,2126,585,1553,liquid_bulk,gives_up,free,0.1398651940720128,0.0,waterways
2721,2210,585,1322,liquid_bulk,gives_up,free,0.29817357896957986,0.0,waterways
2721,2213,585,1109,liquid_bulk,gives_up,free,0.13202408718344705,24.289232740958152,waterways
2721,2222,585,1322,liquid_bulk,gives_up,free,0.29817357896957986,0.0,waterways
2721,2259,585,1154,liquid_bulk,delivers_same,same,0.4146996008978501,135.907541140428,waterways
2721,2267,585,2268,liquid_bulk,delivers_same,same,0.07034968822145204,2.5892065359911527,railways+waterways
2721,2281,585,445,liquid_bulk,gives_up,free,0.05282166435826996,92.88539843237076,waterways
2721,2291,585,501,liquid_bulk,gives_up,free,0.062267558551097,29.32664601191391,waterways
2721,2304,585,501,liquid_bulk,gives_up,free,0.062267558551097,29.32664601191391,waterways
2721,2314,585,500,liquid_bulk,gives_up,free,0.12069901327653132,48.173009512997936,waterways
2721,2318,585,1109,liquid_bulk,gives_up,free,0.13202408718344705,24.289232740958152,waterways
2721,2321,585,1286,liquid_bulk,delivers_same,same,0.4390182111621166,124.25587284144837,waterways
2721,2356,585,1449,liquid_bulk,gives_up,free,0.025579871506305585,6.972714920667505,waterways
2721,2363,585,197,liquid_bulk,gives_up,free,0.021552894414745838,51.77970370458033,waterways
2721,2365,585,197,liquid_bulk,gives_up,free,0.021552894414745838,51.77970370458033,waterways
2721,2520,585,749,liquid_bulk,delivers_same,same,0.08116448405382304,2.7139710015868355,railways+waterways
2721,2603,585,1153,liquid_bulk,gives_up,free,0.0859227719581297,68.86992302106785,waterways
2721,2609,585,197,liquid_bulk,gives_up,free,0.021552894414745838,51.77970370458033,waterways
2721,2685,585,197,liquid_bulk,gives_up,free,0.021552894414745838,51.77970370458033,waterways
2721,2699,585,1729,liquid_bulk,delivers_same,same,0.5459230800621471,70.0171579190455,waterways
2721,2711,585,1305,liquid_bulk,gives_up,free,0.0715466543679042,4.31424440929741,waterways
2721,2735,585,1272,liquid_bulk,gives_up,free,0.13256275640287574,9.117745372228498,waterways
2721,2764,585,197,liquid_bulk,gives_up,free,0.021552894414745838,51.77970370458033,waterways
2721,2801,585,1469,liquid_bulk,gives_up,free,0.04576085603187385,0.7027253406243322,waterways
2721,2816,585,1729,liquid_bulk,delivers_same,same,0.5459230800621471,70.0171579190455,waterways
2721,2863,585,1109,liquid_bulk,gives_up,free,0.13202408718344705,24.289232740958152,waterways
2721,2873,585,282,liquid_bulk,gives_up,free,0.16944390884247906,0.0,waterways
2721,2943,585,445,liquid_bulk,gives_up,free,0.05282166435826996,92.88539843237076,waterways
2721,2952,585,1469,liquid_bulk,gives_up,free,0.04576085603187385,0.7027253406243322,waterways
2721,2977,585,710,liquid_bulk,gives_up,free,0.29051255412656607,18.462776185723687,waterways
2721,3015,585,710,liquid_bulk,gives_up,free,0.29051255412656607,18.462776185723687,waterways
2721,3061,585,1153,liquid_bulk,gives_up,free,0.0859227719581297,68.86992302106785,waterways
2721,3091,585,710,liquid_bulk,gives_up,free,0.29051255412656607,18.462776185723687,waterways
2721,3096,585,842,liquid_bulk,gives_up,free,0.05342632001687142,88.1435574531788,waterways
2721,3097,585,1270,liquid_bulk,gives_up,free,0.06786744931869504,0.0,waterways
2721,3143,585,197,liquid_bulk,gives_up,free,0.021552894414745838,51.77970370458033,waterways
2721,3205,585,710,liquid_bulk,gives_up,free,0.29051255412656607,18.462776185723687,waterways
2721,3208,585,461,liquid_bulk,gives_up,free,0.14207535968905383,0.0,waterways
2721,3250,585,741,liquid_bulk,gives_up,free,0.10915492052808617,77.61936980158896,waterways
2721,3257,585,197,liquid_bulk,gives_up,free,0.021552894414745838,51.77970370458033,waterways
2721,3294,585,1469,liquid_bulk,gives_up,free,0.04576085603187385,0.7027253406243322,waterways
2721,3358,585,749,liquid_bulk,delivers_same,same,0.08116448405382304,2.7139710015868355,railways+waterways
2721,3432,585,1433,liquid_bulk,gives_up,free,0.16749212831243887,2.2992221798506205,waterways
2721,3433,585,710,liquid_bulk,gives_up,free,0.29051255412656607,18.462776185723687,waterways
2721,3440,585,741,liquid_bulk,gives_up,free,0.10915492052808617,77.61936980158896,waterways
2721,3470,585,1433,liquid_bulk,gives_up,free,0.16749212831243887,2.2992221798506205,waterways
2721,3508,585,1433,liquid_bulk,gives_up,free,0.16749212831243887,2.2992221798506205,waterways
2721,3740,585,461,liquid_bulk,gives_up,free,0.14207535968905383,0.0,waterways
2721,3821,585,1153,liquid_bulk,gives_up,free,0.0859227719581297,68.86992302106785,waterways
2721,3865,585,197,liquid_bulk,gives_up,free,0.021552894414745838,51.77970370458033,waterways
2721,3892,585,461,liquid_bulk,gives_up,free,0.14207535968905383,0.0,waterways
2721,3903,585,197,liquid_bulk,gives_up,free,0.021552894414745838,51.77970370458033,waterways
2721,3941,585,197,liquid_bulk,gives_up,free,0.021552894414745838,51.77970370458033,waterways
2721,7740,585,642,liquid_bulk,gives_up,free,0.10079764832285765,41.97553503109451,waterways
2721,7752,585,647,liquid_bulk,gives_up,free,0.08384131483122004,83.1979121341478,waterways
2721,7757,585,1006,liquid_bulk,gives_up,free,0.05205247696046378,0.0,waterways
2721,7774,585,595,liquid_bulk,delivers_same,same,0.07849556983644734,0.0,railways+waterways
2721,7783,585,385,liquid_bulk,delivers_same,same,0.07590018066811033,26.850992488702147,railways+waterways
2721,7959,585,1051,liquid_bulk,gives_up,free,0.07941926663015719,0.0,waterways
2721,7963,585,1719,liquid_bulk,gives_up,free,0.08805817904270397,49.19090747415605,waterways
2721,12140,585,2120,liquid_bulk,gives_up,free,0.049338281652385296,0.0,waterways
12835,hh_113,796,733,liquid_bulk,gives_up,free,0.11873797132663344,139.5740297408284,maritime+waterways
12835,hh_211,796,928,liquid_bulk,gives_up,free,0.21586434839196733,129.24035894749454,maritime+waterways
12835,hh_215,796,938,liquid_bulk,delivers_free,free,0.013940465139169467,121.8716243022273,maritime+railways+waterways
12835,hh_221,796,1153,liquid_bulk,gives_up,free,0.11756193667867398,190.74154732329515,maritime+waterways
12835,hh_226,796,1469,liquid_bulk,gives_up,free,0.11531893294970308,122.57434964285163,maritime+waterways
12835,2735,796,1272,liquid_bulk,gives_up,free,0.14808273810284311,130.98936967445582,maritime+waterways
12835,2738,796,1272,liquid_bulk,gives_up,free,0.14808273810284311,130.98936967445582,maritime+waterways
12835,2742,796,1272,liquid_bulk,gives_up,free,0.14808273810284311,130.98936967445582,maritime+waterways
9636,2219,1601,2067,dry_bulk,gives_up,free,0.011646745695174987,39.44127812963945,waterways
9666,1266,1602,2312,dry_bulk,gives_up,free,0.11005920249781598,99.32548326571344,waterways
9666,1449,1602,469,dry_bulk,gives_up,free,0.09207319207683096,226.2836077669077,waterways
9666,2598,1602,461,dry_bulk,gives_up,free,0.05690492147903359,0.0,waterways
9678,2603,1602,1153,dry_bulk,gives_up,free,0.00486503737176025,131.8372137865686,waterways
9821,7792,1602,1135,dry_bulk,gives_up,free,0.10862403209521032,218.57334996273667,waterways
2446,1306,1299,2347,dry_bulk,gives_up,free,0.016532373655469446,104.05391444492837,waterways
5388,hh_211,1588,928,liquid_bulk,gives_up,free,0.25128777337397845,44.07485846837188,maritime+waterways
5388,hh_213,1588,710,liquid_bulk,gives_up,free,0.14698040159500492,55.16890000882833,maritime+waterways
5388,hh_215,1588,938,liquid_bulk,delivers_same,same,0.021870564504379297,36.70612382310465,maritime+railways+waterways
5388,hh_216,1588,461,liquid_bulk,gives_up,free,0.0001301993971485338,36.70612382310465,maritime+waterways
5388,hh_227,1588,197,liquid_bulk,gives_up,free,0.08921854161205767,88.48582752768496,maritime+waterways
5388,2720,1588,2038,liquid_bulk,gives_up,free,0.190384385292931,36.70612382310465,maritime+waterways
5388,2735,1588,1272,liquid_bulk,gives_up,free,0.1746612391037521,45.823869195333145,maritime+waterways
5388,2742,1588,1272,liquid_bulk,gives_up,free,0.1746612391037521,45.823869195333145,maritime+waterways
5388,3355,1588,928,liquid_bulk,gives_up,free,0.25128777337397845,44.07485846837188,maritime+waterways
5388,3357,1588,710,liquid_bulk,gives_up,free,0.14698040159500492,55.16890000882833,maritime+waterways
5388,3358,1588,749,liquid_bulk,delivers_same,same,0.1137415030964175,39.42009482469148,maritime+railways+waterways
5388,3359,1588,938,liquid_bulk,delivers_same,same,0.021870564504379297,36.70612382310465,maritime+railways+waterways
5388,3360,1588,461,liquid_bulk,gives_up,free,0.0001301993971485338,36.70612382310465,maritime+waterways
5388,3371,1588,197,liquid_bulk,gives_up,free,0.08921854161205767,88.48582752768496,maritime+waterways
9641,7741,562,1005,dry_bulk,gives_up,free,0.09890064331198523,209.99023490043433,waterways
9641,7743,562,409,dry_bulk,gives_up,free,0.17409268650922227,21.05006748195741,waterways
9667,2674,998,461,dry_bulk,delivers_same,same,0.5560438519823929,69.26851384245968,waterways
12452,hh_216,1743,461,liquid_bulk,gives_up,free,0.05185515333436741,1.253989465213771,maritime+waterways
12452,hh_221,1743,1153,liquid_bulk,gives_up,free,0.15524129805287634,70.12391248628161,maritime+waterways
12452,3356,1743,1433,liquid_bulk,gives_up,free,0.237128690787904,3.5532116450643914,maritime+waterways
12452,3360,1743,461,liquid_bulk,gives_up,free,0.05185515333436741,1.253989465213771,maritime+waterways
12452,3364,1743,741,liquid_bulk,gives_up,free,0.07539962706972636,78.87335926680274,maritime+waterways
12452,3365,1743,1153,liquid_bulk,gives_up,free,0.15524129805287634,70.12391248628161,maritime+waterways
12452,3370,1743,1469,liquid_bulk,gives_up,free,0.1755595910223262,1.9567148058381032,maritime+waterways
2085,7751,116,592,dry_bulk,gives_up,free,0.012178970313568627,303.5662362353219,waterways
2448,1303,56,793,dry_bulk,gives_up,free,0.019934647616774326,235.65254492486844,waterways
2726,hh_26,624,562,liquid_bulk,delivers_same,same,0.3595958162658719,125.02345382331208,waterways
2726,2080,624,1056,liquid_bulk,delivers_same,same,0.3933911573244877,105.25118614014254,waterways
2726,2085,624,116,liquid_bulk,delivers_same,same,0.3666554211456625,107.12629561411846,waterways
2726,2097,624,586,liquid_bulk,delivers_same,same,0.40916238022668505,105.25118614014254,waterways
2726,2739,624,1450,liquid_bulk,delivers_same,same,0.42337831330950126,105.25118614014254,waterways
2726,2997,624,2039,liquid_bulk,delivers_same,same,0.4141333268847236,148.1321591414342,waterways
2726,2998,624,56,liquid_bulk,delivers_same,same,0.42310988963561846,105.25118614014254,waterways
2726,3112,624,56,liquid_bulk,delivers_same,same,0.42310988963561846,105.25118614014254,waterways
2726,3687,624,1608,liquid_bulk,delivers_same,same,0.1744281305051274,105.25118614014254,waterways
2726,9509,624,389,liquid_bulk,delivers_same,same,0.2831336042619894,126.86327064436303,waterways
2726,10070,624,140,liquid_bulk,delivers_same,same,0.35204843533548136,105.25118614014254,waterways
2726,10073,624,852,liquid_bulk,delivers_same,same,0.36263869885636835,115.59475610323545,waterways
9640,7797,2201,1005,dry_bulk,gives_up,free,0.09661847047449013,190.2179672172648,waterways
9668,1264,562,2347,dry_bulk,gives_up,free,0.10146113345099117,104.68863654824396,waterways
9668,1425,562,793,dry_bulk,gives_up,free,0.08166119280127937,255.424812608038,waterways
9668,2669,562,928,dry_bulk,gives_up,free,0.08150217307862206,27.141002328436777,waterways
9668,3170,562,461,dry_bulk,gives_up,free,0.04497266485477813,19.772267683169545,waterways
9668,7761,562,1135,dry_bulk,gives_up,free,0.11373328226515955,238.34561764590623,waterways
9668,7816,562,1135,dry_bulk,gives_up,free,0.11373328226515955,238.34561764590623,waterways
9668,11741,562,295,dry_bulk,delivers_same,same,0.1085196699861708,106.07047823887045,railways+waterways
9823,3281,562,710,dry_bulk,gives_up,free,0.08069331094889565,38.23504386889323,waterways
2066,11634,2176,1194,dry_bulk,delivers_same,same,0.12284172167608887,0.0,railways+waterways
5944,hh_226,1173,1469,liquid_bulk,gives_up,free,0.1598612021315775,44.35297016937238,maritime+waterways
5944,1269,1173,2311,liquid_bulk,gives_up,free,0.15206625662416218,136.19085318221528,maritime+waterways
5944,2425,1173,928,liquid_bulk,gives_up,free,0.2885921552741011,51.018979474015275,maritime+waterways
5944,2427,1173,710,liquid_bulk,gives_up,free,0.16025672664452384,62.11302101447173,maritime+waterways
5944,2428,1173,749,liquid_bulk,delivers_same,same,0.08446138488128807,46.36421583033488,maritime+railways+waterways
5944,2434,1173,741,liquid_bulk,gives_up,free,0.10338625701314075,121.269614630337,maritime+waterways
5944,5725,1173,733,liquid_bulk,gives_up,free,0.1494297966476208,61.35265026734916,maritime+waterways
5944,5806,1173,733,liquid_bulk,gives_up,free,0.1494297966476208,61.35265026734916,maritime+waterways
5944,5860,1173,733,liquid_bulk,gives_up,free,0.1494297966476208,61.35265026734916,maritime+waterways
5944,6243,1173,733,liquid_bulk,gives_up,free,0.1494297966476208,61.35265026734916,maritime+waterways
5944,6347,1173,733,liquid_bulk,gives_up,free,0.1494297966476208,61.35265026734916,maritime+waterways
5944,6779,1173,733,liquid_bulk,gives_up,free,0.1494297966476208,61.35265026734916,maritime+waterways
9669,1317,111,793,dry_bulk,gives_up,free,0.06255649285144704,259.91924939896626,waterways
9669,1319,111,2335,dry_bulk,gives_up,free,0.08259156658004363,78.22888586008621,waterways
9669,1427,111,2347,dry_bulk,gives_up,free,0.07831821292005325,109.18307333917225,waterways
9669,1448,111,2312,dry_bulk,gives_up,free,0.07647626360836113,123.59218773981127,waterways
9669,2387,111,928,dry_bulk,gives_up,free,0.040005478162511654,31.635439119365046,waterways
9669,2595,111,710,dry_bulk,gives_up,free,0.05153138462588491,42.7294806598215,waterways
9669,3167,111,710,dry_bulk,gives_up,free,0.05153138462588491,42.7294806598215,waterways
9669,7762,111,594,dry_bulk,gives_up,free,0.1468060311059034,123.39023929187857,waterways
9681,2593,111,928,dry_bulk,gives_up,free,0.040005478162511654,31.635439119365046,waterways
9812,3205,111,710,dry_bulk,gives_up,free,0.05153138462588491,42.7294806598215,waterways
9812,3284,111,461,dry_bulk,gives_up,free,0.020468690455127447,24.266704474097814,waterways
9824,2557,111,710,dry_bulk,gives_up,free,0.05153138462588491,42.7294806598215,waterways
9824,5725,111,733,dry_bulk,gives_up,free,0.05646548730027323,41.969109912698926,waterways
9824,7787,111,2089,dry_bulk,gives_up,free,0.1648946000126097,64.48563835869183,waterways
9824,7793,111,594,dry_bulk,gives_up,free,0.1468060311059034,123.39023929187857,waterways
2061,7994,221,594,dry_bulk,delivers_same,same,0.37483578438954246,155.17603577239512,waterways
9648,1303,140,793,dry_bulk,gives_up,free,0.10506025450545353,235.65254492486844,waterways
9648,2133,140,699,dry_bulk,gives_up,free,0.0779049780121488,0.10106237396258157,waterways
9648,2223,140,285,dry_bulk,gives_up,free,0.041585694583405663,16.05814531736965,waterways
9648,2285,140,460,dry_bulk,gives_up,free,0.05577409814792533,2.4222279732939214,waterways
9648,2305,140,1532,dry_bulk,gives_up,free,0.0194365764030886,15.51251440858761,waterways
9648,2310,140,1306,dry_bulk,gives_up,free,0.010567952671555858,0.0,waterways
9648,2319,140,1286,dry_bulk,delivers_same,same,0.5770091103886461,187.22316360694916,waterways
9648,3550,140,461,dry_bulk,gives_up,free,0.0731208412746085,0.0,waterways
9648,3554,140,741,dry_bulk,gives_up,free,0.03090696970898965,77.61936980158896,waterways
9648,7528,140,409,dry_bulk,gives_up,free,0.1934424696007475,1.2777997987878644,waterways
9648,7541,140,265,dry_bulk,delivers_same,same,0.03136147488482499,106.06595464043366,railways+waterways
9648,7750,140,385,dry_bulk,gives_up,free,0.11816018053584831,180.60917220208472,waterways
9648,7798,140,1051,dry_bulk,gives_up,free,0.19370778844338954,0.0,waterways
9648,7799,140,385,dry_bulk,gives_up,free,0.11816018053584831,180.60917220208472,waterways
9648,11634,140,1194,dry_bulk,delivers_same,same,0.11626439051266102,0.0,railways+waterways
9670,103,140,1158,dry_bulk,gives_up,free,0.206185472086313,3.7288462901362767,waterways
9670,5914,140,733,dry_bulk,gives_up,free,0.0942235078049416,17.702405438601108,waterways
9682,2602,140,741,dry_bulk,gives_up,free,0.03090696970898965,77.61936980158896,waterways
9682,6536,140,733,dry_bulk,gives_up,free,0.0942235078049416,17.702405438601108,waterways
9813,2865,140,1270,dry_bulk,gives_up,free,0.01995444801463675,0.0,waterways
9825,7789,140,1005,dry_bulk,gives_up,free,0.11726325543087235,190.2179672172648,waterways
9881,2213,2259,1109,liquid_bulk,gives_up,free,0.23355386807352407,46.37581067083981,waterways
9881,2236,2259,2302,liquid_bulk,gives_up,free,0.3291965832904018,30.631571765400324,waterways
9881,2249,2259,1023,liquid_bulk,delivers_same,same,0.19554065167610202,89.27470931707325,railways+waterways
9881,2261,2259,1023,liquid_bulk,delivers_same,same,0.19554065167610202,89.27470931707325,railways+waterways
9881,2273,2259,2022,liquid_bulk,gives_up,free,0.17608711689241008,22.086577929881656,waterways
9881,2277,2259,461,liquid_bulk,gives_up,free,0.17327195281852137,22.086577929881656,waterways
9881,2281,2259,445,liquid_bulk,gives_up,free,0.08433592354782737,114.97197636225243,waterways
9881,2307,2259,1270,liquid_bulk,gives_up,free,0.14342568610881612,22.086577929881656,waterways
9881,2314,2259,500,liquid_bulk,gives_up,free,0.2185398760792454,70.25958744287959,waterways
9881,2324,2259,673,liquid_bulk,gives_up,free,0.19133150470948346,33.42391671777006,waterways
9881,2356,2259,1449,liquid_bulk,gives_up,free,0.1895322911730406,29.05929285054916,waterways
9881,2360,2259,601,liquid_bulk,gives_up,free,0.19788582139859034,39.46223952376836,waterways
9881,2363,2259,197,liquid_bulk,gives_up,free,0.1615270973583145,73.86628163446198,waterways
9881,2387,2259,928,liquid_bulk,gives_up,free,0.3515742201489953,29.455312575148888,waterways
9881,2389,2259,710,liquid_bulk,gives_up,free,0.2502975639114722,40.54935411560534,waterways
9881,2392,2259,461,liquid_bulk,gives_up,free,0.17327195281852137,22.086577929881656,waterways
9881,2558,2259,749,liquid_bulk,delivers_same,same,0.16080014010391142,24.80054893146849,railways+waterways
9881,2564,2259,741,liquid_bulk,gives_up,free,0.2024910398837947,99.70594773147062,waterways
9881,2601,2259,1270,liquid_bulk,gives_up,free,0.14342568610881612,22.086577929881656,waterways
9881,2724,2259,624,liquid_bulk,delivers_same,same,0.34036469186121443,127.3377640700242,waterways
9881,2840,2259,285,liquid_bulk,gives_up,free,0.26845546524742314,38.14472324725131,waterways
9881,3052,2259,1433,liquid_bulk,gives_up,free,0.2671892124508086,24.385800109732276,waterways
9881,3168,2259,749,liquid_bulk,delivers_same,same,0.16080014010391142,24.80054893146849,railways+waterways
9881,3180,2259,1469,liquid_bulk,gives_up,free,0.2011787011516053,22.78930327050599,waterways
9881,3209,2259,445,liquid_bulk,gives_up,free,0.08433592354782737,114.97197636225243,waterways
9881,3294,2259,1469,liquid_bulk,gives_up,free,0.2011787011516053,22.78930327050599,waterways
9881,3318,2259,1433,liquid_bulk,gives_up,free,0.2671892124508086,24.385800109732276,waterways
9881,3319,2259,710,liquid_bulk,gives_up,free,0.2502975639114722,40.54935411560534,waterways
9881,3322,2259,461,liquid_bulk,gives_up,free,0.17327195281852137,22.086577929881656,waterways
9881,3355,2259,928,liquid_bulk,gives_up,free,0.3515742201489953,29.455312575148888,waterways
9881,3361,2259,445,liquid_bulk,gives_up,free,0.08433592354782737,114.97197636225243,waterways
9881,3371,2259,197,liquid_bulk,gives_up,free,0.1615270973583145,73.86628163446198,waterways
9881,3402,2259,741,liquid_bulk,gives_up,free,0.2024910398837947,99.70594773147062,waterways
9881,3423,2259,1729,liquid_bulk,delivers_same,same,0.3932523742170424,92.10373584892716,waterways
9881,3431,2259,928,liquid_bulk,gives_up,free,0.3515742201489953,29.455312575148888,waterways
9881,3432,2259,1433,liquid_bulk,gives_up,free,0.2671892124508086,24.385800109732276,waterways
9881,3434,2259,749,liquid_bulk,delivers_same,same,0.16080014010391142,24.80054893146849,railways+waterways
9881,3469,2259,928,liquid_bulk,gives_up,free,0.3515742201489953,29.455312575148888,waterways
9881,3475,2259,445,liquid_bulk,gives_up,free,0.08433592354782737,114.97197636225243,waterways
9881,3706,2259,741,liquid_bulk,gives_up,free,0.2024910398837947,99.70594773147062,waterways
9881,3707,2259,1153,liquid_bulk,gives_up,free,0.168398645517017,90.9565009509495,waterways
9881,3776,2259,749,liquid_bulk,delivers_same,same,0.16080014010391142,24.80054893146849,railways+waterways
9881,3782,2259,741,liquid_bulk,gives_up,free,0.2024910398837947,99.70594773147062,waterways
9881,3815,2259,938,liquid_bulk,delivers_same,same,0.15809122987466906,22.086577929881656,railways+waterways
9881,3817,2259,445,liquid_bulk,gives_up,free,0.08433592354782737,114.97197636225243,waterways
9881,3854,2259,461,liquid_bulk,gives_up,free,0.17327195281852137,22.086577929881656,waterways
9881,3858,2259,741,liquid_bulk,gives_up,free,0.2024910398837947,99.70594773147062,waterways
9881,4006,2259,461,liquid_bulk,gives_up,free,0.17327195281852137,22.086577929881656,waterways
9881,4016,2259,1469,liquid_bulk,gives_up,free,0.2011787011516053,22.78930327050599,waterways
9881,5833,2259,733,liquid_bulk,gives_up,free,0.2373430419680027,39.78898336848277,waterways
9881,6374,2259,733,liquid_bulk,gives_up,free,0.2373430419680027,39.78898336848277,waterways
9881,6455,2259,733,liquid_bulk,gives_up,free,0.2373430419680027,39.78898336848277,waterways
9881,6509,2259,733,liquid_bulk,gives_up,free,0.2373430419680027,39.78898336848277,waterways
9649,28,1687,1153,dry_bulk,gives_up,free,0.028540858204472386,132.66220799260412,waterways
9649,1309,1687,469,dry_bulk,gives_up,free,0.1143562963264364,227.10860197294318,waterways
9649,2259,1687,1154,dry_bulk,delivers_same,same,0.5628706770039831,199.69982611196428,waterways
9649,2272,1687,462,dry_bulk,gives_up,free,0.09364567505820331,38.23996001765419,waterways
9649,2299,1687,246,dry_bulk,gives_up,free,0.02410262852184064,137.78078351323646,waterways
9649,2301,1687,501,dry_bulk,gives_up,free,0.028375287720007192,30.151640217949392,waterways
9649,7740,1687,642,dry_bulk,gives_up,free,0.1651603541851101,42.80052923712999,waterways
9671,2671,1687,710,dry_bulk,gives_up,free,0.11098472268135207,19.28777039175917,waterways
9671,7755,1687,1719,dry_bulk,gives_up,free,0.20305245704206554,50.01590168019153,waterways
9671,8561,1687,868,dry_bulk,delivers_same,same,0.08650337649545636,46.75586628256087,railways+waterways
9814,2525,1687,1270,dry_bulk,gives_up,free,0.029815437094830255,0.8249942060354838,waterways
9814,2526,1687,741,dry_bulk,gives_up,free,0.044628625914672204,78.44436400762444,waterways
9814,2842,1687,672,dry_bulk,gives_up,free,0.031932360046597275,63.79228497153627,waterways
9814,2863,1687,1109,dry_bulk,gives_up,free,0.04929471244981132,25.114226946993636,waterways
9826,3286,1687,842,dry_bulk,gives_up,free,0.025869237309321225,88.96855165921428,waterways
9882,2229,1786,360,liquid_bulk,gives_up,free,0.3561397442310503,10.616707294948261,waterways
9882,2257,1786,624,liquid_bulk,delivers_same,same,0.3498491064482725,113.11999345413136,waterways
9882,2266,1786,1154,liquid_bulk,delivers_same,same,0.35330435737679666,143.77634845441685,waterways
9882,2286,1786,445,liquid_bulk,gives_up,free,0.08674435187767693,100.75420574635959,waterways
9882,2291,1786,501,liquid_bulk,gives_up,free,0.1384361014961224,37.19545332590273,waterways
9882,2319,1786,1286,liquid_bulk,delivers_same,same,0.3725695662656796,132.1246801554372,waterways
9882,2388,1786,1433,liquid_bulk,gives_up,free,0.27957545887793334,10.168029493839443,waterways
9882,2526,1786,741,liquid_bulk,gives_up,free,0.20993488530026805,85.48817711557777,waterways
9882,2547,1786,1729,liquid_bulk,delivers_same,same,0.4107964326385005,77.88596523303433,waterways
9882,2670,1786,1433,liquid_bulk,gives_up,free,0.27957545887793334,10.168029493839443,waterways
9882,2673,1786,938,liquid_bulk,delivers_same,same,0.16261305681078841,7.868807313988823,railways+waterways
9882,2674,1786,461,liquid_bulk,gives_up,free,0.17853533074895056,7.868807313988823,waterways
9882,2684,1786,1469,liquid_bulk,gives_up,free,0.2119901375323341,8.571532654613154,waterways
9882,2709,1786,281,liquid_bulk,gives_up,free,0.29187593069562756,9.710735962347423,waterways
9882,2713,1786,1272,liquid_bulk,gives_up,free,0.266925630161825,16.986552686217323,waterways
9882,2745,1786,624,liquid_bulk,delivers_same,same,0.3498491064482725,113.11999345413136,waterways
9882,2751,1786,749,liquid_bulk,delivers_same,same,0.16548055259813244,10.58277831557566,railways+waterways
9882,2753,1786,461,liquid_bulk,gives_up,free,0.17853533074895056,7.868807313988823,waterways
9882,2757,1786,741,liquid_bulk,gives_up,free,0.20993488530026805,85.48817711557777,waterways
9882,2828,1786,1447,liquid_bulk,gives_up,free,0.2517925501832792,7.868807313988823,waterways
9882,2837,1786,2022,liquid_bulk,gives_up,free,0.1816863291410542,7.868807313988823,waterways
9882,2862,1786,673,liquid_bulk,gives_up,free,0.19799483105919635,19.20614610187723,waterways
9882,2864,1786,1532,liquid_bulk,gives_up,free,0.1429840603924284,23.38132172257643,waterways
9882,2872,1786,283,liquid_bulk,gives_up,free,0.29762079664842567,7.868807313988823,waterways
9882,2902,1786,749,liquid_bulk,delivers_same,same,0.16548055259813244,10.58277831557566,railways+waterways
9882,2905,1786,445,liquid_bulk,gives_up,free,0.08674435187767693,100.75420574635959,waterways
9882,2977,1786,710,liquid_bulk,gives_up,free,0.2609371138508365,26.331583499712508,waterways
9882,2979,1786,938,liquid_bulk,delivers_same,same,0.16261305681078841,7.868807313988823,railways+waterways
9882,3043,1786,1729,liquid_bulk,delivers_same,same,0.4107964326385005,77.88596523303433,waterways
9882,3051,1786,928,liquid_bulk,gives_up,free,0.367395552645321,15.237541959256056,waterways
9882,3057,1786,445,liquid_bulk,gives_up,free,0.08674435187767693,100.75420574635959,waterways
9882,3166,1786,1433,liquid_bulk,gives_up,free,0.27957545887793334,10.168029493839443,waterways
9882,3167,1786,710,liquid_bulk,gives_up,free,0.2609371138508365,26.331583499712508,waterways
9882,3171,1786,445,liquid_bulk,gives_up,free,0.08674435187767693,100.75420574635959,waterways
9882,3218,1786,1469,liquid_bulk,gives_up,free,0.2119901375323341,8.571532654613154,waterways
9882,3327,1786,1153,liquid_bulk,gives_up,free,0.17353891900927398,76.73873033505667,waterways
9882,3357,1786,710,liquid_bulk,gives_up,free,0.2609371138508365,26.331583499712508,waterways
9882,3364,1786,741,liquid_bulk,gives_up,free,0.20993488530026805,85.48817711557777,waterways
9882,3396,1786,749,liquid_bulk,delivers_same,same,0.16548055259813244,10.58277831557566,railways+waterways
9882,3408,1786,1469,liquid_bulk,gives_up,free,0.2119901375323341,8.571532654613154,waterways
9882,3478,1786,741,liquid_bulk,gives_up,free,0.20993488530026805,85.48817711557777,waterways
9882,3484,1786,1469,liquid_bulk,gives_up,free,0.2119901375323341,8.571532654613154,waterways
9882,3507,1786,928,liquid_bulk,gives_up,free,0.367395552645321,15.237541959256056,waterways
9882,3515,1786,1270,liquid_bulk,gives_up,free,0.148461002730796,7.868807313988823,waterways
9882,3701,1786,938,liquid_bulk,delivers_same,same,0.16261305681078841,7.868807313988823,railways+waterways
9882,3703,1786,445,liquid_bulk,gives_up,free,0.08674435187767693,100.75420574635959,waterways
9882,3705,1786,1270,liquid_bulk,gives_up,free,0.148461002730796,7.868807313988823,waterways
9882,3774,1786,1433,liquid_bulk,gives_up,free,0.27957545887793334,10.168029493839443,waterways
9882,3928,1786,749,liquid_bulk,delivers_same,same,0.16548055259813244,10.58277831557566,railways+waterways
9882,4007,1786,445,liquid_bulk,gives_up,free,0.08674435187767693,100.75420574635959,waterways
9882,5949,1786,360,liquid_bulk,gives_up,free,0.3561397442310503,10.616707294948261,waterways
9882,6297,1786,733,liquid_bulk,gives_up,free,0.24744506340792327,25.571212752589933,waterways
9653,2308,2228,1270,dry_bulk,gives_up,free,0.001624048525507904,0.0,waterways
9653,8517,2228,147,dry_bulk,gives_up,free,0.03423680011825225,292.4425486672598,waterways
9815,3285,2228,445,dry_bulk,gives_up,free,0.001403572370528794,92.88539843237076,waterways
9815,3286,2228,842,dry_bulk,gives_up,free,0.0014133676608394374,88.1435574531788,waterways
9828,2555,852,928,dry_bulk,gives_up,free,0.09290691046804311,17.71230460836015,waterways
9657,2213,2128,1109,dry_bulk,gives_up,free,0.019286181050709228,33.48561522252389,waterways
9657,2229,2128,360,dry_bulk,gives_up,free,0.09993058039122782,11.944282462525177,waterways
9657,11637,2128,721,dry_bulk,delivers_same,same,0.11235492973157468,9.196382481565738,railways+waterways
9674,1263,666,2335,dry_bulk,gives_up,free,0.090054097437968,65.97230902804306,waterways
9674,1318,666,2311,dry_bulk,gives_up,free,0.08455788064178527,104.5507359955219,waterways
9674,1320,666,2347,dry_bulk,gives_up,free,0.0855902538030302,96.9264965071291,waterways
9674,1443,666,793,dry_bulk,gives_up,free,0.06894759522783578,247.6626725669231,waterways
9674,2394,666,842,dry_bulk,gives_up,free,0.0014240379255032742,100.15368509523346,waterways
9674,2716,666,246,dry_bulk,gives_up,free,0.0013277142484577897,148.96591694925561,waterways
9674,5671,666,733,dry_bulk,gives_up,free,0.016486300675592647,29.712533080655767,waterways
9674,7759,666,1051,dry_bulk,gives_up,free,0.18178441837590875,12.010127642054659,waterways
9674,8559,666,147,dry_bulk,gives_up,free,0.06424142169943692,304.4526763093145,waterways
9686,2598,666,461,dry_bulk,gives_up,free,0.05632116951124999,12.010127642054659,waterways
9817,2523,666,445,dry_bulk,gives_up,free,0.0014140719853363848,104.89552607442542,waterways
9817,2527,666,1153,dry_bulk,gives_up,free,0.0034138120006848016,143.84734142862328,waterways
9817,3213,666,1153,dry_bulk,gives_up,free,0.0034138120006848016,143.84734142862328,waterways
9817,3281,666,710,dry_bulk,gives_up,free,0.026057924846638603,30.472903827778346,waterways
9817,6347,666,733,dry_bulk,gives_up,free,0.016486300675592647,29.712533080655767,waterways
9829,2562,666,842,dry_bulk,gives_up,free,0.0014240379255032742,100.15368509523346,waterways
9829,2724,666,624,dry_bulk,delivers_same,same,0.5370854765864079,117.26131378219719,waterways
9829,2726,666,624,dry_bulk,delivers_same,same,0.5370854765864079,117.26131378219719,waterways
9829,3288,666,741,dry_bulk,gives_up,free,0.015561391554518744,89.62949744364361,waterways
9829,5833,666,733,dry_bulk,gives_up,free,0.016486300675592647,29.712533080655767,waterways
9829,7791,666,385,dry_bulk,gives_up,free,0.11812690512718027,192.6192998441394,waterways
9829,11702,666,1318,dry_bulk,gives_up,free,0.03606823500086098,439.1744190953158,waterways
2077,12072,319,866,dry_bulk,gives_up,free,0.09227811401000885,10.087216369593914,waterways
9655,84,2251,820,dry_bulk,gives_up,free,0.18367311783635842,15.271361365704378,waterways
9655,7749,2251,1266,dry_bulk,gives_up,free,0.12246963111420772,273.9510490436816,waterways
9655,12250,2251,253,dry_bulk,delivers_same,same,0.01679620213302635,10.606053571262459,railways+waterways
9675,106,1606,462,dry_bulk,gives_up,free,0.017984019218140856,37.41496581161871,waterways
9675,1262,1606,2311,dry_bulk,gives_up,free,0.0497783550565325,92.54060835346725,waterways
9675,1323,1606,469,dry_bulk,gives_up,free,0.0409513640866499,226.2836077669077,waterways
9675,1444,1606,2311,dry_bulk,gives_up,free,0.0497783550565325,92.54060835346725,waterways
9675,1445,1606,2335,dry_bulk,gives_up,free,0.05307852749047681,53.962181385988394,waterways
9675,7760,1606,385,dry_bulk,gives_up,free,0.12501380810944718,180.60917220208472,waterways
9675,7811,1606,2089,dry_bulk,gives_up,free,0.14449657565682017,40.21893388459402,waterways
9675,7813,1606,1005,dry_bulk,gives_up,free,0.06678824981579545,190.2179672172648,waterways
9675,7815,1606,385,dry_bulk,gives_up,free,0.12501380810944718,180.60917220208472,waterways
9675,11671,1606,295,dry_bulk,delivers_same,same,0.11874757665867763,86.2982105557009,railways+waterways
9818,3203,1606,928,dry_bulk,gives_up,free,0.013804009279981155,7.368734645267233,waterways
9818,3279,1606,928,dry_bulk,gives_up,free,0.013804009279981155,7.368734645267233,waterways
9818,6031,1606,734,dry_bulk,gives_up,free,0.056384434752337675,8.156375702061142,waterways
9830,3203,1606,928,dry_bulk,gives_up,free,0.013804009279981155,7.368734645267233,waterways
9830,7774,1606,595,dry_bulk,gives_up,free,0.12710877384306407,113.15622430785815,waterways
9830,7775,1606,1271,dry_bulk,gives_up,free,0.04800200264960974,118.79516168875384,waterways
9830,7776,1606,646,dry_bulk,gives_up,free,0.11448070161270651,276.40972393957816,waterways
9830,10455,1606,24,dry_bulk,delivers_same,same,0.024348530346328445,49.34407101591137,railways+waterways
9830,11710,1606,1318,dry_bulk,gives_up,free,0.05282850503422787,427.1642914532611,waterways
75,2546,820,392,dry_bulk,gives_up,free,0.05503824785819389,26.69050685178292,waterways
75,3228,820,1465,dry_bulk,gives_up,free,0.10354284620965437,15.271361365704378,waterways
75,3307,820,1608,dry_bulk,gives_up,same,0.09340645141323423,15.271361365704378,waterways
75,9690,820,1601,dry_bulk,gives_up,free,0.17455555370876374,15.271361365704378,waterways
75,9691,820,1601,dry_bulk,gives_up,free,0.17455555370876374,15.271361365704378,waterways
75,9723,820,1687,dry_bulk,gives_up,free,0.1900630694445704,16.09635557173986,waterways
75,9745,820,1687,dry_bulk,gives_up,free,0.1900630694445704,16.09635557173986,waterways
75,9747,820,1687,dry_bulk,gives_up,free,0.1900630694445704,16.09635557173986,waterways
75,9767,820,1687,dry_bulk,gives_up,free,0.1900630694445704,16.09635557173986,waterways
75,9796,820,1687,dry_bulk,gives_up,free,0.1900630694445704,16.09635557173986,waterways
75,9882,820,1786,dry_bulk,gives_up,free,0.18935115677818493,23.140168679693197,waterways
75,9993,820,1446,dry_bulk,gives_up,free,0.09054591894404118,67.03040803756235,waterways
75,10048,820,2228,dry_bulk,gives_up,free,0.184846490914512,15.271361365704378,waterways
75,10197,820,1446,dry_bulk,gives_up,free,0.09054591894404118,67.03040803756235,waterways
75,10203,820,1687,dry_bulk,gives_up,free,0.1900630694445704,16.09635557173986,waterways
75,10207,820,1606,dry_bulk,gives_up,free,0.13840327876145442,15.271361365704378,waterways
1003,2869,1022,740,dry_bulk,gives_up,free,0.015451278422497605,201.45674182559986,maritime+waterways
1003,3294,1022,1469,dry_bulk,gives_up,free,0.1003940079082366,72.87168582611967,maritime+waterways
2723,34,976,750,liquid_bulk,delivers_same,same,0.08664972420462269,48.608615911925554,maritime+railways+waterways
2723,2124,976,1728,liquid_bulk,delivers_same,same,0.2063078517383985,140.57508621359625,maritime+waterways
2723,2239,976,52,liquid_bulk,gives_up,free,0.19000275339254968,64.24179883754091,maritime+waterways
2723,2317,976,841,liquid_bulk,gives_up,free,0.024585126213521713,133.61064516414947,maritime+waterways
2723,2329,976,1269,liquid_bulk,gives_up,free,0.005365677396131918,133.8912146309259,maritime+waterways
2723,2434,976,741,liquid_bulk,gives_up,free,0.05406695398247652,126.22798571351453,maritime+waterways
2723,2455,976,1729,liquid_bulk,delivers_same,same,0.31664018062253807,118.62577383097106,maritime+waterways
2723,2517,976,928,liquid_bulk,gives_up,free,0.2661259765406927,55.977350557192786,maritime+waterways
2723,2709,976,281,liquid_bulk,gives_up,free,0.20352846792368728,50.45054456028416,maritime+waterways
2723,2751,976,749,liquid_bulk,delivers_same,same,0.08626337905126302,51.32258691351239,maritime+railways+waterways
2723,2940,976,749,liquid_bulk,delivers_same,same,0.08626337905126302,51.32258691351239,maritime+railways+waterways
2723,3029,976,197,liquid_bulk,gives_up,free,0.09457614821549698,100.38831961650587,maritime+waterways
2723,3060,976,741,liquid_bulk,gives_up,free,0.05406695398247652,126.22798571351453,maritime+waterways
2723,3090,976,1433,liquid_bulk,gives_up,free,0.2008443844441914,50.90783809177618,maritime+waterways
2723,3347,976,1729,liquid_bulk,delivers_same,same,0.31664018062253807,118.62577383097106,maritime+waterways
2723,3561,976,197,liquid_bulk,gives_up,free,0.09457614821549698,100.38831961650587,maritime+waterways
2723,3782,976,741,liquid_bulk,gives_up,free,0.05406695398247652,126.22798571351453,maritime+waterways
2723,3827,976,197,liquid_bulk,gives_up,free,0.09457614821549698,100.38831961650587,maritime+waterways
2723,3851,976,710,liquid_bulk,gives_up,free,0.15530560784454073,67.07139209764924,maritime+waterways
2723,3879,976,1729,liquid_bulk,delivers_same,same,0.31664018062253807,118.62577383097106,maritime+waterways
2723,4017,976,197,liquid_bulk,gives_up,free,0.09457614821549698,100.38831961650587,maritime+waterways
5264,hh_113,1161,733,dry_bulk,gives_up,free,0.1558256352169134,107.67207959743708,maritime+waterways
5264,hh_212,1161,1433,dry_bulk,gives_up,free,0.1433973637344068,141.56616250546077,maritime+waterways
5264,hh_213,1161,710,dry_bulk,gives_up,free,0.16156453085751665,108.43245034455967,maritime+waterways
5264,hh_219,1161,1270,dry_bulk,gives_up,free,0.006105269200652019,89.96967415883599,maritime+waterways
5264,hh_220,1161,741,dry_bulk,gives_up,free,0.0893599025871783,167.58904396042496,maritime+waterways
5264,hh_221,1161,1153,dry_bulk,gives_up,free,0.13046328162351717,221.80688794540458,maritime+waterways
5264,hh_226,1161,1469,dry_bulk,gives_up,free,0.14720645961352807,90.67239949946031,maritime+waterways
5264,hh_241,1161,1729,dry_bulk,delivers_same,same,0.14842389180121485,159.9868320778815,maritime+waterways
7792,GBR,1135,6478,dry_bulk,gives_up,free,0.004331145855553942,218.57334996273667,maritime+waterways
7792,3036,1135,56,dry_bulk,gives_up,free,0.11234181664454157,218.57334996273667,waterways
7792,9692,1135,1601,dry_bulk,gives_up,free,0.0979205752325194,218.57334996273667,waterways
7792,9777,1135,1687,dry_bulk,gives_up,free,0.09540200949073196,219.39834416877216,waterways
9384,2315,256,1307,dry_bulk,delivers_free,free,0.09258339604189003,5.956003425537528,maritime+railways+waterways
9384,2316,256,1109,dry_bulk,delivers_free,free,0.09038171028421593,30.24523616649568,maritime+railways+waterways
9384,2328,256,1153,dry_bulk,delivers_free,free,0.026866847968793683,137.79321721210613,maritime+railways+waterways
9384,2602,256,741,dry_bulk,delivers_same,same,0.2472531380128824,83.57537322712648,maritime+railways+waterways
10603,hh_113,1301,733,liquid_bulk,delivers_free,free,0.09250661215745759,85.3747988918821,maritime+railways+waterways
10603,hh_211,1301,928,liquid_bulk,delivers_same,same,0.08475149339595056,75.04112809854824,maritime+railways+waterways
10603,hh_212,1301,1433,liquid_bulk,delivers_free,free,0.12497653137757903,69.97161563313162,maritime+railways+waterways
10603,hh_213,1301,710,liquid_bulk,delivers_free,free,0.09892258413599686,86.13516963900469,maritime+railways+waterways
10603,hh_226,1301,1469,liquid_bulk,delivers_free,free,0.08709425522891467,68.37511879390533,maritime+railways+waterways
10603,hh_227,1301,197,liquid_bulk,delivers_same,same,0.10289360022563176,119.45209715786132,maritime+railways+waterways
10603,hh_241,1301,1729,liquid_bulk,delivers_free,free,0.08969497026144557,137.6895513723265,maritime+railways+waterways
10603,2425,1301,928,liquid_bulk,delivers_same,same,0.08475149339595056,75.04112809854824,maritime+railways+waterways
10603,2426,1301,1433,liquid_bulk,delivers_free,free,0.12497653137757903,69.97161563313162,maritime+railways+waterways
10603,2427,1301,710,liquid_bulk,delivers_free,free,0.09892258413599686,86.13516963900469,maritime+railways+waterways
10603,2440,1301,1469,liquid_bulk,delivers_free,free,0.08709425522891467,68.37511879390533,maritime+railways+waterways
10603,2455,1301,1729,liquid_bulk,delivers_free,free,0.08969497026144557,137.6895513723265,maritime+railways+waterways
10603,2720,1301,2038,liquid_bulk,delivers_free,free,0.12539676032988933,67.672393453281,maritime+railways+waterways
10603,2735,1301,1272,liquid_bulk,delivers_free,free,0.11249040707259716,76.7901388255095,maritime+railways+waterways
10603,2742,1301,1272,liquid_bulk,delivers_free,free,0.11249040707259716,76.7901388255095,maritime+railways+waterways
10603,2786,1301,928,liquid_bulk,delivers_same,same,0.08475149339595056,75.04112809854824,maritime+railways+waterways
10603,2787,1301,1433,liquid_bulk,delivers_free,free,0.12497653137757903,69.97161563313162,maritime+railways+waterways
10603,2788,1301,710,liquid_bulk,delivers_free,free,0.09892258413599686,86.13516963900469,maritime+railways+waterways
10603,2801,1301,1469,liquid_bulk,delivers_free,free,0.08709425522891467,68.37511879390533,maritime+railways+waterways
10603,2802,1301,197,liquid_bulk,delivers_same,same,0.10289360022563176,119.45209715786132,maritime+railways+waterways
10603,2816,1301,1729,liquid_bulk,delivers_free,free,0.08969497026144557,137.6895513723265,maritime+railways+waterways
10603,3317,1301,928,liquid_bulk,delivers_same,same,0.08475149339595056,75.04112809854824,maritime+railways+waterways
10603,3318,1301,1433,liquid_bulk,delivers_free,free,0.12497653137757903,69.97161563313162,maritime+railways+waterways
10603,3319,1301,710,liquid_bulk,delivers_free,free,0.09892258413599686,86.13516963900469,maritime+railways+waterways
10603,3332,1301,1469,liquid_bulk,delivers_free,free,0.08709425522891467,68.37511879390533,maritime+railways+waterways
10603,3333,1301,197,liquid_bulk,delivers_same,same,0.10289360022563176,119.45209715786132,maritime+railways+waterways
10603,3347,1301,1729,liquid_bulk,delivers_free,free,0.08969497026144557,137.6895513723265,maritime+railways+waterways
10603,3355,1301,928,liquid_bulk,delivers_same,same,0.08475149339595056,75.04112809854824,maritime+railways+waterways
10603,3356,1301,1433,liquid_bulk,delivers_free,free,0.12497653137757903,69.97161563313162,maritime+railways+waterways
10603,3357,1301,710,liquid_bulk,delivers_free,free,0.09892258413599686,86.13516963900469,maritime+railways+waterways
10603,3370,1301,1469,liquid_bulk,delivers_free,free,0.08709425522891467,68.37511879390533,maritime+railways+waterways
10603,3371,1301,197,liquid_bulk,delivers_same,same,0.10289360022563176,119.45209715786132,maritime+railways+waterways
10603,3385,1301,1729,liquid_bulk,delivers_free,free,0.08969497026144557,137.6895513723265,maritime+railways+waterways
10603,3431,1301,928,liquid_bulk,delivers_same,same,0.08475149339595056,75.04112809854824,maritime+railways+waterways
10603,3432,1301,1433,liquid_bulk,delivers_free,free,0.12497653137757903,69.97161563313162,maritime+railways+waterways
10603,3433,1301,710,liquid_bulk,delivers_free,free,0.09892258413599686,86.13516963900469,maritime+railways+waterways
10603,3446,1301,1469,liquid_bulk,delivers_free,free,0.08709425522891467,68.37511879390533,maritime+railways+waterways
10603,3447,1301,197,liquid_bulk,delivers_same,same,0.10289360022563176,119.45209715786132,maritime+railways+waterways
10603,3461,1301,1729,liquid_bulk,delivers_free,free,0.08969497026144557,137.6895513723265,maritime+railways+waterways
12040,2071,59,1056,dry_bulk,gives_up,free,0.08959156636939558,205.72216536096218,waterways
12410,hh_113,603,733,dry_bulk,gives_up,free,0.18740855300421266,47.22300862620618,maritime+waterways
12410,hh_155,603,462,dry_bulk,gives_up,free,0.0014565764831082628,66.93556899922378,maritime+waterways
12410,hh_158,603,750,dry_bulk,gives_up,free,0.07017236513797065,227.7534389303307,maritime+waterways
12410,hh_211,603,928,dry_bulk,gives_up,free,0.16570558555392,36.88933783287231,maritime+waterways
12410,hh_212,603,1433,dry_bulk,gives_up,free,0.14742784303157186,81.11709153422984,maritime+waterways
12410,hh_213,603,710,dry_bulk,gives_up,free,0.19430461745540906,47.98337937332876,maritime+waterways
12410,hh_214,603,749,dry_bulk,gives_up,free,0.07630210235576174,225.03946792874387,maritime+waterways
12410,hh_216,603,461,dry_bulk,gives_up,free,0.030299466710502987,29.520603187605072,maritime+waterways
12410,hh_220,603,741,dry_bulk,gives_up,free,0.021404953244873903,107.13997298919404,maritime+waterways
12410,hh_221,603,1153,dry_bulk,gives_up,free,0.13140363168499425,161.35781697417372,maritime+waterways
12410,hh_226,603,1469,dry_bulk,gives_up,free,0.13111826325306342,30.223328528229406,maritime+waterways
12410,hh_227,603,197,dry_bulk,gives_up,free,0.061136033560856395,81.3003068921854,maritime+waterways
12410,hh_241,603,1729,dry_bulk,delivers_same,same,0.17902246005823885,99.53776110665058,maritime+waterways
12410,2720,603,2038,dry_bulk,gives_up,free,0.14790456551905207,78.81786935437923,maritime+waterways
12410,3203,603,928,dry_bulk,gives_up,free,0.16570558555392,36.88933783287231,maritime+waterways
12410,3206,603,749,dry_bulk,gives_up,free,0.07630210235576174,225.03946792874387,maritime+waterways
12410,3213,603,1153,dry_bulk,gives_up,free,0.13140363168499425,161.35781697417372,maritime+waterways
76,3302,1158,56,dry_bulk,gives_up,free,0.15421080180981472,3.7288462901362767,waterways
76,3306,1158,196,dry_bulk,gives_up,free,0.0017127602357918104,70.71450491988625,waterways
76,9704,1158,1044,dry_bulk,gives_up,free,0.1011827410890409,10.554230134731682,waterways
76,9708,1158,1601,dry_bulk,gives_up,free,0.17975537353557924,3.7288462901362767,waterways
76,9732,1158,1687,dry_bulk,gives_up,free,0.19567204793511328,4.553840496171761,waterways
76,9766,1158,1687,dry_bulk,gives_up,free,0.19567204793511328,4.553840496171761,waterways
1002,hh_226,366,1469,dry_bulk,gives_up,free,0.08660404675675437,230.77053915058735,maritime+waterways
1002,hh_227,366,197,dry_bulk,gives_up,free,0.041229922979949096,281.84751751454337,maritime+waterways
1002,hh_241,366,1729,dry_bulk,delivers_same,same,0.09148536376533212,300.08497172900854,maritime+waterways
1002,3013,366,928,dry_bulk,gives_up,free,0.017316923475536594,237.43654845523025,maritime+waterways
1002,3051,366,928,dry_bulk,gives_up,free,0.017316923475536594,237.43654845523025,maritime+waterways
1002,3060,366,741,dry_bulk,gives_up,free,0.008583446344318624,307.6871836115519,maritime+waterways
1002,3066,366,1469,dry_bulk,gives_up,free,0.08660404675675437,230.77053915058735,maritime+waterways
1002,3279,366,928,dry_bulk,gives_up,free,0.017316923475536594,237.43654845523025,maritime+waterways
1002,3288,366,741,dry_bulk,gives_up,free,0.008583446344318624,307.6871836115519,maritime+waterways
7786,NOR,1719,2506,dry_bulk,gives_up,free,0.04350104118830167,49.19090747415605,maritime+waterways
7786,2725,1719,1615,dry_bulk,gives_up,free,0.1253112774684757,49.19090747415605,waterways
7786,3041,1719,1608,dry_bulk,gives_up,same,0.0778686248464957,49.19090747415605,waterways
7786,3042,1719,392,dry_bulk,gives_up,free,0.04668493798625106,60.61005296023459,waterways
7786,3216,1719,640,dry_bulk,gives_up,free,0.01449936203100144,50.405710217628126,waterways
7786,3225,1719,2039,dry_bulk,gives_up,free,0.09523013586501161,92.0718804754477,waterways
7786,6290,1719,1755,dry_bulk,delivers_same,same,0.02619613174319535,49.19090747415605,railways+waterways
7786,9710,1719,1601,dry_bulk,gives_up,free,0.18930417806245603,49.19090747415605,waterways
7786,9713,1719,2154,dry_bulk,gives_up,free,0.18614192617366387,60.476689791182125,waterways
7786,9728,1719,1687,dry_bulk,gives_up,free,0.20305245704206643,50.01590168019153,waterways
7786,9740,1719,1687,dry_bulk,gives_up,free,0.20305245704206643,50.01590168019153,waterways
7786,9744,1719,1324,dry_bulk,gives_up,free,0.14071670392249058,51.08591554727215,waterways
7786,9745,1719,1687,dry_bulk,gives_up,free,0.20305245704206643,50.01590168019153,waterways
7786,9754,1719,1601,dry_bulk,gives_up,free,0.18930417806245603,49.19090747415605,waterways
7786,9769,1719,1687,dry_bulk,gives_up,free,0.20305245704206643,50.01590168019153,waterways
7786,9773,1719,1687,dry_bulk,gives_up,free,0.20305245704206643,50.01590168019153,waterways
7786,9780,1719,1601,dry_bulk,gives_up,free,0.18930417806245603,49.19090747415605,waterways
7786,9782,1719,2130,dry_bulk,gives_up,free,0.1846385697507995,49.19090747415605,waterways
7786,9787,1719,1324,dry_bulk,gives_up,free,0.14071670392249058,51.08591554727215,waterways
7786,9795,1719,1097,dry_bulk,gives_up,free,0.18782765953260605,52.173347520818396,waterways
7786,9796,1719,1687,dry_bulk,gives_up,free,0.20305245704206643,50.01590168019153,waterways
9383,hh_211,1662,928,dry_bulk,gives_up,free,0.2461382530323446,10.1017431072723,maritime+waterways
9383,hh_212,1662,1433,dry_bulk,gives_up,free,0.16475072891587272,54.32949680862984,maritime+waterways
9383,hh_213,1662,710,dry_bulk,gives_up,free,0.18556079271870196,21.195784647728754,maritime+waterways
9383,hh_214,1662,749,dry_bulk,gives_up,free,0.0808345184150383,198.25187320314387,maritime+waterways
9383,hh_216,1662,461,dry_bulk,gives_up,free,0.008415072246407362,2.733008462005067,maritime+waterways
9383,hh_220,1662,741,dry_bulk,gives_up,free,0.08885755668948891,80.35237826359403,maritime+waterways
9383,hh_221,1662,1153,dry_bulk,gives_up,free,0.13516639785147078,134.5702222485737,maritime+waterways
9383,hh_226,1662,1469,dry_bulk,gives_up,free,0.17121574981221577,3.4357338026293993,maritime+waterways
9383,hh_227,1662,197,dry_bulk,gives_up,free,0.05829791820736352,54.512712166585395,maritime+waterways
9383,hh_241,1662,1729,dry_bulk,delivers_same,same,0.1708330861172389,72.75016638105058,maritime+waterways
9383,2130,1662,699,dry_bulk,gives_up,free,0.22420857986240228,2.8340708359676485,maritime+waterways
9383,2132,1662,1728,dry_bulk,delivers_same,same,0.10803463401478641,94.69947876367576,maritime+waterways
9383,2134,1662,281,dry_bulk,gives_up,free,0.1797353014375993,4.574937110363667,maritime+waterways
9383,2135,1662,891,dry_bulk,gives_up,free,0.1656502502156838,5.804736440307311,maritime+waterways
9383,2204,1662,930,dry_bulk,gives_up,free,0.17675597511346974,26.33187401293295,maritime+waterways
9383,2211,1662,928,dry_bulk,gives_up,free,0.2461382530323446,10.1017431072723,maritime+waterways
9383,2214,1662,673,dry_bulk,gives_up,free,0.14454615637340695,77.03763801539426,maritime+waterways
9383,2220,1662,285,dry_bulk,gives_up,free,0.1983618392487152,18.791153779374717,maritime+waterways
9383,2222,1662,1322,dry_bulk,gives_up,free,0.24864576678925743,2.733008462005067,maritime+waterways
9383,2223,1662,285,dry_bulk,gives_up,free,0.1983618392487152,18.791153779374717,maritime+waterways
9383,2226,1662,930,dry_bulk,gives_up,free,0.17675597511346974,26.33187401293295,maritime+waterways
9383,2229,1662,360,dry_bulk,gives_up,free,0.23276585305161146,5.480908442964505,maritime+waterways
9383,2230,1662,710,dry_bulk,gives_up,free,0.18556079271870196,21.195784647728754,maritime+waterways
9383,2231,1662,710,dry_bulk,gives_up,free,0.18556079271870196,21.195784647728754,maritime+waterways
9383,2236,1662,2302,dry_bulk,gives_up,free,0.22958612581217164,11.278002297523734,maritime+waterways
9383,2237,1662,2335,dry_bulk,gives_up,free,0.21694451382366098,56.69518984799346,maritime+waterways
9383,2240,1662,52,dry_bulk,gives_up,free,0.19939636133454464,18.366191387620425,maritime+waterways
9383,2242,1662,672,dry_bulk,gives_up,free,0.14655019721259577,65.70029922750585,maritime+waterways
9383,2245,1662,749,dry_bulk,gives_up,free,0.0808345184150383,198.25187320314387,maritime+waterways
9383,2258,1662,1286,dry_bulk,delivers_same,same,0.433810347816175,189.95617206895423,maritime+waterways
9383,2259,1662,1154,dry_bulk,delivers_same,same,0.4222981780923074,201.60784036793387,maritime+waterways
9383,2268,1662,1154,dry_bulk,delivers_same,same,0.4222981780923074,201.60784036793387,maritime+waterways
9383,2270,1662,461,dry_bulk,gives_up,free,0.008415072246407362,2.733008462005067,maritime+waterways
9383,2274,1662,460,dry_bulk,gives_up,free,0.005056980918855425,5.155236435298988,maritime+waterways
9383,2277,1662,461,dry_bulk,gives_up,free,0.008415072246407362,2.733008462005067,maritime+waterways
9383,2278,1662,461,dry_bulk,gives_up,free,0.008415072246407362,2.733008462005067,maritime+waterways
9383,2279,1662,461,dry_bulk,gives_up,free,0.008415072246407362,2.733008462005067,maritime+waterways
9383,2306,1662,1269,dry_bulk,gives_up,free,0.0961507562737709,88.01560718100541,maritime+waterways
9383,2310,1662,1306,dry_bulk,gives_up,free,0.18625661388763248,2.733008462005067,maritime+waterways
9383,2311,1662,741,dry_bulk,gives_up,free,0.08885755668948891,80.35237826359403,maritime+waterways
9383,2312,1662,841,dry_bulk,gives_up,free,0.06979419834200606,87.73503771422898,maritime+waterways
9383,2323,1662,673,dry_bulk,gives_up,free,0.14454615637340695,77.03763801539426,maritime+waterways
9383,2325,1662,673,dry_bulk,gives_up,free,0.14454615637340695,77.03763801539426,maritime+waterways
9383,2329,1662,1269,dry_bulk,gives_up,free,0.0961507562737709,88.01560718100541,maritime+waterways
9383,2358,1662,1306,dry_bulk,gives_up,free,0.18625661388763248,2.733008462005067,maritime+waterways
9383,2360,1662,601,dry_bulk,gives_up,free,0.17142420100055933,20.108670055891775,maritime+waterways
9383,2363,1662,197,dry_bulk,gives_up,free,0.05829791820736352,54.512712166585395,maritime+waterways
9383,2593,1662,928,dry_bulk,gives_up,free,0.2461382530323446,10.1017431072723,maritime+waterways
9383,2594,1662,1433,dry_bulk,gives_up,free,0.16475072891587272,54.32949680862984,maritime+waterways
79,2725,462,1615,dry_bulk,gives_up,free,0.0014275267895087485,37.41496581161871,waterways
79,3301,462,2039,dry_bulk,gives_up,free,0.0132299992687539,80.29593881291036,waterways
79,9696,462,1601,dry_bulk,gives_up,free,0.08010065153595525,37.41496581161871,waterways
79,9697,462,1601,dry_bulk,gives_up,free,0.08010065153595525,37.41496581161871,waterways
79,9703,462,2201,dry_bulk,gives_up,free,0.05808149087480996,37.41496581161871,waterways
79,9711,462,1601,dry_bulk,gives_up,free,0.08010065153595525,37.41496581161871,waterways
79,9712,462,1601,dry_bulk,gives_up,free,0.08010065153595525,37.41496581161871,waterways
79,9713,462,2154,dry_bulk,gives_up,free,0.07379656471634966,48.70074812864479,waterways
79,9736,462,1687,dry_bulk,gives_up,free,0.09364567505820354,38.23996001765419,waterways
79,9746,462,1601,dry_bulk,gives_up,free,0.08010065153595525,37.41496581161871,waterways
79,9750,462,1687,dry_bulk,gives_up,free,0.09364567505820354,38.23996001765419,waterways
79,9754,462,1601,dry_bulk,gives_up,free,0.08010065153595525,37.41496581161871,waterways
79,9775,462,1687,dry_bulk,gives_up,free,0.09364567505820354,38.23996001765419,waterways
79,9776,462,1687,dry_bulk,gives_up,free,0.09364567505820354,38.23996001765419,waterways
79,9777,462,1687,dry_bulk,gives_up,free,0.09364567505820354,38.23996001765419,waterways
79,9778,462,2130,dry_bulk,gives_up,free,0.07415424339600118,37.41496581161871,waterways
79,9786,462,2154,dry_bulk,gives_up,free,0.07379656471634966,48.70074812864479,waterways
79,9787,462,1324,dry_bulk,gives_up,free,0.04104868085003144,39.30997388473481,waterways
79,9790,462,2130,dry_bulk,gives_up,free,0.07415424339600118,37.41496581161871,waterways
79,9799,462,2154,dry_bulk,gives_up,free,0.07379656471634966,48.70074812864479,waterways
79,9800,462,2259,dry_bulk,gives_up,free,0.07274669437377801,59.50154374150036,waterways
79,9802,462,1687,dry_bulk,gives_up,free,0.09364567505820354,38.23996001765419,waterways
79,9803,462,2130,dry_bulk,gives_up,free,0.07415424339600118,37.41496581161871,waterways
79,9805,462,1525,dry_bulk,gives_up,free,0.041148843196008755,37.41496581161871,waterways
79,9806,462,1687,dry_bulk,gives_up,free,0.09364567505820354,38.23996001765419,waterways
79,9880,462,2128,dry_bulk,gives_up,free,0.07228747447785189,46.61134829318444,waterways
79,9884,462,1786,dry_bulk,gives_up,free,0.07413504393291515,45.28377312560753,waterways
79,9994,462,1602,dry_bulk,gives_up,free,0.07122801301615267,37.41496581161871,waterways
79,10046,462,140,dry_bulk,gives_up,free,0.08553284662477711,37.41496581161871,waterways
79,10051,462,1606,dry_bulk,gives_up,free,0.017984019218140856,37.41496581161871,waterways
79,10199,462,998,dry_bulk,delivers_same,same,0.48620368296417915,106.68347965407838,waterways
79,10206,462,666,dry_bulk,gives_up,free,0.07093445369162055,49.42509345367336,waterways
10313,2229,715,360,dry_bulk,gives_up,free,0.04748482054952685,38.87010308104527,waterways
10604,34,494,750,liquid_bulk,delivers_same,same,0.12387679296396681,0.0,maritime+railways+waterways
10604,2441,494,197,liquid_bulk,gives_up,free,0.10004375701614032,51.77970370458033,maritime+waterways
10604,2738,494,1272,liquid_bulk,gives_up,free,0.19768891676496514,9.117745372228498,maritime+waterways
10604,2789,494,749,liquid_bulk,delivers_same,same,0.12330234221683689,2.7139710015868355,maritime+railways+waterways
10604,3434,494,749,liquid_bulk,delivers_same,same,0.12330234221683689,2.7139710015868355,maritime+railways+waterways
12049,hh_234,2120,56,dry_bulk,gives_up,free,0.13499916559820524,60.377661231329675,waterways
12038,hh_238,757,196,dry_bulk,gives_up,free,0.0014622588533845793,177.0741038112904,waterways
12038,2066,757,2176,dry_bulk,gives_up,free,0.04724101420453519,110.08844518154041,waterways
12038,2081,757,418,dry_bulk,gives_up,free,0.12673725681552828,176.4102117928303,waterways
12038,2097,757,586,dry_bulk,gives_up,free,0.02337010286428476,110.08844518154041,waterways
12038,2100,757,1380,dry_bulk,gives_up,free,0.003253434556775403,110.08844518154041,waterways
12038,2111,757,1070,dry_bulk,gives_up,free,0.08615398911903704,110.08844518154041,waterways
12038,2621,757,1608,dry_bulk,gives_up,same,0.0793739262743014,110.08844518154041,waterways
12045,hh_234,2120,56,dry_bulk,gives_up,free,0.13499916559820524,60.377661231329675,waterways
12045,hh_240,2120,392,dry_bulk,gives_up,free,0.05051473056623257,71.79680671740822,waterways
12065,hh_238,2120,196,dry_bulk,gives_up,free,0.0015519637213770032,127.36331986107966,waterways
12065,2739,2120,1450,dry_bulk,gives_up,free,0.1327095748104663,60.377661231329675,waterways
12065,2746,2120,498,dry_bulk,gives_up,free,0.14825338004324906,60.377661231329675,waterways
12065,2853,2120,588,dry_bulk,gives_up,free,0.07313322966480396,60.377661231329675,waterways
12065,2857,2120,1380,dry_bulk,gives_up,free,0.03431831675243102,60.377661231329675,waterways
12065,2858,2120,743,dry_bulk,gives_up,same,0.0767304943061613,118.39680258362282,waterways
12065,2874,2120,311,dry_bulk,gives_up,free,0.04190953975711098,60.377661231329675,waterways
12065,2884,2120,56,dry_bulk,gives_up,free,0.13499916559820524,60.377661231329675,waterways
12065,2892,2120,56,dry_bulk,gives_up,free,0.13499916559820524,60.377661231329675,waterways
12065,3304,2120,1465,dry_bulk,gives_up,free,0.04724937812060448,60.377661231329675,waterways
12065,3307,2120,1608,dry_bulk,gives_up,same,0.08492554066468139,60.377661231329675,waterways
12065,10041,2120,1446,dry_bulk,gives_up,free,0.016585608180780254,112.13670790318764,waterways
12065,10043,2120,998,dry_bulk,delivers_same,same,0.4257515483839054,129.64617507378935,waterways
12065,10044,2120,562,dry_bulk,gives_up,free,0.09842029586374279,80.14992891449921,waterways
12065,10050,2120,666,dry_bulk,gives_up,free,0.11378793124174091,72.38778887338432,waterways
12065,10052,2120,319,dry_bulk,gives_up,free,0.07951997955015311,60.377661231329675,waterways
4079,2603,1274,1153,dry_bulk,gives_up,free,0.05505010823499301,163.42846524841428,maritime+waterways
7791,3232,385,392,dry_bulk,gives_up,free,0.04043084736230118,192.02831768816327,waterways
7791,6298,385,346,dry_bulk,gives_up,free,0.07091981723736773,353.8032781871794,waterways
7791,6299,385,681,dry_bulk,gives_up,free,0.06981287995413199,180.60917220208472,waterways
7791,9735,385,1687,dry_bulk,gives_up,free,0.09886463225840325,181.4341664081202,waterways
7791,9750,385,1687,dry_bulk,gives_up,free,0.09886463225840325,181.4341664081202,waterways
7791,9790,385,2130,dry_bulk,gives_up,free,0.09799214692002134,180.60917220208472,waterways
7791,9884,385,1786,dry_bulk,gives_up,free,0.10351306836344953,188.47797951607356,waterways
7791,9996,385,562,dry_bulk,gives_up,free,0.11784525870891138,200.38143988525428,waterways
7791,10198,385,1602,dry_bulk,gives_up,free,0.11250024843408957,180.60917220208472,waterways
10325,2354,650,612,dry_bulk,gives_up,free,0.03628755791376714,153.11373304555056,maritime+waterways
10386,2594,650,1433,dry_bulk,gives_up,free,0.020237166523024985,204.71022139217536,maritime+waterways
10330,2215,104,1269,dry_bulk,gives_up,free,0.03256518789289564,242.69880624845752,maritime+waterways
10330,2355,104,611,dry_bulk,gives_up,free,0.13110944166319616,170.85533104040982,maritime+waterways
10330,2360,104,601,dry_bulk,gives_up,free,0.13537139259815345,174.7918691233439,maritime+waterways
10330,2602,104,741,dry_bulk,gives_up,free,0.05937464939210768,235.03557733104614,maritime+waterways
10335,2316,494,1109,dry_bulk,gives_up,free,0.19586995726549716,24.289232740958152,maritime+waterways
9381,2121,155,699,dry_bulk,delivers_same,same,0.18957784894504104,58.863594703507935,maritime+railways+waterways
9381,2239,155,52,dry_bulk,delivers_free,free,0.14444179065327423,74.39571525516071,maritime+railways+waterways
9381,2351,155,1469,dry_bulk,delivers_same,same,0.12024667279156653,59.465257670169684,maritime+railways+waterways
9381,2609,155,197,dry_bulk,delivers_same,same,0.11186753952424322,110.54223603412566,maritime+railways+waterways
12067,2736,326,1450,dry_bulk,delivers_free,free,0.06650018871918606,23.156340134589,railways+waterways
12067,2876,326,56,dry_bulk,delivers_same,same,0.025007696961449,23.156340134589,railways+waterways
10376,2389,856,710,dry_bulk,delivers_same,same,0.03037879107438446,91.31194696763276,maritime+railways+waterways
12043,2070,326,2178,dry_bulk,delivers_same,same,0.02635431715206149,23.156340134589,railways+waterways
12409,2730,463,2269,dry_bulk,delivers_free,free,0.008519911153976212,180.32329896842165,maritime+railways+waterways
12409,3205,463,710,dry_bulk,gives_up,free,0.16355495772751039,198.78607515414535,maritime+waterways
12409,3208,463,461,dry_bulk,gives_up,free,0.08890948547194721,180.32329896842165,maritime+waterways
12409,3211,463,1270,dry_bulk,gives_up,free,0.07344641733582447,180.32329896842165,maritime+waterways
4346,85,732,1158,dry_bulk,gives_up,free,0.04159846326271954,268.9818309246317,maritime+waterways
4346,88,732,462,dry_bulk,gives_up,free,0.05603379647547957,302.6679504461141,maritime+waterways
4346,1250,732,2310,dry_bulk,gives_up,free,0.13634134156019173,350.2993878692146,maritime+waterways
4346,2365,732,197,dry_bulk,gives_up,free,0.05766128625917033,317.0326883390758,maritime+waterways
4346,2601,732,1270,dry_bulk,gives_up,free,0.10061073998164782,265.2529846344954,maritime+waterways
5703,1269,329,2311,dry_bulk,gives_up,free,0.042852053387677724,140.41348502810226,maritime+waterways
8111,5698,936,733,dry_bulk,gives_up,free,0.15376719603564282,136.14052797908352,maritime+waterways
11212,hh_227,674,197,dry_bulk,gives_up,free,0.06487133254791999,208.81810359151686,maritime+waterways
11252,6347,201,733,dry_bulk,gives_up,free,0.1471534770251095,133.6269563134354,maritime+waterways
4365,2291,2,501,dry_bulk,gives_up,free,0.11698458381029475,57.04798026517878,maritime+waterways
4365,2623,2,1729,dry_bulk,delivers_same,same,0.15571936410886078,97.73849217231037,maritime+waterways
4560,5609,335,797,liquid_bulk,gives_up,free,0.13936995430507615,14.014913482462283,maritime+waterways
4353,5,772,820,dry_bulk,gives_up,free,0.009416706812420905,388.25770955336776,maritime+waterways
4353,2294,772,501,dry_bulk,gives_up,free,0.08858104842725645,402.31299419957725,maritime+waterways
4353,2391,772,938,dry_bulk,delivers_free,free,0.02837230071848884,372.9863481876634,maritime+railways+waterways
4353,2595,772,710,dry_bulk,gives_up,free,0.11738292069651535,391.44912437338706,maritime+waterways
11263,3205,229,710,dry_bulk,gives_up,free,0.15867004959859132,101.45314374423334,maritime+waterways
11263,3209,229,445,dry_bulk,gives_up,free,0.06446852879293274,175.87576599088044,maritime+waterways
11263,3219,229,197,dry_bulk,gives_up,free,0.07021819130940554,134.77007126309,maritime+waterways
11264,3212,1725,741,dry_bulk,gives_up,free,0.1560142279335892,101.27263854559467,maritime+waterways
5712,1305,2293,2335,dry_bulk,gives_up,free,0.07659297811113719,77.47305222320841,maritime+waterways
4352,21,459,2291,dry_bulk,delivers_same,same,0.024087570185473695,79.45960211202546,maritime+railways+waterways
4352,2230,459,710,dry_bulk,delivers_same,same,0.12905647296502942,78.2966734895825,maritime+railways+waterways
4352,2370,459,1540,dry_bulk,delivers_same,same,0.012619768260297759,193.82153873961218,maritime+railways+waterways
4352,2440,459,1469,dry_bulk,delivers_same,same,0.12363734031132889,60.53662264448315,maritime+railways+waterways
7769,GBR,1135,6478,dry_bulk,gives_up,free,0.004331145855553942,218.57334996273667,maritime+waterways
7769,USA,1135,6168,dry_bulk,gives_up,free,0.0036460251869272486,218.57334996273667,maritime+waterways
7769,2620,1135,196,dry_bulk,gives_up,free,0.0012044557643431375,285.55900859248663,waterways
11642,hh_236,593,1465,dry_bulk,gives_up,free,0.004839743709113886,384.1517761676483,waterways
11642,529,593,1092,dry_bulk,gives_up,free,0.05378897102801439,384.1517761676483,waterways
7753,2622,1194,392,dry_bulk,delivers_same,same,0.09799920420506858,11.419145486078541,railways+waterways
956,2593,1061,928,dry_bulk,gives_up,free,0.02056950631311305,20.84563023848137,maritime+waterways
956,2602,1061,741,dry_bulk,gives_up,free,0.050362955559036804,91.09626539480308,maritime+waterways
983,hh_211,366,928,dry_bulk,gives_up,free,0.017316923475536594,237.43654845523025,maritime+waterways
983,hh_220,366,741,dry_bulk,gives_up,free,0.008583446344318624,307.6871836115519,maritime+waterways
6932,2602,2015,741,dry_bulk,gives_up,free,0.052258589927740795,167.28713416482432,maritime+waterways
7793,AME,594,6168,dry_bulk,gives_up,free,0.006729867752126806,99.12353481778077,maritime+waterways
7793,9699,594,563,dry_bulk,gives_up,free,0.12258808502013752,141.10512207907146,waterways
7793,9701,594,2201,dry_bulk,gives_up,free,0.15720845982542864,99.12353481778077,waterways
7793,9722,594,1687,dry_bulk,gives_up,free,0.17387109128845402,99.94852902381625,waterways
7793,9737,594,1687,dry_bulk,gives_up,free,0.17387109128845402,99.94852902381625,waterways
7793,9760,594,1601,dry_bulk,gives_up,free,0.1621883829331665,99.12353481778077,waterways
7793,9792,594,2259,dry_bulk,gives_up,free,0.16619745233550498,121.21011274766242,waterways
7793,9882,594,1786,dry_bulk,gives_up,free,0.16850958454389864,106.99234213176959,waterways
7793,10207,594,1606,dry_bulk,gives_up,free,0.1288747402813739,99.12353481778077,waterways
4140,hh_216,1802,461,liquid_bulk,gives_up,free,0.022386952474833466,99.6780554747675,maritime+waterways
4085,2132,896,1728,dry_bulk,delivers_same,same,0.12387094760185713,186.81290331318274,maritime+waterways
4085,2135,896,891,dry_bulk,gives_up,free,0.07326470077317038,97.9181609898143,maritime+waterways
4085,2213,896,1109,dry_bulk,gives_up,free,0.013982901631497846,119.1356657524702,maritime+waterways
4085,2219,896,2067,dry_bulk,gives_up,free,0.049133312168463616,134.2877111411515,maritime+waterways
4085,2222,896,1322,dry_bulk,gives_up,free,0.05179732178650398,94.84643301151205,maritime+waterways
4085,2226,896,930,dry_bulk,gives_up,free,0.04153375058276243,118.44529856243993,maritime+waterways
4085,2351,896,1469,dry_bulk,gives_up,free,0.012040939137411888,95.54915835213637,maritime+waterways
4085,2357,896,1617,dry_bulk,gives_up,free,0.03638879815804552,97.18027406404515,maritime+waterways
4085,2595,896,710,dry_bulk,gives_up,free,0.11570792955182929,113.30920919723573,maritime+waterways
12408,2724,237,624,dry_bulk,delivers_same,same,0.38998117036438984,115.54074794632587,maritime+waterways
12408,3204,237,1433,dry_bulk,gives_up,free,0.15860670939300214,61.8860501528081,maritime+waterways
12408,3233,237,1729,dry_bulk,delivers_same,same,0.16437699950401408,80.30671972522883,maritime+waterways
4087,2210,619,1322,dry_bulk,gives_up,free,0.27343987785378276,14.164745372620624,maritime+waterways
4087,2227,619,2067,dry_bulk,gives_up,free,0.18979309474092565,53.60602350226007,maritime+waterways
4087,2261,619,1023,dry_bulk,delivers_free,free,0.03081140294024154,81.35287675981222,maritime+railways+waterways
4087,2324,619,673,dry_bulk,gives_up,free,0.1805138760200311,88.4693749260098,maritime+waterways
4087,2367,619,862,dry_bulk,gives_up,free,0.060416681985232534,106.0694856882879,maritime+waterways
4087,2594,619,1433,dry_bulk,gives_up,free,0.18060707704908596,65.7612337192454,maritime+waterways
12342,hh_211,604,928,dry_bulk,gives_up,free,0.11851519059863969,76.75216122746502,maritime+waterways
12342,hh_212,604,1433,dry_bulk,gives_up,free,0.10222976304776266,120.97991492882255,maritime+waterways
12342,hh_213,604,710,dry_bulk,gives_up,free,0.1834109442704246,87.84620276792147,maritime+waterways
12342,hh_214,604,749,dry_bulk,gives_up,free,0.04367275275350768,264.9022913233366,maritime+waterways
12342,hh_226,604,1469,dry_bulk,gives_up,free,0.08259668851784285,70.08615192282211,maritime+waterways
12342,hh_227,604,197,dry_bulk,gives_up,free,0.03161080092007129,121.16313028677811,maritime+waterways
12342,hh_241,604,1729,dry_bulk,delivers_same,same,0.16941715312306527,139.40058450124332,maritime+waterways
12342,2594,604,1433,dry_bulk,gives_up,free,0.10222976304776266,120.97991492882255,maritime+waterways
12342,2595,604,710,dry_bulk,gives_up,free,0.1834109442704246,87.84620276792147,maritime+waterways
12342,2603,604,1153,dry_bulk,gives_up,free,0.09398644093778796,201.2206403687664,maritime+waterways
12342,2608,604,1469,dry_bulk,gives_up,free,0.08259668851784285,70.08615192282211,maritime+waterways
12342,2623,604,1729,dry_bulk,delivers_same,same,0.16941715312306527,139.40058450124332,maritime+waterways
12344,hh_221,381,1153,dry_bulk,gives_up,free,0.1646586805344088,161.78398262628383,maritime+waterways
12344,2593,381,928,dry_bulk,gives_up,free,0.26406420590999313,37.31550348498243,maritime+waterways
12411,3209,381,445,dry_bulk,gives_up,free,0.02739437631338726,122.83216727208597,maritime+waterways
12411,3218,381,1469,dry_bulk,gives_up,free,0.18464398186241993,30.649494180339527,maritime+waterways
12411,3219,381,197,dry_bulk,gives_up,free,0.0625728500431113,81.72647254429552,maritime+waterways
12411,6297,381,733,dry_bulk,gives_up,free,0.19166929947090217,47.6491742783163,maritime+waterways
12411,6347,381,733,dry_bulk,gives_up,free,0.19166929947090217,47.6491742783163,maritime+waterways
12412,2726,227,624,dry_bulk,delivers_same,same,0.2906365479962587,538.5261485533665,maritime+waterways
12413,3212,225,741,dry_bulk,gives_up,free,0.07906199828298432,279.4314964518364,maritime+waterways
12248,9690,253,1601,dry_bulk,delivers_same,same,0.03140082067955552,10.606053571262459,railways+waterways
12248,9711,253,1601,dry_bulk,delivers_same,same,0.03140082067955552,10.606053571262459,railways+waterways
12248,9712,253,1601,dry_bulk,delivers_same,same,0.03140082067955552,10.606053571262459,railways+waterways
12248,9719,253,1687,dry_bulk,delivers_same,same,0.04454315617966609,11.431047777297943,railways+waterways
12248,9720,253,1687,dry_bulk,delivers_same,same,0.04454315617966609,11.431047777297943,railways+waterways
12248,9721,253,1687,dry_bulk,delivers_same,same,0.04454315617966609,11.431047777297943,railways+waterways
12248,9739,253,1687,dry_bulk,delivers_same,same,0.04454315617966609,11.431047777297943,railways+waterways
12248,9750,253,1687,dry_bulk,delivers_same,same,0.04454315617966609,11.431047777297943,railways+waterways
12248,9753,253,1687,dry_bulk,delivers_same,same,0.04454315617966609,11.431047777297943,railways+waterways
12248,9761,253,1687,dry_bulk,delivers_same,same,0.04454315617966609,11.431047777297943,railways+waterways
12248,9762,253,1687,dry_bulk,delivers_same,same,0.04454315617966609,11.431047777297943,railways+waterways
12248,9775,253,1687,dry_bulk,delivers_same,same,0.04454315617966609,11.431047777297943,railways+waterways
12248,9776,253,1687,dry_bulk,delivers_same,same,0.04454315617966609,11.431047777297943,railways+waterways
12248,9791,253,2130,dry_bulk,delivers_same,same,0.026801499099345483,10.606053571262459,railways+waterways
12248,9797,253,1687,dry_bulk,delivers_same,same,0.04454315617966609,11.431047777297943,railways+waterways
12248,9798,253,1688,dry_bulk,delivers_same,same,0.04458104948202357,10.606053571262459,railways+waterways
12248,10204,253,2228,dry_bulk,delivers_same,same,0.02328375720017606,10.606053571262459,railways+waterways
1651,2074,208,222,dry_bulk,delivers_same,same,0.06357789535489666,145.92696316341383,waterways
1651,2621,208,1608,dry_bulk,delivers_same,same,0.17319206173351231,122.75023635293483,waterways
12052,hh_233,866,2039,dry_bulk,gives_up,free,0.04968708722103732,52.96818937088557,waterways
12052,hh_234,866,56,dry_bulk,gives_up,free,0.15653139969651475,10.087216369593914,waterways
12052,hh_235,866,742,dry_bulk,gives_up,free,0.11861515995243876,39.45789569714752,waterways
12052,hh_236,866,1465,dry_bulk,gives_up,free,0.1150779638102668,10.087216369593914,waterways
12052,hh_238,866,196,dry_bulk,gives_up,free,0.0016546551290208544,77.0728749993439,waterways
12052,hh_239,866,1608,dry_bulk,gives_up,same,0.09139228722777637,10.087216369593914,waterways
12052,hh_240,866,392,dry_bulk,gives_up,free,0.053971639517268466,21.506361855672456,waterways
12052,3226,866,56,dry_bulk,gives_up,free,0.15653139969651475,10.087216369593914,waterways
12052,3227,866,742,dry_bulk,gives_up,free,0.11861515995243876,39.45789569714752,waterways
12052,3230,866,196,dry_bulk,gives_up,free,0.0016546551290208544,77.0728749993439,waterways
12064,hh_233,866,2039,dry_bulk,gives_up,free,0.04968708722103732,52.96818937088557,waterways
12064,hh_234,866,56,dry_bulk,gives_up,free,0.15653139969651475,10.087216369593914,waterways
12064,hh_235,866,742,dry_bulk,gives_up,free,0.11861515995243876,39.45789569714752,waterways
12064,hh_236,866,1465,dry_bulk,gives_up,free,0.1150779638102668,10.087216369593914,waterways
12064,hh_239,866,1608,dry_bulk,gives_up,same,0.09139228722777637,10.087216369593914,waterways
12064,hh_240,866,392,dry_bulk,gives_up,free,0.053971639517268466,21.506361855672456,waterways
12064,2740,866,497,dry_bulk,gives_up,free,0.1592729789474776,10.087216369593914,waterways
12064,2741,866,585,dry_bulk,gives_up,free,0.16545047105558397,10.087216369593914,waterways
12064,2829,866,153,dry_bulk,gives_up,free,0.13537826382604612,46.66055190591506,waterways
12064,2830,866,1071,dry_bulk,gives_up,same,0.09091049418117447,13.587348715676145,waterways
12064,2851,866,1380,dry_bulk,gives_up,free,0.10152906682928675,10.087216369593914,waterways
12064,2854,866,56,dry_bulk,gives_up,free,0.15653139969651475,10.087216369593914,waterways
12064,2867,866,56,dry_bulk,gives_up,free,0.15653139969651475,10.087216369593914,waterways
12064,2881,866,196,dry_bulk,gives_up,free,0.0016546551290208544,77.0728749993439,waterways
12064,3302,866,56,dry_bulk,gives_up,free,0.15653139969651475,10.087216369593914,waterways
12064,3303,866,742,dry_bulk,gives_up,free,0.11861515995243876,39.45789569714752,waterways
12064,3306,866,196,dry_bulk,gives_up,free,0.0016546551290208544,77.0728749993439,waterways
12064,3308,866,392,dry_bulk,gives_up,free,0.053971639517268466,21.506361855672456,waterways
12064,10045,866,111,dry_bulk,gives_up,free,0.18723178298135768,34.353920843691725,waterways
12064,10047,866,1687,dry_bulk,gives_up,free,0.1717448048245951,10.912210575629398,waterways
12064,10049,866,852,dry_bulk,gives_up,free,0.1853841369974576,20.43078633268683,waterways
12064,10051,866,1606,dry_bulk,gives_up,free,0.16371116316397316,10.087216369593914,waterways
12037,hh_239,1165,1608,dry_bulk,gives_up,same,0.08682301050310137,44.84488007512413,waterways
12037,2048,1165,2274,dry_bulk,gives_up,free,0.0558451652066696,44.84488007512413,waterways
12037,2051,1165,1077,dry_bulk,gives_up,free,0.05392879240328563,63.83109266097195,waterways
12037,2053,1165,2275,dry_bulk,gives_up,free,0.028256778519226478,44.84488007512413,waterways
12037,2054,1165,2039,dry_bulk,gives_up,free,0.02684153838333314,87.72585307641579,waterways
12037,2067,1165,153,dry_bulk,gives_up,free,0.12922237650956148,81.41821561144526,waterways
12037,2068,1165,222,dry_bulk,gives_up,free,0.14518110310954935,68.02160688560312,waterways
12037,2069,1165,221,dry_bulk,delivers_same,same,0.4579000281866501,100.89738102973848,waterways
12037,2072,1165,1450,dry_bulk,gives_up,free,0.14374664311678642,44.84488007512413,waterways
12037,2074,1165,222,dry_bulk,gives_up,free,0.14518110310954935,68.02160688560312,waterways
12037,2076,1165,742,dry_bulk,gives_up,free,0.11312534706511457,74.21555940267774,waterways
12037,2079,1165,1055,dry_bulk,gives_up,free,0.10724481095493399,61.13683216405617,waterways
12037,2087,1165,586,dry_bulk,gives_up,free,0.14031612110184888,44.84488007512413,waterways
12037,2089,1165,1380,dry_bulk,gives_up,free,0.0744196035940814,44.84488007512413,waterways
12037,2109,1165,1069,dry_bulk,gives_up,free,0.0941214334539191,45.0730880048493,waterways
12037,2112,1165,779,dry_bulk,gives_up,same,0.03462855692525868,62.12528174759203,waterways
12037,2113,1165,779,dry_bulk,gives_up,same,0.03462855692525868,62.12528174759203,waterways
12037,2114,1165,1069,dry_bulk,gives_up,free,0.0941214334539191,45.0730880048493,waterways
12037,2117,1165,391,dry_bulk,gives_up,free,0.08243139530184984,44.84488007512413,waterways
12037,2141,1165,1873,dry_bulk,gives_up,free,0.008896169307001767,89.00032468706166,waterways
12037,2615,1165,2039,dry_bulk,gives_up,free,0.02684153838333314,87.72585307641579,waterways
12037,2616,1165,56,dry_bulk,gives_up,free,0.1493440306025171,44.84488007512413,waterways
12037,2617,1165,742,dry_bulk,gives_up,free,0.11312534706511457,74.21555940267774,waterways
12053,3231,2120,1608,dry_bulk,gives_up,same,0.08492554066468139,60.377661231329675,waterways
12053,3232,2120,392,dry_bulk,gives_up,free,0.05051473056623257,71.79680671740822,waterways
2426,hh_83,1433,100,dry_bulk,gives_up,free,0.16267424417554777,77.46401794857127,maritime+waterways
2426,hh_86,1433,1126,dry_bulk,gives_up,free,0.13793857067873172,214.32489057468752,maritime+waterways
4328,2304,99,501,dry_bulk,gives_up,free,0.12584511693288047,52.618212548483626,maritime+waterways
4328,2311,99,741,dry_bulk,gives_up,free,0.1615022073841612,100.91093633815868,maritime+waterways
4481,6347,100,733,dry_bulk,gives_up,free,0.16596123332103807,43.56993504054759,maritime+waterways
5701,1271,1874,2347,dry_bulk,gives_up,free,0.03191917134216893,143.23109779741156,maritime+waterways
5701,1272,1874,2324,dry_bulk,gives_up,free,0.028832151949309992,235.86651998574786,maritime+waterways
5945,1469,2267,2312,liquid_bulk,gives_up,free,0.08228867440973597,99.32548326571344,maritime+waterways
5945,5994,2267,733,liquid_bulk,gives_up,free,0.15101274040437884,17.702405438601108,maritime+waterways
5945,6031,2267,734,liquid_bulk,gives_up,free,0.23972352265831498,8.156375702061142,maritime+waterways
5945,6401,2267,733,liquid_bulk,gives_up,free,0.15101274040437884,17.702405438601108,maritime+waterways
5945,12732,2267,2305,liquid_bulk,gives_up,free,0.19891463696999812,90.62487232839729,maritime+waterways
9534,hh_211,514,928,dry_bulk,gives_up,free,0.24550874691119673,9.18871871081506,maritime+waterways
9534,hh_212,514,1433,dry_bulk,gives_up,free,0.16433857807897012,53.4164724121726,maritime+waterways
9534,hh_213,514,710,dry_bulk,gives_up,free,0.18509778280902167,20.28276025127151,maritime+waterways
9534,hh_214,514,749,dry_bulk,gives_up,free,0.09153849409905157,197.33884880668666,maritime+waterways
9534,hh_216,514,461,dry_bulk,gives_up,free,0.020171825660305176,1.8199840655478272,maritime+waterways
9534,hh_219,514,1270,dry_bulk,gives_up,free,0.006921702779042027,1.8199840655478272,maritime+waterways
9534,hh_220,514,741,dry_bulk,gives_up,free,0.10152410643726473,79.43935386713679,maritime+waterways
9534,hh_221,514,1153,dry_bulk,gives_up,free,0.14652301237492638,133.65719785211644,maritime+waterways
9534,hh_226,514,1469,dry_bulk,gives_up,free,0.17074672444185168,2.5227094061721593,maritime+waterways
9534,hh_227,514,197,dry_bulk,gives_up,free,0.058147867749362536,53.599687770128156,maritime+waterways
9534,hh_241,514,1729,dry_bulk,delivers_same,same,0.17039979180492626,71.83714198459333,maritime+waterways
9534,2594,514,1433,dry_bulk,gives_up,free,0.16433857807897012,53.4164724121726,maritime+waterways
9534,2595,514,710,dry_bulk,gives_up,free,0.18509778280902167,20.28276025127151,maritime+waterways
9534,2596,514,749,dry_bulk,gives_up,free,0.09153849409905157,197.33884880668666,maritime+waterways
9534,2601,514,1270,dry_bulk,gives_up,free,0.006921702779042027,1.8199840655478272,maritime+waterways
9534,2602,514,741,dry_bulk,gives_up,free,0.10152410643726473,79.43935386713679,maritime+waterways
9534,2608,514,1469,dry_bulk,gives_up,free,0.17074672444185168,2.5227094061721593,maritime+waterways
9534,2609,514,197,dry_bulk,gives_up,free,0.058147867749362536,53.599687770128156,maritime+waterways
9534,2623,514,1729,dry_bulk,delivers_same,same,0.17039979180492626,71.83714198459333,maritime+waterways
9652,22,956,128,dry_bulk,gives_up,free,0.11679754369438622,6.6091589126323935,waterways
9652,2278,956,461,dry_bulk,gives_up,free,0.03507310051211188,6.6091589126323935,waterways
9652,7752,956,647,dry_bulk,gives_up,free,0.15981841133940833,89.80707104678021,waterways
11214,hh_113,212,733,dry_bulk,gives_up,free,0.138133402953164,189.4793053942575,maritime+waterways
11214,hh_211,212,928,dry_bulk,gives_up,free,0.2013984701427809,179.14563460092361,maritime+waterways
11214,hh_212,212,1433,dry_bulk,gives_up,free,0.1353432397109191,223.37338830228117,maritime+waterways
11214,hh_215,212,938,dry_bulk,delivers_free,free,0.04902860374062845,171.77689995565638,maritime+railways+waterways
11214,hh_216,212,461,dry_bulk,gives_up,free,0.12798230599537552,171.77689995565638,maritime+waterways
11214,hh_217,212,445,dry_bulk,gives_up,free,0.059243226170676344,264.6622983880271,maritime+waterways
11214,hh_219,212,1270,dry_bulk,gives_up,free,0.10963287816494383,171.77689995565638,maritime+waterways
11214,hh_220,212,741,dry_bulk,gives_up,free,0.13547136784050373,249.39626975724534,maritime+waterways
11214,hh_221,212,1153,dry_bulk,gives_up,free,0.1306339717129097,303.614113742225,maritime+waterways
11214,hh_226,212,1469,dry_bulk,gives_up,free,0.1383020141929956,172.47962529628072,maritime+waterways
11214,hh_241,212,1729,dry_bulk,delivers_same,same,0.1399924539209949,241.79405787470188,maritime+waterways
12048,hh_83,866,100,dry_bulk,gives_up,free,0.03667172801428564,35.9547459715404,maritime+waterways
12048,hh_84,866,885,dry_bulk,gives_up,free,0.03512807043007227,83.17655331825463,maritime+waterways
12048,hh_85,866,2160,dry_bulk,gives_up,free,0.03465081219437871,104.70063050151977,maritime+waterways
12048,hh_86,866,1126,dry_bulk,gives_up,free,0.03246686274248489,172.81561859765662,maritime+waterways
12048,hh_89,866,1036,dry_bulk,gives_up,free,0.03007011611651933,267.126078839027,maritime+waterways
12048,hh_105,866,170,dry_bulk,gives_up,free,0.008407940914910261,165.60204656940576,waterways
12048,hh_106,866,1755,dry_bulk,delivers_same,same,0.0038808320130452323,10.087216369593914,railways+waterways
12048,hh_109,866,697,dry_bulk,gives_up,free,0.040830443190059684,18.42155601479749,maritime+waterways
12048,hh_110,866,1364,dry_bulk,gives_up,free,0.04063041488455088,24.801852588280404,maritime+waterways
12048,hh_111,866,172,dry_bulk,gives_up,free,0.062317766527423935,10.087216369593914,waterways
12048,hh_112,866,2296,dry_bulk,gives_up,free,0.13706351703414033,10.087216369593914,waterways
12048,hh_114,866,346,dry_bulk,gives_up,free,0.08989199405276027,183.28132235468857,waterways
12048,hh_115,866,681,dry_bulk,gives_up,free,0.09093910526074711,10.087216369593914,waterways
12048,hh_116,866,1874,dry_bulk,gives_up,free,0.036675980678514186,68.40194530193108,maritime+waterways
12048,hh_117,866,8,dry_bulk,gives_up,free,0.03923425956972393,10.087216369593914,maritime+waterways
12048,hh_118,866,329,dry_bulk,gives_up,free,0.03652450498746718,57.960093044228955,maritime+waterways
12048,hh_119,866,997,dry_bulk,gives_up,free,0.021013229195776972,296.9904223296743,maritime+waterways
12048,hh_120,866,424,dry_bulk,gives_up,free,0.03589625580428102,86.36046047677651,maritime+waterways
12048,hh_188,866,1065,dry_bulk,gives_up,free,0.03587667862711896,74.61125618595256,maritime+waterways
12048,hh_189,866,272,dry_bulk,gives_up,free,0.03684754534950896,29.830592733790603,maritime+waterways
12048,hh_235,866,742,dry_bulk,gives_up,free,0.11861515995243876,39.45789569714752,waterways
12048,hh_236,866,1465,dry_bulk,gives_up,free,0.1150779638102668,10.087216369593914,waterways
12048,hh_238,866,196,dry_bulk,gives_up,free,0.0016546551290208544,77.0728749993439,waterways
12048,hh_239,866,1608,dry_bulk,gives_up,same,0.09139228722777637,10.087216369593914,waterways
12048,hh_240,866,392,dry_bulk,gives_up,free,0.053971639517268466,21.506361855672456,waterways
2427,hh_84,710,885,dry_bulk,gives_up,free,0.16259986858442677,91.5521131343844,maritime+waterways
2427,hh_87,710,556,dry_bulk,gives_up,free,0.03890122568038534,289.08336662972584,maritime+waterways
2427,hh_88,710,954,dry_bulk,delivers_same,same,0.10566507731094066,55.40656830147433,maritime+railways+waterways
2427,hh_89,710,1036,dry_bulk,gives_up,free,0.1323419399351522,275.50163865515674,maritime+waterways
2427,hh_91,710,528,dry_bulk,delivers_same,same,0.12548046255514622,107.18484379330657,maritime+railways+waterways
2427,hh_95,710,1099,dry_bulk,gives_up,free,0.13239715747735392,65.67840255624908,maritime+waterways
2427,hh_96,710,2028,dry_bulk,gives_up,free,0.06958600250808455,78.37989414699219,maritime+waterways
2427,hh_97,710,3,dry_bulk,gives_up,free,0.16314161403873895,18.462776185723687,maritime+waterways
2427,hh_99,710,2293,dry_bulk,gives_up,free,0.1629374179786205,41.97364702294371,maritime+waterways
2427,hh_116,710,1874,dry_bulk,gives_up,free,0.059069081999072015,76.77750511806084,maritime+waterways
2427,hh_118,710,329,dry_bulk,gives_up,free,0.12630724791841375,66.33565286035873,maritime+waterways
2427,hh_127,710,2293,dry_bulk,gives_up,free,0.1629374179786205,41.97364702294371,maritime+waterways
2427,hh_128,710,2293,dry_bulk,gives_up,free,0.1629374179786205,41.97364702294371,maritime+waterways
2427,hh_189,710,272,dry_bulk,gives_up,free,0.1736119333732058,38.206152549920375,maritime+waterways
2427,USA,710,6168,dry_bulk,gives_up,free,0.2017195656658588,18.462776185723687,maritime+waterways
2427,9681,710,111,dry_bulk,gives_up,free,0.05153138462588558,42.729480659821505,waterways
2427,10382,710,715,dry_bulk,gives_up,free,0.02052805093263599,54.58497928580952,waterways
4329,2127,885,1552,dry_bulk,gives_up,free,0.11076391227380467,98.75940563747696,maritime+waterways
4329,2246,885,53,dry_bulk,gives_up,free,0.08072391008148583,221.5905056437428,maritime+waterways
4329,2417,885,1729,dry_bulk,delivers_same,same,0.15885237518758366,143.1064948677062,maritime+waterways
4329,2635,885,938,dry_bulk,delivers_free,free,0.06823012073951862,73.08933694866072,maritime+railways+waterways
4461,2837,885,2022,dry_bulk,gives_up,free,0.14257932452130873,73.08933694866072,maritime+waterways
4461,2869,885,740,dry_bulk,gives_up,free,0.02310532752564165,202.3771182887652,maritime+waterways
5632,1256,942,2324,dry_bulk,gives_up,free,0.04628784486667237,277.6744060030521,maritime+waterways
4336,hh_211,2205,928,dry_bulk,gives_up,free,0.14871538493467873,274.16522507575695,maritime+waterways
4336,hh_212,2205,1433,dry_bulk,gives_up,free,0.05739343028816957,318.39297877711454,maritime+waterways
4336,2227,2205,2067,dry_bulk,gives_up,free,0.03824232017476947,306.23776856012915,maritime+waterways
4336,2263,2205,624,dry_bulk,delivers_same,same,0.31832820893676583,372.04767657063223,maritime+waterways
4336,2278,2205,461,dry_bulk,gives_up,free,0.08571560908812126,266.7964904304897,maritime+waterways
4336,2301,2205,501,dry_bulk,gives_up,free,0.09856778080156814,296.12313644240356,maritime+waterways
4336,2305,2205,1532,dry_bulk,gives_up,free,0.09983521902625969,282.3090048390773,maritime+waterways
4336,2313,2205,841,dry_bulk,gives_up,free,0.12415217467930595,351.79851968271356,maritime+waterways
4336,2324,2205,673,dry_bulk,gives_up,free,0.06127029795384131,341.1011199838789,maritime+waterways
4336,2363,2205,197,dry_bulk,gives_up,free,0.05809167115627223,318.57619413507007,maritime+waterways
4336,2396,2205,741,dry_bulk,gives_up,free,0.1250297957367561,344.4158602320786,maritime+waterways
4336,2425,2205,928,dry_bulk,gives_up,free,0.14871538493467873,274.16522507575695,maritime+waterways
4336,5609,2205,797,dry_bulk,gives_up,free,0.03418467471168296,280.81140391295196,maritime+waterways
5630,7747,942,385,dry_bulk,gives_up,free,0.0032754371426961804,280.73178715172617,maritime+waterways
4333,2271,1126,461,dry_bulk,gives_up,free,0.13012540004916406,162.7284022280627,maritime+waterways
4333,2312,1126,841,dry_bulk,gives_up,free,0.1368524238828024,247.7304314802866,maritime+waterways
4333,2355,1126,611,dry_bulk,gives_up,free,0.13134086847475612,176.16752573901533,maritime+waterways
4333,2362,1126,889,dry_bulk,gives_up,free,0.13540711506611336,162.7284022280627,maritime+waterways
4333,2427,1126,710,dry_bulk,gives_up,free,0.14629998080492768,181.1911784137864,maritime+waterways
4333,2646,1126,1469,dry_bulk,gives_up,free,0.14116242896784237,163.43112756868703,maritime+waterways
4333,12039,1126,789,dry_bulk,gives_up,free,0.053017505551368194,162.7284022280627,maritime+waterways
4333,12171,1126,866,dry_bulk,gives_up,free,0.032466862742484226,172.8156185976566,maritime+waterways
4439,6401,556,733,dry_bulk,gives_up,free,0.03392673161626991,288.32299588260327,maritime+waterways
4337,2392,1809,461,dry_bulk,delivers_same,same,0.08425988245923244,4.726188823927901,maritime+railways+waterways
4337,3551,1809,445,dry_bulk,delivers_same,same,0.09244102867549997,97.61158725629866,maritime+railways+waterways
4465,2855,954,1269,dry_bulk,delivers_same,same,0.1598492965175755,122.22639083475099,maritime+railways+waterways
4486,6297,954,733,dry_bulk,delivers_same,same,0.10127840859334758,54.646197554351765,maritime+railways+waterways
4341,10,1036,209,dry_bulk,gives_up,free,0.041564088636542706,272.339323493813,maritime+waterways
4341,24,1036,437,dry_bulk,gives_up,free,0.056539240943275226,294.0213644222383,maritime+waterways
4341,2211,1036,928,dry_bulk,gives_up,free,0.18537289352136943,264.4075971147003,maritime+waterways
4341,2240,1036,52,dry_bulk,gives_up,free,0.1518925824676547,272.6720453950484,maritime+waterways
4341,3560,1036,1469,dry_bulk,gives_up,free,0.1267164023020142,257.7415878100574,maritime+waterways
4466,2826,1036,1552,dry_bulk,gives_up,free,0.0889017096495428,282.7089311582493,maritime+waterways
4466,2836,1036,1153,dry_bulk,gives_up,free,0.12238401229390927,388.8760762560017,maritime+waterways
4466,2856,1036,1322,dry_bulk,gives_up,free,0.1867915807763243,257.03886246943307,maritime+waterways
4348,2632,425,1433,dry_bulk,gives_up,free,0.08614272806506973,360.18845296122885,maritime+waterways
4348,6536,425,733,dry_bulk,gives_up,free,0.06639079070632214,326.2943700532051,maritime+waterways
4488,5833,425,733,dry_bulk,gives_up,free,0.06639079070632214,326.2943700532051,maritime+waterways
5702,5698,8,733,dry_bulk,gives_up,free,0.18241861679557547,17.702405438601108,maritime+waterways
4334,hh_227,2092,197,dry_bulk,gives_up,free,0.05846187369333866,312.4410424089298,maritime+waterways
4334,2286,2092,445,dry_bulk,gives_up,free,0.055397552881240486,353.5467371367202,maritime+waterways
4334,2303,2092,501,dry_bulk,gives_up,free,0.09912668235334587,289.98798471626327,maritime+waterways
4334,2307,2092,1270,dry_bulk,gives_up,free,0.10188828819002826,260.6613387043494,maritime+waterways
4334,2387,2092,928,dry_bulk,gives_up,free,0.0892652480629581,268.03007334961666,maritime+waterways
4334,2402,2092,1469,dry_bulk,gives_up,free,0.12710797586797895,261.36406404497376,maritime+waterways
4334,3554,2092,741,dry_bulk,gives_up,free,0.12576861370616932,338.2807085059383,maritime+waterways
4444,hh_212,1925,1433,dry_bulk,gives_up,free,0.0016263827762095229,148.8420556903696,maritime+waterways
4444,hh_219,1925,1270,dry_bulk,gives_up,free,0.047777859166781234,97.24556734374481,maritime+waterways
4444,hh_220,1925,741,dry_bulk,gives_up,free,0.1081943663308591,174.86493714533378,maritime+waterways
4444,hh_226,1925,1469,dry_bulk,gives_up,free,0.12880353684683898,97.94829268436914,maritime+waterways
4444,hh_227,1925,197,dry_bulk,gives_up,free,0.05920564524316552,149.02527104832512,maritime+waterways
4444,hh_241,1925,1729,dry_bulk,delivers_same,same,0.1309253661253802,167.2627252627903,maritime+waterways
4469,2846,1925,1448,dry_bulk,gives_up,free,0.13499025617717897,97.24556734374481,maritime+waterways
4469,2863,1925,1109,dry_bulk,gives_up,free,0.11412557106645349,121.53480008470297,maritime+waterways
4469,2864,1925,1532,dry_bulk,gives_up,free,0.0470760652442368,112.75808175233242,maritime+waterways
4469,2865,1925,1270,dry_bulk,gives_up,free,0.047777859166781234,97.24556734374481,maritime+waterways
4469,2872,1925,283,dry_bulk,gives_up,free,0.08262451584690522,97.24556734374481,maritime+waterways
4469,2873,1925,282,dry_bulk,gives_up,free,0.10309976294297485,97.24556734374481,maritime+waterways
5648,2126,416,1553,dry_bulk,gives_up,free,0.13259378883286432,198.93159895347017,maritime+waterways
5648,2323,416,673,dry_bulk,gives_up,free,0.0485262975693348,273.2362285068594,maritime+waterways
5946,6428,1232,733,liquid_bulk,gives_up,free,0.024536853622603383,21.556418278819365,maritime+waterways
5946,6617,1232,733,liquid_bulk,gives_up,free,0.024536853622603383,21.556418278819365,maritime+waterways
4470,2828,1157,1447,dry_bulk,gives_up,free,0.14313630974284752,39.596210197836214,maritime+waterways
4471,2833,1513,1433,dry_bulk,gives_up,free,0.0017837266436999677,63.13371343744857,maritime+waterways
4471,2840,1513,285,dry_bulk,gives_up,free,0.08003257750019954,27.595370408193446,maritime+waterways
4471,2843,1513,1307,dry_bulk,gives_up,free,0.16742206769565438,11.537225090823796,maritime+waterways
11638,hh_234,368,56,dry_bulk,gives_up,free,0.10227541912000171,317.61807085192066,waterways
11638,hh_235,368,742,dry_bulk,gives_up,free,0.07727755812900128,346.98875017947427,waterways
11638,hh_238,368,196,dry_bulk,gives_up,free,0.0011001005523965102,384.6037294816706,waterways
11638,9840,368,852,dry_bulk,gives_up,free,0.12965339001855103,327.9616408150136,waterways
11638,9841,368,666,dry_bulk,gives_up,free,0.12622629453483758,329.62819849397533,waterways
4366,2220,1211,285,dry_bulk,gives_up,free,0.15191551783392954,170.5673134001842,maritime+waterways
4372,2132,2028,1728,dry_bulk,delivers_same,same,0.09038189418537934,151.88358826293916,maritime+waterways
4473,2861,2028,672,dry_bulk,gives_up,free,0.02045713555508688,122.88440872676927,maritime+waterways
4559,hh_213,2071,710,liquid_bulk,gives_up,free,0.14347551126800462,18.462776185723687,maritime+waterways
4559,5671,2071,733,liquid_bulk,gives_up,free,0.13376782273301746,17.702405438601108,maritime+waterways
4559,6428,2071,733,liquid_bulk,gives_up,free,0.13376782273301746,17.702405438601108,maritime+waterways
4559,6482,2071,733,liquid_bulk,gives_up,free,0.13376782273301746,17.702405438601108,maritime+waterways
4370,2205,4,671,dry_bulk,gives_up,free,0.1586674317158281,18.755462130169825,maritime+waterways
4371,1305,1471,2335,dry_bulk,gives_up,free,0.03577532933722716,149.99639050376325,maritime+waterways
4371,2126,1471,1553,dry_bulk,gives_up,free,0.13723834217283204,96.03420911777485,maritime+waterways
5344,2826,177,1552,dry_bulk,gives_up,free,0.095443829515653,187.6129004109027,maritime+waterways
5344,2836,177,1153,dry_bulk,gives_up,free,0.12255433388568715,293.78004550865506,maritime+waterways
5344,2837,177,2022,dry_bulk,gives_up,free,0.014237109338804288,161.94283172208645,maritime+waterways
5344,2842,177,672,dry_bulk,gives_up,free,0.1310509723130051,224.91012248758724,maritime+waterways
5344,2843,177,1307,dry_bulk,gives_up,free,0.16058061819439584,161.94283172208645,maritime+waterways
5344,2846,177,1448,dry_bulk,gives_up,free,0.14282468214290955,161.94283172208645,maritime+waterways
5344,2862,177,673,dry_bulk,gives_up,free,0.1295721646080985,236.24746127547564,maritime+waterways
5344,2886,177,1286,dry_bulk,delivers_same,same,0.3656358620601441,349.1659953290356,maritime+waterways
5345,2828,1944,1447,dry_bulk,gives_up,free,0.16742596390272513,11.436526483078797,maritime+waterways
5345,2856,1944,1322,dry_bulk,gives_up,free,0.23790341600313325,11.436526483078797,maritime+waterways
5345,2865,1944,1270,dry_bulk,gives_up,free,0.006670596942455642,11.436526483078797,maritime+waterways
5345,2885,1944,970,dry_bulk,gives_up,free,0.18210867811571507,11.436526483078797,maritime+waterways
5346,2840,1992,285,dry_bulk,gives_up,free,0.1658932115718177,134.0900258311441,maritime+waterways
5346,2863,1992,1109,dry_bulk,gives_up,free,0.1627686132524433,142.3211132547326,maritime+waterways
5346,2872,1992,283,dry_bulk,gives_up,free,0.169084682802906,118.03188051377445,maritime+waterways
5346,2873,1992,282,dry_bulk,gives_up,free,0.1544705221608258,118.03188051377445,maritime+waterways
5347,2833,1059,1433,dry_bulk,gives_up,free,0.1165196879104633,317.758003305793,maritime+waterways
5347,2848,1059,53,dry_bulk,gives_up,free,0.091185433789021,414.66268365425026,maritime+waterways
5347,2855,1059,1269,dry_bulk,gives_up,free,0.07880556206161882,351.44411367816855,maritime+waterways
5347,2861,1059,672,dry_bulk,gives_up,free,0.11551650303809735,329.12880572466895,maritime+waterways
5347,2864,1059,1532,dry_bulk,gives_up,free,0.004962626205556875,281.6740293677558,maritime+waterways
82,hh_117,750,8,dry_bulk,gives_up,free,0.08771725197181879,198.23283574272565,maritime+waterways
1012,hh_211,5,928,dry_bulk,gives_up,free,0.01885666396553831,246.18234227969432,maritime+waterways
1012,hh_220,5,741,dry_bulk,gives_up,free,0.046392899186308956,316.432977436016,maritime+waterways
1012,hh_226,5,1469,dry_bulk,gives_up,free,0.09657059842956972,239.51633297505143,maritime+waterways
1012,hh_227,5,197,dry_bulk,gives_up,free,0.04490948838466391,290.5933113390074,maritime+waterways
1012,hh_241,5,1729,dry_bulk,delivers_same,same,0.09958046884509919,308.8307655534726,maritime+waterways
2720,hh_118,2038,329,liquid_bulk,gives_up,free,0.19491257039704357,47.872876674635044,maritime+waterways
2720,hh_120,2038,424,liquid_bulk,gives_up,free,0.1846321383295908,76.27324410718259,maritime+waterways
2720,hh_121,2038,1804,liquid_bulk,gives_up,free,0.15977107128235524,0.0,maritime+waterways
2720,hh_122,2038,1783,liquid_bulk,delivers_same,same,0.1505362103248422,5.887195633619868,maritime+railways+waterways
2720,hh_125,2038,118,liquid_bulk,gives_up,free,0.10249707745619485,100.4267082984801,maritime+waterways
2720,hh_127,2038,2293,liquid_bulk,gives_up,free,0.19453613020347493,23.51087083722002,maritime+waterways
2720,hh_128,2038,2293,liquid_bulk,gives_up,free,0.19453613020347493,23.51087083722002,maritime+waterways
2720,hh_129,2038,2293,liquid_bulk,gives_up,free,0.19453613020347493,23.51087083722002,maritime+waterways
2720,ASI,2038,6712,liquid_bulk,gives_up,free,0.1844698849764248,0.0,maritime+waterways
2720,GBR,2038,6478,liquid_bulk,gives_up,free,0.29508438772513146,0.0,maritime+waterways
2720,MEA,2038,6445,liquid_bulk,gives_up,free,0.18624991999866713,0.0,maritime+waterways
2720,ROW,2038,6712,liquid_bulk,gives_up,free,0.1844698849764248,0.0,maritime+waterways
2720,RUS,2038,6319,liquid_bulk,gives_up,free,0.24156488783428376,0.0,maritime+waterways
2720,TUR,2038,5248,liquid_bulk,delivers_same,same,0.1209831250987401,0.0,maritime+railways+waterways
2720,UKR,2038,3916,liquid_bulk,delivers_same,same,0.02848014347017247,0.0,maritime+railways+waterways
2720,USA,2038,6168,liquid_bulk,gives_up,free,0.23420497855724087,0.0,maritime+waterways
2720,490,2038,45,liquid_bulk,gives_up,free,0.07229949807943337,20.10498543650385,waterways
2720,493,2038,1264,liquid_bulk,delivers_same,same,8.313009777016767e-05,0.0,railways+waterways
2720,2032,2038,1300,liquid_bulk,gives_up,free,0.20438210150843195,19.29474495830075,maritime+waterways
2720,2045,2038,1078,liquid_bulk,gives_up,free,0.2470018435609027,26.844640688901084,waterways
2720,2048,2038,2274,liquid_bulk,gives_up,free,0.26018151277363843,0.0,waterways
2720,2051,2038,1077,liquid_bulk,gives_up,free,0.24614437695101432,18.98621258584782,waterways
2720,2076,2038,742,liquid_bulk,gives_up,free,0.1499516219733128,30.26028241930621,waterways
2720,2092,2038,1223,liquid_bulk,gives_up,free,0.16202012312529712,9.532225222417448,waterways
2720,2111,2038,1070,liquid_bulk,gives_up,free,0.09183094459890895,0.0,waterways
2720,2113,2038,779,liquid_bulk,gives_up,free,0.056838933590738216,17.280401672467896,waterways
2720,2174,2038,736,liquid_bulk,gives_up,free,0.21338181992850536,13.276517083816072,maritime+waterways
2720,2344,2038,1983,liquid_bulk,gives_up,free,0.08756364933870309,0.0,waterways
2720,2378,2038,661,liquid_bulk,gives_up,free,0.18624505430685745,72.14146355609167,maritime+waterways
2720,2411,2038,742,liquid_bulk,gives_up,free,0.1499516219733128,30.26028241930621,waterways
2720,2464,2038,222,liquid_bulk,gives_up,free,0.15456881729750438,24.0663299022316,waterways
2720,2497,2038,1601,liquid_bulk,gives_up,free,0.26395445889216806,0.0,waterways
2720,2501,2038,641,liquid_bulk,gives_up,free,0.1625353143816186,22.12038191399127,waterways
2720,2553,2038,549,liquid_bulk,gives_up,free,0.22092089886450283,19.20665003376564,maritime+waterways
2720,2573,2038,1722,liquid_bulk,gives_up,free,0.207801755783384,28.585176516476423,maritime+waterways
2720,2578,2038,56,liquid_bulk,gives_up,free,0.1422163336877975,0.0,waterways
2720,2604,2038,453,liquid_bulk,gives_up,free,0.003997051644236471,122.6890212665701,maritime+waterways
2720,2621,2038,1608,liquid_bulk,gives_up,free,0.0633743239606106,0.0,waterways
2720,2629,2038,549,liquid_bulk,gives_up,free,0.22092089886450283,19.20665003376564,maritime+waterways
2720,2659,2038,1608,liquid_bulk,gives_up,free,0.0633743239606106,0.0,waterways
2720,2727,2038,783,liquid_bulk,gives_up,free,0.23752072125062074,0.0,maritime+waterways
2720,2733,2038,783,liquid_bulk,gives_up,free,0.23752072125062074,0.0,maritime+waterways
2720,2772,2038,742,liquid_bulk,gives_up,free,0.1499516219733128,30.26028241930621,waterways
2720,2835,2038,511,liquid_bulk,delivers_same,same,0.09371810220746402,0.0,maritime+railways+waterways
2720,2879,2038,1615,liquid_bulk,gives_up,free,0.23944363724102868,0.0,waterways
2720,2934,2038,2014,liquid_bulk,gives_up,free,0.00027011986856928516,10.16573572953629,waterways
2720,3031,2038,1722,liquid_bulk,gives_up,free,0.207801755783384,28.585176516476423,maritime+waterways
2720,3072,2038,1299,liquid_bulk,gives_up,free,0.20997404049495727,19.137545579853928,maritime+waterways
2720,3186,2038,1299,liquid_bulk,gives_up,free,0.20997404049495727,19.137545579853928,maritime+waterways
2720,3189,2038,742,liquid_bulk,gives_up,free,0.1499516219733128,30.26028241930621,waterways
2720,3262,2038,1299,liquid_bulk,gives_up,free,0.20997404049495727,19.137545579853928,maritime+waterways
2720,3265,2038,742,liquid_bulk,gives_up,free,0.1499516219733128,30.26028241930621,waterways
2720,3300,2038,1299,liquid_bulk,gives_up,free,0.20997404049495727,19.137545579853928,maritime+waterways
2720,3342,2038,1465,liquid_bulk,gives_up,free,0.19177952074177385,0.0,waterways
2720,3343,2038,1223,liquid_bulk,gives_up,free,0.16202012312529712,9.532225222417448,waterways
2720,3345,2038,1608,liquid_bulk,gives_up,free,0.0633743239606106,0.0,waterways
2720,3352,2038,2014,liquid_bulk,gives_up,free,0.00027011986856928516,10.16573572953629,waterways
2720,3414,2038,1299,liquid_bulk,gives_up,free,0.20997404049495727,19.137545579853928,maritime+waterways
2720,3491,2038,2039,liquid_bulk,gives_up,free,0.26937888406053645,42.88097300129166,waterways
2720,3495,2038,1223,liquid_bulk,gives_up,free,0.16202012312529712,9.532225222417448,waterways
2720,3497,2038,1608,liquid_bulk,gives_up,free,0.0633743239606106,0.0,waterways
2720,3535,2038,1608,liquid_bulk,gives_up,free,0.0633743239606106,0.0,waterways
2720,3569,2038,742,liquid_bulk,gives_up,free,0.1499516219733128,30.26028241930621,waterways
2720,3672,2038,640,liquid_bulk,gives_up,free,0.17256934697959259,1.214802743472076,waterways
2720,3682,2038,56,liquid_bulk,gives_up,free,0.1422163336877975,0.0,waterways
2720,3721,2038,742,liquid_bulk,gives_up,free,0.1499516219733128,30.26028241930621,waterways
2720,3723,2038,1223,liquid_bulk,gives_up,free,0.16202012312529712,9.532225222417448,waterways
2720,3825,2038,1609,liquid_bulk,gives_up,free,0.17365720509345084,0.0,maritime+waterways
2720,3837,2038,1223,liquid_bulk,gives_up,free,0.16202012312529712,9.532225222417448,waterways
2720,3863,2038,1609,liquid_bulk,gives_up,free,0.17365720509345084,0.0,maritime+waterways
2720,3946,2038,1299,liquid_bulk,gives_up,free,0.20997404049495727,19.137545579853928,maritime+waterways
2720,3984,2038,1299,liquid_bulk,gives_up,free,0.20997404049495727,19.137545579853928,maritime+waterways
2720,3998,2038,2014,liquid_bulk,gives_up,free,0.00027011986856928516,10.16573572953629,waterways
2720,4229,2038,1079,liquid_bulk,gives_up,free,0.2065781205558428,31.119661514048957,maritime+waterways
2720,5260,2038,1161,liquid_bulk,gives_up,free,0.17024352507207818,89.96967415883597,maritime+waterways
2720,5696,2038,172,liquid_bulk,gives_up,free,0.25075748907740447,0.0,maritime+waterways
2720,5701,2038,1874,liquid_bulk,gives_up,free,0.19286838539306395,58.31472893233716,maritime+waterways
2720,5702,2038,8,liquid_bulk,gives_up,free,0.22425157842484,0.0,maritime+waterways
2720,5712,2038,2293,liquid_bulk,gives_up,free,0.19453613020347493,23.51087083722002,maritime+waterways
2720,5715,2038,2077,liquid_bulk,gives_up,free,0.14981172676920984,44.89040738231276,maritime+waterways
2720,5776,2038,1364,liquid_bulk,gives_up,free,0.23689865793373888,14.714636218686488,maritime+waterways
2720,5784,2038,329,liquid_bulk,gives_up,free,0.19491257039704357,47.872876674635044,maritime+waterways
2720,5788,2038,1783,liquid_bulk,delivers_same,same,0.1505362103248422,5.887195633619868,maritime+railways+waterways
2720,5791,2038,118,liquid_bulk,gives_up,free,0.10249707745619485,100.4267082984801,maritime+waterways
2720,5792,2038,2155,liquid_bulk,gives_up,free,0.18123916359491377,0.0,maritime+waterways
2720,5795,2038,2293,liquid_bulk,gives_up,free,0.19453613020347493,23.51087083722002,maritime+waterways
2720,5811,2038,329,liquid_bulk,gives_up,free,0.19491257039704357,47.872876674635044,maritime+waterways
2720,5815,2038,1783,liquid_bulk,delivers_same,same,0.1505362103248422,5.887195633619868,maritime+railways+waterways
2720,5819,2038,2155,liquid_bulk,gives_up,free,0.18123916359491377,0.0,maritime+waterways
2720,5822,2038,2293,liquid_bulk,gives_up,free,0.19453613020347493,23.51087083722002,maritime+waterways
2720,5950,2038,730,liquid_bulk,gives_up,free,0.23958657300903785,10.868541039335524,maritime+waterways
2720,5953,2038,1233,liquid_bulk,gives_up,free,0.13451934342545568,0.0,maritime+waterways
2720,5999,2038,329,liquid_bulk,gives_up,free,0.19491257039704357,47.872876674635044,maritime+waterways
2720,6006,2038,118,liquid_bulk,gives_up,free,0.10249707745619485,100.4267082984801,maritime+waterways
2720,6398,2038,1364,liquid_bulk,gives_up,free,0.23689865793373888,14.714636218686488,maritime+waterways
2720,6405,2038,8,liquid_bulk,gives_up,free,0.22425157842484,0.0,maritime+waterways
2720,6409,2038,1804,liquid_bulk,gives_up,free,0.15977107128235524,0.0,maritime+waterways
2720,6410,2038,1783,liquid_bulk,delivers_same,same,0.1505362103248422,5.887195633619868,maritime+railways+waterways
2720,6413,2038,118,liquid_bulk,gives_up,free,0.10249707745619485,100.4267082984801,maritime+waterways
2720,6414,2038,2155,liquid_bulk,gives_up,free,0.18123916359491377,0.0,maritime+waterways
2720,6417,2038,2293,liquid_bulk,gives_up,free,0.19453613020347493,23.51087083722002,maritime+waterways
2720,6419,2038,2077,liquid_bulk,gives_up,free,0.14981172676920984,44.89040738231276,maritime+waterways
2720,6462,2038,424,liquid_bulk,gives_up,free,0.1846321383295908,76.27324410718259,maritime+waterways
2720,6467,2038,118,liquid_bulk,gives_up,free,0.10249707745619485,100.4267082984801,maritime+waterways
2720,6469,2038,2293,liquid_bulk,gives_up,free,0.19453613020347493,23.51087083722002,maritime+waterways
2720,6471,2038,2293,liquid_bulk,gives_up,free,0.19453613020347493,23.51087083722002,maritime+waterways
2720,6473,2038,2077,liquid_bulk,gives_up,free,0.14981172676920984,44.89040738231276,maritime+waterways
2720,6910,2038,1922,liquid_bulk,gives_up,free,0.16030011747956174,29.544887186283752,maritime+waterways
2720,6927,2038,362,liquid_bulk,gives_up,free,0.15619108764216438,30.878782822635618,maritime+waterways
2720,6934,2038,1425,liquid_bulk,delivers_same,same,0.136622556082032,31.211157521027776,maritime+railways+waterways
2720,6950,2038,744,liquid_bulk,gives_up,free,0.14340558847931617,92.24386589810175,maritime+waterways
2720,6951,2038,1337,liquid_bulk,gives_up,free,0.1489969795117796,2.880330746057384,maritime+waterways
2720,6957,2038,1565,liquid_bulk,gives_up,free,0.12663772747560542,170.61932394775087,maritime+waterways
2720,7084,2038,1969,liquid_bulk,gives_up,free,0.16930837218646055,0.7669145951385176,maritime+waterways
2720,7091,2038,1888,liquid_bulk,gives_up,free,0.11586365340515492,230.0238813644546,maritime+waterways
2720,7094,2038,1417,liquid_bulk,gives_up,free,0.143516738226519,96.72699555528945,maritime+waterways
2720,7097,2038,1969,liquid_bulk,gives_up,free,0.16930837218646055,0.7669145951385176,maritime+waterways
2720,7107,2038,1417,liquid_bulk,gives_up,free,0.143516738226519,96.72699555528945,maritime+waterways
2720,7109,2038,844,liquid_bulk,gives_up,free,0.1372397281996489,118.3129486996055,maritime+waterways
2720,9890,2038,805,liquid_bulk,delivers_free,free,0.05522064730193055,7.841520978884683,railways+waterways
2720,9908,2038,111,liquid_bulk,gives_up,free,0.2276638110423692,24.266704474097814,waterways
2720,10072,2038,2228,liquid_bulk,gives_up,free,0.2691434246020119,0.0,waterways
2720,10077,2038,1446,liquid_bulk,gives_up,free,0.22295869127105106,51.75904667185797,waterways
2720,10084,2038,2228,liquid_bulk,gives_up,free,0.2691434246020119,0.0,waterways
2720,10095,2038,1687,liquid_bulk,gives_up,free,0.2883619472140875,0.8249942060354838,waterways
2720,10343,2038,220,liquid_bulk,delivers_free,free,0.10758116507612314,162.0210417019617,maritime+railways+waterways
2720,10375,2038,1213,liquid_bulk,delivers_free,free,0.007249000411883921,168.1021331208692,maritime+railways+waterways
2720,10383,2038,512,liquid_bulk,delivers_same,same,0.0831218550977062,59.285292506955024,maritime+railways+waterways
2720,10440,2038,511,liquid_bulk,delivers_same,same,0.09371810220746402,0.0,maritime+railways+waterways
2720,10456,2038,756,liquid_bulk,delivers_same,same,0.09869338690720753,120.6236028339448,maritime+railways+waterways
2720,10473,2038,512,liquid_bulk,delivers_same,same,0.0831218550977062,59.285292506955024,maritime+railways+waterways
2720,10475,2038,949,liquid_bulk,delivers_same,same,0.1506703733755288,21.198450515495708,maritime+railways+waterways
2720,10626,2038,856,liquid_bulk,delivers_free,free,0.11755083443936631,72.84917078190908,maritime+railways+waterways
2720,10806,2038,66,liquid_bulk,delivers_free,free,0.013372791113673843,166.07670647534235,maritime+railways+waterways
2720,10812,2038,633,liquid_bulk,delivers_same,same,0.11175641777149603,19.070503885715297,maritime+railways+waterways
2720,10841,2038,650,liquid_bulk,gives_up,free,0.15469143663339469,153.11373304555056,maritime+waterways
2720,10899,2038,856,liquid_bulk,delivers_free,free,0.11755083443936631,72.84917078190908,maritime+railways+waterways
2720,10917,2038,298,liquid_bulk,delivers_same,same,0.13123119663383997,18.383439830533362,maritime+railways+waterways
2720,10943,2038,650,liquid_bulk,gives_up,free,0.15469143663339469,153.11373304555056,maritime+waterways
2720,11178,2038,512,liquid_bulk,delivers_same,same,0.0831218550977062,59.285292506955024,maritime+railways+waterways
2720,11180,2038,66,liquid_bulk,delivers_free,free,0.013372791113673843,166.07670647534235,maritime+railways+waterways
2720,11754,2038,1083,liquid_bulk,delivers_same,same,0.10790089122905089,69.84722355288525,maritime+railways+waterways
2720,11769,2038,685,liquid_bulk,gives_up,free,0.13272861860142604,15.975315771565633,maritime+waterways
2720,12580,2038,227,liquid_bulk,gives_up,free,0.10835723560096033,433.27496241322405,maritime+waterways
2720,12593,2038,463,liquid_bulk,gives_up,free,0.15926879465838795,180.32329896842165,maritime+waterways
5579,7756,143,2089,dry_bulk,gives_up,free,0.07821266106828273,148.19384153652095,maritime+waterways
11710,hh_234,1318,56,dry_bulk,gives_up,free,0.06895386258568958,427.1642914532611,waterways
11710,hh_236,1318,1465,dry_bulk,gives_up,free,0.004673023254538222,427.1642914532611,waterways
11710,2719,1318,498,dry_bulk,gives_up,free,0.09261906167696377,427.1642914532611,waterways
11710,2725,1318,1615,dry_bulk,gives_up,free,0.0016571919714269967,427.1642914532611,waterways
11710,5753,1318,346,dry_bulk,gives_up,free,0.049787159795854796,600.3583974383557,waterways
11710,5835,1318,681,dry_bulk,gives_up,free,0.0454134545876288,427.1642914532611,waterways
11710,6348,1318,346,dry_bulk,gives_up,free,0.049787159795854796,600.3583974383557,waterways
11710,6349,1318,681,dry_bulk,gives_up,free,0.0454134545876288,427.1642914532611,waterways
11710,9690,1318,1601,dry_bulk,gives_up,free,0.02367856865690432,427.1642914532611,waterways
11710,9692,1318,1601,dry_bulk,gives_up,free,0.02367856865690432,427.1642914532611,waterways
11710,9693,1318,1601,dry_bulk,gives_up,free,0.02367856865690432,427.1642914532611,waterways
11710,9697,1318,1601,dry_bulk,gives_up,free,0.02367856865690432,427.1642914532611,waterways
11710,9700,1318,1687,dry_bulk,gives_up,free,0.020045075741301543,427.98928565929657,waterways
11710,9701,1318,2201,dry_bulk,gives_up,free,0.0399540789382542,427.1642914532611,waterways
11710,9703,1318,2201,dry_bulk,gives_up,free,0.0399540789382542,427.1642914532611,waterways
11710,9704,1318,1044,dry_bulk,gives_up,free,0.0022701210843667496,433.98967529785654,waterways
11710,9713,1318,2154,dry_bulk,gives_up,free,0.02418407320418936,438.4500737702872,waterways
11710,9716,1318,563,dry_bulk,gives_up,free,0.020947184806968888,469.1458787145518,waterways
11710,9722,1318,1687,dry_bulk,gives_up,free,0.020045075741301543,427.98928565929657,waterways
11710,9725,1318,1687,dry_bulk,gives_up,free,0.020045075741301543,427.98928565929657,waterways
11710,9726,1318,1687,dry_bulk,gives_up,free,0.020045075741301543,427.98928565929657,waterways
11710,9727,1318,1687,dry_bulk,gives_up,free,0.020045075741301543,427.98928565929657,waterways
11710,9729,1318,1687,dry_bulk,gives_up,free,0.020045075741301543,427.98928565929657,waterways
11710,9730,1318,1687,dry_bulk,gives_up,free,0.020045075741301543,427.98928565929657,waterways
11710,9731,1318,1687,dry_bulk,gives_up,free,0.020045075741301543,427.98928565929657,waterways
11710,9735,1318,1687,dry_bulk,gives_up,free,0.020045075741301543,427.98928565929657,waterways
11710,9737,1318,1687,dry_bulk,gives_up,free,0.020045075741301543,427.98928565929657,waterways
11710,9738,1318,1687,dry_bulk,gives_up,free,0.020045075741301543,427.98928565929657,waterways
11710,9741,1318,1687,dry_bulk,gives_up,free,0.020045075741301543,427.98928565929657,waterways
11710,9743,1318,2130,dry_bulk,gives_up,free,0.020867568733104358,427.1642914532611,waterways
11710,9748,1318,1687,dry_bulk,gives_up,free,0.020045075741301543,427.98928565929657,waterways
11710,9751,1318,1687,dry_bulk,gives_up,free,0.020045075741301543,427.98928565929657,waterways
11710,9753,1318,1687,dry_bulk,gives_up,free,0.020045075741301543,427.98928565929657,waterways
11710,9756,1318,1687,dry_bulk,gives_up,free,0.020045075741301543,427.98928565929657,waterways
11710,9757,1318,1687,dry_bulk,gives_up,free,0.020045075741301543,427.98928565929657,waterways
11710,9758,1318,1601,dry_bulk,gives_up,free,0.02367856865690432,427.1642914532611,waterways
11710,9759,1318,1601,dry_bulk,gives_up,free,0.02367856865690432,427.1642914532611,waterways
11710,9761,1318,1687,dry_bulk,gives_up,free,0.020045075741301543,427.98928565929657,waterways
11710,9763,1318,1687,dry_bulk,gives_up,free,0.020045075741301543,427.98928565929657,waterways
11710,9766,1318,1687,dry_bulk,gives_up,free,0.020045075741301543,427.98928565929657,waterways
11710,9767,1318,1687,dry_bulk,gives_up,free,0.020045075741301543,427.98928565929657,waterways
11710,9768,1318,1687,dry_bulk,gives_up,free,0.020045075741301543,427.98928565929657,waterways
11710,9770,1318,1687,dry_bulk,gives_up,free,0.020045075741301543,427.98928565929657,waterways
11710,9771,1318,1687,dry_bulk,gives_up,free,0.020045075741301543,427.98928565929657,waterways
11710,9772,1318,1687,dry_bulk,gives_up,free,0.020045075741301543,427.98928565929657,waterways
11710,9774,1318,1687,dry_bulk,gives_up,free,0.020045075741301543,427.98928565929657,waterways
11710,9775,1318,1687,dry_bulk,gives_up,free,0.020045075741301543,427.98928565929657,waterways
11710,9776,1318,1687,dry_bulk,gives_up,free,0.020045075741301543,427.98928565929657,waterways
11710,9790,1318,2130,dry_bulk,gives_up,free,0.020867568733104358,427.1642914532611,waterways
11710,9791,1318,2130,dry_bulk,gives_up,free,0.020867568733104358,427.1642914532611,waterways
11710,9796,1318,1687,dry_bulk,gives_up,free,0.020045075741301543,427.98928565929657,waterways
11710,9797,1318,1687,dry_bulk,gives_up,free,0.020045075741301543,427.98928565929657,waterways
11710,9798,1318,1688,dry_bulk,gives_up,free,0.02005787813385007,427.1642914532611,waterways
11710,9802,1318,1687,dry_bulk,gives_up,free,0.020045075741301543,427.98928565929657,waterways
11710,9804,1318,2130,dry_bulk,gives_up,free,0.020867568733104358,427.1642914532611,waterways
11710,9823,1318,562,dry_bulk,gives_up,free,0.04173042936606097,446.9365591364307,waterways
11710,9827,1318,2228,dry_bulk,gives_up,free,0.026306348093332543,427.1642914532611,waterways
11710,9831,1318,319,dry_bulk,gives_up,free,0.055420641296735074,427.1642914532611,waterways
11710,9881,1318,2259,dry_bulk,gives_up,free,0.023985277576802577,449.25086938314274,waterways
11710,9994,1318,1602,dry_bulk,gives_up,free,0.032191287911826905,427.1642914532611,waterways
11710,9997,1318,111,dry_bulk,gives_up,free,0.051349107957129325,451.43099592735894,waterways
11710,9998,1318,140,dry_bulk,gives_up,free,0.035939015199977886,427.1642914532611,waterways
11710,10000,1318,2228,dry_bulk,gives_up,free,0.026306348093332543,427.1642914532611,waterways
11710,10003,1318,1606,dry_bulk,gives_up,free,0.05282850503422831,427.1642914532611,waterways
11710,10004,1318,319,dry_bulk,gives_up,free,0.055420641296735074,427.1642914532611,waterways
11710,10202,1318,140,dry_bulk,gives_up,free,0.035939015199977886,427.1642914532611,waterways
11710,10205,1318,852,dry_bulk,gives_up,free,0.0529046458658331,437.50786141635405,waterways
50,5865,870,329,dry_bulk,delivers_same,same,0.01657855025375876,52.96861116738765,maritime+railways+waterways
2555,2725,928,1615,dry_bulk,gives_up,free,0.039758898648112995,7.368734645267233,waterways
2555,9827,928,2228,dry_bulk,gives_up,free,0.09470703425915317,7.368734645267233,waterways
2555,11713,928,974,dry_bulk,gives_up,free,0.02116380503762616,7.368734645267233,maritime+waterways
2555,11715,928,685,dry_bulk,gives_up,free,0.01996118832195526,46.00189207011583,maritime+waterways
5674,1265,1874,2324,dry_bulk,gives_up,free,0.028832151949309992,235.86651998574786,maritime+waterways
5674,1266,1874,2312,dry_bulk,gives_up,free,0.0313962927349789,157.6402121980506,maritime+waterways
5674,5671,1874,733,dry_bulk,gives_up,free,0.05254180065145775,76.01713437093828,maritime+waterways
5811,1352,329,2324,dry_bulk,gives_up,free,0.039065943790753455,225.4246677280458,maritime+waterways
5811,2533,329,197,dry_bulk,gives_up,free,0.07607808839502916,99.65258037921537,maritime+waterways
2557,2887,710,1983,dry_bulk,gives_up,free,0.008296264449230373,18.462776185723687,waterways
4357,2130,487,699,dry_bulk,gives_up,free,0.04159728390779538,8.447456746074707,maritime+waterways
4357,2371,487,1540,dry_bulk,gives_up,free,0.011000469320118667,142.3340358078655,maritime+waterways
4357,3553,487,1270,dry_bulk,gives_up,free,0.051910002241793096,8.346394372112124,maritime+waterways
5801,3301,2000,2039,dry_bulk,delivers_same,same,0.15137773455533865,241.65600170278498,waterways
4335,2212,556,1269,dry_bulk,gives_up,free,0.13719601265928416,355.90318916300254,maritime+waterways
4335,2317,556,841,dry_bulk,gives_up,free,0.12370240717893277,355.622619696226,maritime+waterways
4335,2633,556,710,dry_bulk,gives_up,free,0.03890122568038512,289.08336662972584,maritime+waterways
7788,6294,1006,1364,dry_bulk,gives_up,free,0.006656201808783013,70.61824896524134,maritime+waterways
7788,6296,1006,2296,dry_bulk,gives_up,free,0.08021065943753203,55.90361274655484,waterways
7788,9693,1006,1601,dry_bulk,gives_up,free,0.10392715291728005,55.90361274655484,waterways
7788,9705,1006,1601,dry_bulk,gives_up,free,0.10392715291728005,55.90361274655484,waterways
7788,9718,1006,1687,dry_bulk,gives_up,free,0.1151206638411797,56.728606952590326,waterways
7788,9725,1006,1687,dry_bulk,gives_up,free,0.1151206638411797,56.728606952590326,waterways
7788,9731,1006,1687,dry_bulk,gives_up,free,0.1151206638411797,56.728606952590326,waterways
7788,9739,1006,1687,dry_bulk,gives_up,free,0.1151206638411797,56.728606952590326,waterways
7788,9747,1006,1687,dry_bulk,gives_up,free,0.1151206638411797,56.728606952590326,waterways
7788,9757,1006,1687,dry_bulk,gives_up,free,0.1151206638411797,56.728606952590326,waterways
7788,9763,1006,1687,dry_bulk,gives_up,free,0.1151206638411797,56.728606952590326,waterways
7788,9778,1006,2130,dry_bulk,gives_up,free,0.10008772066569183,55.90361274655484,waterways
7788,9785,1006,2130,dry_bulk,gives_up,free,0.10008772066569183,55.90361274655484,waterways
7788,9794,1006,2128,dry_bulk,gives_up,free,0.12009586554997331,65.09999522812059,waterways
7788,9799,1006,2154,dry_bulk,gives_up,free,0.11982659657851169,67.18939506358092,waterways
7788,9801,1006,1324,dry_bulk,gives_up,free,0.05694157184032478,57.798620819670944,waterways
7788,9804,1006,2130,dry_bulk,gives_up,free,0.10008772066569183,55.90361274655484,waterways
7788,9805,1006,1525,dry_bulk,gives_up,free,0.057053960566823214,55.90361274655484,waterways
7788,9993,1006,1446,dry_bulk,delivers_same,same,0.4075624189685012,107.66265941841283,waterways
7788,10004,1006,319,dry_bulk,gives_up,free,0.05355887169261253,55.90361274655484,waterways
11220,hh_213,203,710,dry_bulk,gives_up,free,0.13304164986682876,260.2771233838878,maritime+waterways
480,2678,173,741,dry_bulk,gives_up,free,0.03132904023760541,91.15549803679312,waterways
480,2679,173,1153,dry_bulk,gives_up,free,0.01829731476949048,145.37334202177277,waterways
502,5949,173,360,dry_bulk,gives_up,free,0.0005366145287655222,16.284028216163595,waterways
513,2724,173,624,dry_bulk,delivers_same,same,0.4951530814447189,118.7873143753467,waterways
4330,hh_214,883,749,dry_bulk,gives_up,free,0.08614701358411914,216.1319542274898,maritime+waterways
4330,2640,883,741,dry_bulk,gives_up,free,0.16359186598485276,98.23245928793997,maritime+waterways
4331,2599,1397,445,dry_bulk,gives_up,free,0.0697293487001156,111.63440267318862,maritime+waterways
5578,7794,170,1719,dry_bulk,gives_up,free,0.031639217084191484,204.7057376739679,waterways
5578,7800,170,1135,dry_bulk,gives_up,free,0.007288044911175406,374.0881801625485,waterways
4359,2598,486,461,dry_bulk,gives_up,free,0.005140550257265675,0.0,maritime+waterways
5608,7737,536,683,dry_bulk,gives_up,free,0.08999532261183019,98.17111092663785,waterways
5608,7738,536,789,dry_bulk,gives_up,free,0.1624809366343969,45.48621824973567,waterways
5608,7743,536,409,dry_bulk,gives_up,free,0.1482359748612665,46.76401804852354,waterways
5608,11642,536,593,dry_bulk,gives_up,free,0.008699737801196594,429.6379944173839,waterways
5608,11718,536,1318,dry_bulk,gives_up,free,0.00843848519048973,472.65050970299677,waterways
8112,hh_113,1120,733,dry_bulk,gives_up,free,0.1621509264740122,88.21525952122686,maritime+waterways
8112,5860,1120,733,dry_bulk,gives_up,free,0.1621509264740122,88.21525952122686,maritime+waterways
8112,6536,1120,733,dry_bulk,gives_up,free,0.1621509264740122,88.21525952122686,maritime+waterways
5697,hh_216,2296,461,dry_bulk,gives_up,free,0.019262034599977662,0.0,waterways
4116,hh_113,1079,733,dry_bulk,gives_up,free,0.03883273682894406,48.822066952650076,maritime+waterways
4116,hh_213,1079,710,dry_bulk,gives_up,free,0.035492582164601494,49.58243769977264,maritime+waterways
5609,2087,797,586,dry_bulk,gives_up,free,0.01453448687420078,14.014913482462283,waterways
5609,2379,797,1722,dry_bulk,gives_up,free,0.028106472864473764,42.60008999893871,maritime+waterways
5609,4352,797,459,dry_bulk,delivers_same,same,0.12463564845396324,73.84881078632111,maritime+railways+waterways
5609,5918,797,8,dry_bulk,gives_up,free,0.18339877480014244,14.014913482462283,maritime+waterways
5609,6010,797,2293,dry_bulk,gives_up,free,0.15751236225242926,37.5257843196823,maritime+waterways
5609,6821,797,2293,dry_bulk,gives_up,free,0.15751236225242926,37.5257843196823,maritime+waterways
5609,6838,797,329,dry_bulk,gives_up,free,0.1204109230985515,61.88779015709733,maritime+waterways
5609,6864,797,8,dry_bulk,gives_up,free,0.18339877480014244,14.014913482462283,maritime+waterways
5609,9380,797,857,dry_bulk,gives_up,free,0.128401269720267,297.68948604874834,maritime+waterways
5609,11218,797,992,dry_bulk,gives_up,free,0.16950254105078022,15.111586814008856,maritime+waterways
4327,2323,1067,673,dry_bulk,gives_up,free,0.16935242585636767,74.30462955338919,maritime+waterways
5637,2226,1805,930,dry_bulk,gives_up,free,0.1461864488258371,136.90475008337583,maritime+waterways
5637,2262,1805,1671,dry_bulk,delivers_same,same,0.11098478443376036,141.57169556325408,maritime+railways+waterways
5637,2328,1805,1153,dry_bulk,gives_up,free,0.10790268545154968,245.1430983190166,maritime+waterways
5675,1264,8,2347,dry_bulk,gives_up,free,0.15376373202110383,84.91636886507443,maritime+waterways
5675,5725,8,733,dry_bulk,gives_up,free,0.18241861679557547,17.702405438601108,maritime+waterways
5675,6347,8,733,dry_bulk,gives_up,free,0.18241861679557547,17.702405438601108,maritime+waterways
5624,2265,8,1023,dry_bulk,delivers_free,free,0.07153716517837205,67.18813138719159,maritime+railways+waterways
5624,6806,8,733,dry_bulk,gives_up,free,0.18241861679557547,17.702405438601108,maritime+waterways
5810,5752,8,733,dry_bulk,gives_up,free,0.18241861679557547,17.702405438601108,maritime+waterways
2585,hh_118,1729,329,dry_bulk,delivers_same,same,0.167701580763695,117.89003459368055,maritime+waterways
5676,6270,329,733,dry_bulk,gives_up,free,0.11982869694761322,65.57528211323616,maritime+waterways
5838,5833,329,733,dry_bulk,gives_up,free,0.11982869694761322,65.57528211323616,maritime+waterways
4332,1252,1724,778,dry_bulk,gives_up,free,0.08883452207622877,221.4630223267236,maritime+waterways
4332,2134,1724,281,dry_bulk,gives_up,free,0.1499900725779295,163.5227608081157,maritime+waterways
4332,2226,1724,930,dry_bulk,gives_up,free,0.15005427787225623,185.27969771068499,maritime+waterways
4332,2237,1724,2335,dry_bulk,gives_up,free,0.11542333433373675,215.6430135457455,maritime+waterways
4332,2245,1724,749,dry_bulk,gives_up,free,0.015119669931776158,357.19969690089596,maritime+waterways
4332,2258,1724,1286,dry_bulk,delivers_same,same,0.3784836365935005,348.90399576670626,maritime+waterways
4332,2259,1724,1154,dry_bulk,delivers_same,same,0.3690147094994105,360.5556640656859,maritime+waterways
4332,2279,1724,461,dry_bulk,gives_up,free,0.13108878308157035,161.6808321597571,maritime+waterways
4332,2284,1724,445,dry_bulk,gives_up,free,0.060636824533242484,254.56623059212785,maritime+waterways
4332,2316,1724,1109,dry_bulk,gives_up,free,0.16305457018689995,185.97006490071524,maritime+waterways
4332,2322,1724,1153,dry_bulk,gives_up,free,0.1345494534800955,293.51804594632574,maritime+waterways
4332,2429,1724,938,dry_bulk,delivers_free,free,0.06315694250691362,161.6808321597571,maritime+railways+waterways
4332,2433,1724,1270,dry_bulk,gives_up,free,0.11246298708916891,161.6808321597571,maritime+waterways
4332,3575,1724,1729,dry_bulk,delivers_same,same,0.1439335144969245,231.6979900788026,maritime+waterways
4332,7752,1724,647,dry_bulk,gives_up,free,0.0065547294364145525,244.8787442939049,maritime+waterways
4332,12036,1724,866,dry_bulk,gives_up,free,0.032674220047290925,171.768048529351,maritime+waterways
5638,2127,424,1552,dry_bulk,gives_up,free,0.11434128300162905,101.94331279599885,maritime+waterways
5638,2279,424,461,dry_bulk,gives_up,free,0.14631249360773624,76.27324410718259,maritime+waterways
5638,7736,424,2090,dry_bulk,gives_up,free,0.06422544157209087,106.23706506126936,maritime+waterways
2556,5767,1433,2293,dry_bulk,gives_up,free,0.1536631732731406,75.1073591838448,maritime+waterways
2556,8123,1433,1462,dry_bulk,gives_up,free,0.14858825360055983,152.991373061986,maritime+waterways
8496,9713,147,2154,dry_bulk,gives_up,free,0.06683442627770719,303.7283309842859,waterways
8496,9789,147,1601,dry_bulk,gives_up,free,0.0926726759049128,292.4425486672598,waterways
2558,USA,749,6168,dry_bulk,gives_up,free,0.1125906795075855,195.51886474113883,maritime+waterways
2425,USA,928,6168,dry_bulk,gives_up,free,0.28537298127579613,7.368734645267233,maritime+waterways
2425,9687,928,1606,dry_bulk,gives_up,free,0.013804009279981377,7.368734645267233,waterways
81,USA,751,6168,dry_bulk,delivers_same,same,0.070829895488564,63.78400371947424,maritime+railways+waterways
2730,2656,2269,1465,liquid_bulk,delivers_same,same,0.024064522917192743,0.0,railways+waterways
2730,3037,2269,742,liquid_bulk,delivers_free,free,0.06334523302129003,30.26028241930621,railways+waterways
2730,3380,2269,1465,liquid_bulk,delivers_same,same,0.024064522917192743,0.0,railways+waterways
2730,4026,2269,1465,liquid_bulk,delivers_same,same,0.024064522917192743,0.0,railways+waterways
5820,5833,2293,733,dry_bulk,gives_up,free,0.15678882606715083,41.21327627582113,maritime+waterways
2570,hh_129,1469,2293,dry_bulk,gives_up,free,0.15867558040876228,24.21359617784435,maritime+waterways
2570,5759,1469,424,dry_bulk,gives_up,free,0.16350467600451668,76.97596944780692,maritime+waterways
45,USA,820,6168,dry_bulk,gives_up,free,0.05454327700468786,15.271361365704378,maritime+waterways
45,5856,820,697,dry_bulk,gives_up,free,0.0543492345136396,23.60570101090795,maritime+waterways
45,6535,820,2296,dry_bulk,gives_up,free,0.09461732805961764,15.271361365704378,waterways
74,9701,643,2201,dry_bulk,gives_up,free,0.09816243103471445,174.7559421330397,waterways
74,9702,643,2201,dry_bulk,gives_up,free,0.09816243103471445,174.7559421330397,waterways
4446,hh_211,1513,928,dry_bulk,gives_up,free,0.05698392324343682,18.905959736091027,maritime+waterways
7565,2829,2002,153,dry_bulk,delivers_same,same,0.3755466179543214,230.43202251128272,waterways
7773,3216,384,640,dry_bulk,gives_up,free,0.017333488577933265,53.908271350402224,waterways
7773,3225,384,2039,dry_bulk,gives_up,free,0.09781802588389654,95.5744416082218,waterways
7773,3226,384,56,dry_bulk,gives_up,free,0.13451548051828532,52.693468606930146,waterways
7773,3227,384,742,dry_bulk,gives_up,free,0.10181239518177843,82.06414793448376,waterways
7773,3228,384,1465,dry_bulk,gives_up,free,0.13629692270903004,52.693468606930146,waterways
7773,3229,384,1223,dry_bulk,gives_up,free,0.011847036225167251,62.22569382934759,waterways
7773,3230,384,196,dry_bulk,gives_up,free,0.001431950997857534,119.67912723668013,waterways
7773,3231,384,1608,dry_bulk,gives_up,same,0.077518352974979,52.693468606930146,waterways
7773,3232,384,392,dry_bulk,gives_up,free,0.04649326040300794,64.11261409300869,waterways
7777,2921,787,2039,dry_bulk,gives_up,free,0.08237330171934376,42.88097300129166,waterways
7777,2922,787,56,dry_bulk,gives_up,free,0.15340204418902448,0.0,waterways
7777,2923,787,742,dry_bulk,gives_up,free,0.11622439657343397,29.370679327553603,waterways
7777,2924,787,1465,dry_bulk,gives_up,free,0.14929073600938358,0.0,waterways
7777,2926,787,196,dry_bulk,gives_up,free,0.0016231900596879179,66.98565862974998,waterways
7777,2927,787,1608,dry_bulk,gives_up,free,0.08939802518908779,0.0,waterways
7777,2928,787,392,dry_bulk,gives_up,free,0.052910868687211954,11.419145486078541,waterways
7778,2838,1719,1380,dry_bulk,gives_up,free,0.1126459611849937,49.19090747415605,waterways
7778,2852,1719,639,dry_bulk,gives_up,free,0.01706719523766953,49.19090747415605,waterways
7778,2857,1719,1380,dry_bulk,gives_up,free,0.1126459611849937,49.19090747415605,waterways
7778,3303,1719,742,dry_bulk,gives_up,free,0.10224155660167944,78.56158680170965,waterways
7778,3308,1719,392,dry_bulk,gives_up,free,0.04668493798625106,60.61005296023459,waterways
7778,6018,1719,171,dry_bulk,gives_up,free,0.10266928260133845,52.78871151680886,waterways
7778,6028,1719,1176,dry_bulk,gives_up,free,0.07747586922748018,255.1238582607829,waterways
7778,6042,1719,919,dry_bulk,gives_up,free,0.05311014293685634,57.44561645625585,maritime+waterways
7764,USA,2089,6168,dry_bulk,gives_up,free,0.08579843056036962,40.21893388459402,maritime+waterways
7764,2606,2089,640,dry_bulk,gives_up,free,0.01756223465163753,41.4337366280661,waterways
7779,3305,2089,1223,dry_bulk,gives_up,free,0.012007581616268359,49.751159107011475,waterways
7779,6021,2089,615,dry_bulk,gives_up,free,0.06808123890511464,40.21893388459402,maritime+waterways
7779,6029,2089,94,dry_bulk,gives_up,free,0.11710040998405957,46.83679654884862,waterways
7779,6339,2089,170,dry_bulk,gives_up,free,0.03188490270871003,195.73376408440586,waterways
7779,6343,2089,697,dry_bulk,gives_up,free,0.08552818414827912,48.55327352979759,maritime+waterways
7779,6345,2089,172,dry_bulk,gives_up,free,0.10671479210089907,40.21893388459402,waterways
7787,6304,2089,424,dry_bulk,gives_up,free,0.06366533969260058,116.49217799177661,maritime+waterways
7787,9689,2089,1601,dry_bulk,gives_up,free,0.19118863355407312,40.21893388459402,waterways
7787,9696,2089,1601,dry_bulk,gives_up,free,0.19118863355407312,40.21893388459402,waterways
7787,9762,2089,1687,dry_bulk,gives_up,free,0.20547292434998798,41.04392809062951,waterways
7787,9770,2089,1687,dry_bulk,gives_up,free,0.20547292434998798,41.04392809062951,waterways
7787,9772,2089,1687,dry_bulk,gives_up,free,0.20547292434998798,41.04392809062951,waterways
7787,9776,2089,1687,dry_bulk,gives_up,free,0.20547292434998798,41.04392809062951,waterways
7787,9786,2089,2154,dry_bulk,gives_up,free,0.18796473345041975,51.5047162016201,waterways
7787,9793,2089,2259,dry_bulk,gives_up,free,0.1857746993433529,62.30551181447567,waterways
7787,9881,2089,2259,dry_bulk,gives_up,free,0.1857746993433529,62.30551181447567,waterways
7787,10001,2089,852,dry_bulk,gives_up,free,0.18615610578115827,50.56250384768694,waterways
7787,10002,2089,666,dry_bulk,gives_up,free,0.1860982374024731,52.22906152664868,waterways
7787,10206,2089,666,dry_bulk,gives_up,free,0.1860982374024731,52.22906152664868,waterways
7765,GBR,1006,6478,dry_bulk,gives_up,free,0.008202933836559234,55.90361274655484,maritime+waterways
7765,2617,1006,742,dry_bulk,gives_up,free,0.1014222150768942,85.27429207410844,waterways
7765,2618,1006,1465,dry_bulk,gives_up,free,0.06346068569709962,55.90361274655484,waterways
7780,2830,1006,1071,dry_bulk,gives_up,free,0.07685602156982618,59.403745092637074,waterways
7780,3304,1006,1465,dry_bulk,gives_up,free,0.06346068569709962,55.90361274655484,waterways
7781,2827,1005,1222,dry_bulk,gives_up,free,0.04337586563963569,215.76707629564476,waterways
7781,2829,1005,153,dry_bulk,gives_up,free,0.043443901161017706,226.79130275358597,waterways
7781,2853,1005,588,dry_bulk,gives_up,free,0.0313562470616735,190.2179672172648,waterways
7781,2854,1005,56,dry_bulk,gives_up,free,0.053213045091622835,190.2179672172648,waterways
7781,2858,1005,743,dry_bulk,gives_up,free,0.03916096425415483,248.23710856955793,waterways
7781,2867,1005,56,dry_bulk,gives_up,free,0.053213045091622835,190.2179672172648,waterways
7781,3301,1005,2039,dry_bulk,gives_up,free,0.04075065413290546,233.09894021855646,waterways
7781,3302,1005,56,dry_bulk,gives_up,free,0.053213045091622835,190.2179672172648,waterways
7781,3307,1005,1608,dry_bulk,gives_up,free,0.041863968919449324,190.2179672172648,waterways
7781,6013,1005,61,dry_bulk,gives_up,free,0.02312627157405167,219.95842768719075,maritime+waterways
7781,6015,1005,64,dry_bulk,gives_up,free,0.02367130436952447,194.08923315316426,maritime+waterways
7781,6019,1005,1364,dry_bulk,gives_up,free,0.0014129427718616583,204.9326034359513,maritime+waterways
7781,6041,1005,171,dry_bulk,gives_up,free,0.040214682910160615,193.81577125991763,waterways
7781,6346,1005,2296,dry_bulk,gives_up,free,0.01821536667592949,190.2179672172648,waterways
12044,hh_233,866,2039,dry_bulk,gives_up,free,0.04968708722103732,52.96818937088557,waterways
12044,hh_235,866,742,dry_bulk,gives_up,free,0.11861515995243876,39.45789569714752,waterways
12044,hh_236,866,1465,dry_bulk,gives_up,free,0.1150779638102668,10.087216369593914,waterways
12044,hh_238,866,196,dry_bulk,gives_up,free,0.0016546551290208544,77.0728749993439,waterways
12044,hh_239,866,1608,dry_bulk,gives_up,same,0.09139228722777637,10.087216369593914,waterways
7782,6017,1051,171,dry_bulk,gives_up,free,0.1362560363765264,3.5978040426528146,waterways
7768,USA,385,6168,dry_bulk,gives_up,free,0.003762962975243367,180.60917220208472,maritime+waterways
7783,6350,385,1874,dry_bulk,gives_up,free,0.003443343332497628,238.9239011344219,maritime+waterways
7783,6351,385,8,dry_bulk,gives_up,free,0.0036352825072378803,180.60917220208472,maritime+waterways
7784,6027,1135,143,dry_bulk,gives_up,free,0.003367128575657352,326.5482576146636,maritime+waterways
7784,6032,1135,1805,dry_bulk,gives_up,free,0.003201425717074491,331.8792344951846,maritime+waterways
7784,6033,1135,730,dry_bulk,gives_up,free,0.0036367722905372712,229.4418910020722,maritime+waterways
7784,6340,1135,1755,dry_bulk,delivers_same,same,0.0037330615388464494,218.57334996273667,railways+waterways
7784,6344,1135,1364,dry_bulk,gives_up,free,0.0036225150178264,233.28798618142318,maritime+waterways
7754,2617,595,742,dry_bulk,gives_up,free,0.0898823112022058,142.52690363541174,waterways
7754,2621,595,1608,dry_bulk,gives_up,same,0.06786526321526432,113.15622430785817,waterways
7785,2851,594,1380,dry_bulk,gives_up,free,0.10098453140360819,99.12353481778077,waterways
7785,6020,594,2267,dry_bulk,gives_up,free,0.0011606921553868332,99.12353481778077,maritime+waterways
7785,6348,594,346,dry_bulk,gives_up,free,0.07286903586697813,272.3176408028754,waterways
8107,2673,1462,938,dry_bulk,delivers_same,same,0.06655785886553289,101.39488471536121,maritime+railways+waterways
8108,2671,936,710,dry_bulk,gives_up,free,0.1597977949092475,136.90089872620612,maritime+waterways
8108,2679,936,1153,dry_bulk,gives_up,free,0.1441202068016958,250.27533632705104,maritime+waterways
8108,2699,936,1729,dry_bulk,delivers_same,same,0.1560735133606348,188.45528045952796,maritime+waterways
8109,hh_211,1120,928,dry_bulk,gives_up,free,0.23725540516753818,77.88158872789299,maritime+waterways
8109,hh_212,1120,1433,dry_bulk,gives_up,free,0.15893066850960902,122.10934242925052,maritime+waterways
8109,hh_213,1120,710,dry_bulk,gives_up,free,0.16850885693406958,88.97563026834943,maritime+waterways
8109,hh_214,1120,749,dry_bulk,gives_up,free,0.09787068229086082,266.03171882376455,maritime+waterways
8109,hh_215,1120,938,dry_bulk,delivers_same,same,0.07016624354363343,70.51285408262575,maritime+railways+waterways
8109,hh_216,1120,461,dry_bulk,gives_up,free,0.14709100571078526,70.51285408262575,maritime+waterways
8109,hh_217,1120,445,dry_bulk,gives_up,free,0.06778340476623934,163.3982525149965,maritime+waterways
8109,hh_219,1120,1270,dry_bulk,gives_up,free,0.1271776032815226,70.51285408262575,maritime+waterways
8109,hh_220,1120,741,dry_bulk,gives_up,free,0.15752818186484863,148.1322238842147,maritime+waterways
8109,hh_221,1120,1153,dry_bulk,gives_up,free,0.1507936951387503,202.3500678691944,maritime+waterways
8109,hh_226,1120,1469,dry_bulk,gives_up,free,0.16461319932665597,71.21557942325008,maritime+waterways
8109,hh_227,1120,197,dry_bulk,gives_up,free,0.07470490293946996,122.29255778720608,maritime+waterways
8109,hh_241,1120,1729,dry_bulk,delivers_same,same,0.16471724602066562,140.53001200167125,maritime+waterways
8109,2669,1120,928,dry_bulk,gives_up,free,0.23725540516753818,77.88158872789299,maritime+waterways
8109,2670,1120,1433,dry_bulk,gives_up,free,0.15893066850960902,122.10934242925052,maritime+waterways
8109,2672,1120,749,dry_bulk,gives_up,free,0.09787068229086082,266.03171882376455,maritime+waterways
8109,2674,1120,461,dry_bulk,gives_up,free,0.14709100571078526,70.51285408262575,maritime+waterways
8109,2675,1120,445,dry_bulk,gives_up,free,0.06778340476623934,163.3982525149965,maritime+waterways
8109,2677,1120,1270,dry_bulk,gives_up,free,0.1271776032815226,70.51285408262575,maritime+waterways
8109,2678,1120,741,dry_bulk,gives_up,free,0.15752818186484863,148.1322238842147,maritime+waterways
8109,2684,1120,1469,dry_bulk,gives_up,free,0.16461319932665597,71.21557942325008,maritime+waterways
8109,2685,1120,197,dry_bulk,gives_up,free,0.07470490293946996,122.29255778720608,maritime+waterways
5628,7752,205,647,dry_bulk,gives_up,free,0.04546699206770799,279.49735656879494,maritime+waterways
2237,2515,2335,830,dry_bulk,gives_up,free,0.10453295226427395,94.34622504503321,waterways
8,hh_234,209,56,dry_bulk,gives_up,free,0.15169038782876543,15.300461024379937,waterways
62,hh_233,209,2039,dry_bulk,gives_up,free,0.06802167856403885,58.18143402567159,waterways
62,hh_235,209,742,dry_bulk,gives_up,free,0.12101653168687854,44.671140351933545,waterways
62,hh_236,209,1465,dry_bulk,gives_up,free,0.1257050275116851,15.300461024379937,waterways
62,hh_238,209,196,dry_bulk,gives_up,free,0.0016861863128119214,82.28611965412992,waterways
62,hh_239,209,1608,dry_bulk,gives_up,same,0.09340224536177621,15.300461024379937,waterways
62,USA,209,6168,dry_bulk,gives_up,free,0.05686785584919973,15.300461024379937,maritime+waterways
65,2827,643,1222,dry_bulk,gives_up,free,0.04407634989750986,200.30505121141965,waterways
65,10043,643,998,dry_bulk,delivers_same,same,0.3779204361605246,244.0244559754994,waterways
1643,2052,128,829,dry_bulk,gives_up,free,0.026874137560899403,3.1496821279213605,waterways
1643,2089,128,1380,dry_bulk,gives_up,free,0.011221535787189207,0.0,waterways
1643,2097,128,586,dry_bulk,gives_up,free,0.06408307635933341,0.0,waterways
1643,2112,128,779,dry_bulk,gives_up,free,0.03500249939528355,17.280401672467896,waterways
67,2544,1158,196,dry_bulk,gives_up,free,0.0017127602357918104,70.71450491988625,waterways
67,2736,1158,1450,dry_bulk,gives_up,free,0.1482703519653521,3.7288462901362767,waterways
67,2857,1158,1380,dry_bulk,gives_up,free,0.1002826016187972,3.7288462901362767,waterways
67,2883,1158,1222,dry_bulk,gives_up,free,0.07591311127912115,29.27795536851624,waterways
67,3230,1158,196,dry_bulk,gives_up,free,0.0017127602357918104,70.71450491988625,waterways
67,3304,1158,1465,dry_bulk,gives_up,free,0.12769722045731813,3.7288462901362767,waterways
67,10045,1158,111,dry_bulk,gives_up,free,0.1861392390343335,27.995550764234093,waterways
69,6345,438,172,dry_bulk,gives_up,free,0.009997829990265217,229.93431122247475,waterways
69,10050,438,666,dry_bulk,gives_up,free,0.030267779700557496,241.94443886452942,waterways
78,9705,438,1601,dry_bulk,gives_up,free,0.038424037420260904,229.93431122247475,waterways
78,9707,438,1601,dry_bulk,gives_up,free,0.038424037420260904,229.93431122247475,waterways
78,9709,438,1601,dry_bulk,gives_up,free,0.038424037420260904,229.93431122247475,waterways
78,9730,438,1687,dry_bulk,gives_up,free,0.047979475661614535,230.75930542851023,waterways
78,9733,438,1687,dry_bulk,gives_up,free,0.047979475661614535,230.75930542851023,waterways
78,9738,438,1687,dry_bulk,gives_up,free,0.047979475661614535,230.75930542851023,waterways
78,9743,438,2130,dry_bulk,gives_up,free,0.03363728744081085,229.93431122247475,waterways
78,9753,438,1687,dry_bulk,gives_up,free,0.047979475661614535,230.75930542851023,waterways
78,9755,438,1687,dry_bulk,gives_up,free,0.047979475661614535,230.75930542851023,waterways
78,9770,438,1687,dry_bulk,gives_up,free,0.047979475661614535,230.75930542851023,waterways
78,9780,438,1601,dry_bulk,gives_up,free,0.038424037420260904,229.93431122247475,waterways
78,10001,438,852,dry_bulk,gives_up,free,0.027458001750003014,240.27788118556765,waterways
78,10049,438,852,dry_bulk,gives_up,free,0.027458001750003014,240.27788118556765,waterways
49,USA,462,6168,dry_bulk,gives_up,free,0.07846692223004403,37.41496581161871,maritime+waterways
49,6534,462,172,dry_bulk,gives_up,free,0.0784496351993702,37.41496581161871,waterways
49,6541,462,329,dry_bulk,gives_up,free,0.0694115215174258,85.28784248625375,maritime+waterways
70,2541,462,742,dry_bulk,gives_up,free,0.00547872509065539,66.78564513917232,waterways
70,2746,462,498,dry_bulk,gives_up,free,0.010455256290123893,37.41496581161871,waterways
70,3303,462,742,dry_bulk,gives_up,free,0.00547872509065539,66.78564513917232,waterways
70,6344,462,1364,dry_bulk,gives_up,free,0.07611727539549129,52.12960203030519,maritime+waterways
70,10048,462,2228,dry_bulk,gives_up,free,0.0703105656284464,37.41496581161871,waterways
71,6351,870,8,dry_bulk,delivers_same,same,0.04045798410282875,5.095734492752605,maritime+railways+waterways
71,6352,870,329,dry_bulk,delivers_same,same,0.01657855025375876,52.96861116738765,maritime+railways+waterways
72,6350,751,1874,dry_bulk,delivers_same,same,0.054375409352683146,122.0987326518114,maritime+railways+waterways
5605,hh_211,171,928,dry_bulk,gives_up,free,0.07225295427635037,10.966538687920048,waterways
5605,2301,171,501,dry_bulk,gives_up,free,0.019246059591677023,32.92445005456672,waterways
5605,2306,171,1269,dry_bulk,gives_up,free,0.06386263795265945,88.88040276165316,waterways
5605,2310,171,1306,dry_bulk,gives_up,free,0.012331149352612147,3.5978040426528146,waterways
5605,7759,171,1051,dry_bulk,gives_up,free,0.13625603637652572,3.5978040426528146,waterways
9658,1,1000,1138,dry_bulk,gives_up,free,0.1873393104647969,54.08966493089994,waterways
9658,88,1000,462,dry_bulk,gives_up,free,0.055520610572257656,53.86090985859062,waterways
9658,2387,1000,928,dry_bulk,gives_up,free,0.07291157632522371,23.81467869223914,waterways
9658,7747,1000,385,dry_bulk,gives_up,free,0.11704524511990022,197.05511624905665,waterways
478,2392,662,461,dry_bulk,gives_up,free,0.026646141065522322,20.40963274247152,waterways
500,2791,662,461,dry_bulk,gives_up,free,0.026646141065522322,20.40963274247152,waterways
5606,2598,1526,461,dry_bulk,gives_up,free,0.017878499896424094,40.75712510240766,waterways
5606,7992,1526,385,dry_bulk,gives_up,free,0.07669533200832146,221.36629730449238,waterways
5606,11640,1526,1317,dry_bulk,delivers_same,same,0.08300429883309701,50.316751519014765,railways+waterways
5606,11641,1526,1318,dry_bulk,gives_up,free,0.008543797916028995,467.9214165556688,waterways
5606,12037,1526,1165,dry_bulk,gives_up,free,0.11049717547657045,85.6020051775318,waterways
5606,12073,1526,2120,dry_bulk,gives_up,free,0.07678070798330561,101.13478633373734,waterways
5611,7761,36,1135,dry_bulk,delivers_same,same,0.3286783770907944,400.06548989076373,waterways
5611,7987,36,1719,dry_bulk,delivers_same,same,0.3830566403797624,230.68304740218306,waterways
9659,7,1836,209,dry_bulk,gives_up,free,0.11542880102486008,48.91204564961104,waterways
9659,7739,1836,787,dry_bulk,gives_up,free,0.11821951090772087,33.6115846252311,waterways
9659,7745,1836,892,dry_bulk,gives_up,free,0.10401876155315626,61.206630992053505,waterways
9659,7754,1836,595,dry_bulk,gives_up,free,0.09392247926559283,146.76780893308927,waterways
9659,7800,1836,1135,dry_bulk,gives_up,free,0.08920476995438942,252.18493458796777,waterways
9659,12073,1836,2120,dry_bulk,gives_up,free,0.10634786714012279,93.98924585656079,waterways
977,hh_227,366,197,dry_bulk,gives_up,free,0.041229922979949096,281.84751751454337,maritime+waterways
11632,2621,1749,1608,dry_bulk,delivers_same,same,0.07652390791430186,5.623539816892365,railways+waterways
4090,1317,305,793,dry_bulk,gives_up,free,0.08302818213010532,257.32733998958355,maritime+waterways
4090,1318,305,2311,dry_bulk,gives_up,free,0.09720237616071725,114.21540341818232,maritime+waterways
4090,1319,305,2335,dry_bulk,gives_up,free,0.10189136140441013,75.63697645070346,maritime+waterways
4090,1320,305,2347,dry_bulk,gives_up,free,0.09809452700897325,106.59116392978949,maritime+waterways
4090,2699,305,1729,dry_bulk,delivers_same,same,0.17685787629623095,91.69195298376056,maritime+waterways
4100,hh_211,1601,928,dry_bulk,gives_up,free,0.10851295102592795,7.368734645267233,waterways
4100,hh_213,1601,710,dry_bulk,gives_up,free,0.1068178082346034,18.462776185723687,waterways
4100,hh_216,1601,461,dry_bulk,gives_up,free,0.06728913159921146,0.0,waterways
4100,hh_217,1601,445,dry_bulk,gives_up,free,0.013419821655058062,92.88539843237076,waterways
4100,hh_219,1601,1270,dry_bulk,gives_up,free,0.015482512743262955,0.0,waterways
4100,hh_220,1601,741,dry_bulk,gives_up,free,0.025915393148292054,77.61936980158896,waterways
4100,hh_221,1601,1153,dry_bulk,gives_up,free,0.015757550962676392,131.8372137865686,waterways
4100,2724,1601,624,dry_bulk,delivers_same,same,0.5222256636169578,105.25118614014254,waterways
4100,2726,1601,624,dry_bulk,delivers_same,same,0.5222256636169578,105.25118614014254,waterways
4100,2728,1601,624,dry_bulk,delivers_same,same,0.5222256636169578,105.25118614014254,waterways
4100,3203,1601,928,dry_bulk,gives_up,free,0.10851295102592795,7.368734645267233,waterways
4100,3205,1601,710,dry_bulk,gives_up,free,0.1068178082346034,18.462776185723687,waterways
4100,3208,1601,461,dry_bulk,gives_up,free,0.06728913159921146,0.0,waterways
4100,3209,1601,445,dry_bulk,gives_up,free,0.013419821655058062,92.88539843237076,waterways
4100,3210,1601,842,dry_bulk,gives_up,free,0.013511718983786114,88.1435574531788,waterways
4100,3211,1601,1270,dry_bulk,gives_up,free,0.015482512743262955,0.0,waterways
4100,3212,1601,741,dry_bulk,gives_up,free,0.025915393148292054,77.61936980158896,waterways
4100,3213,1601,1153,dry_bulk,gives_up,free,0.015757550962676392,131.8372137865686,waterways
4110,2826,305,1552,dry_bulk,gives_up,free,0.031552787493208,47.34486375353131,maritime+waterways
4110,2828,305,1447,dry_bulk,gives_up,free,0.032815033374992586,21.674795064715063,maritime+waterways
4110,2836,305,1153,dry_bulk,gives_up,free,0.00622422685224322,153.51200885128367,maritime+waterways
4110,2840,305,285,dry_bulk,gives_up,free,0.029381605063104388,37.73294038208471,maritime+waterways
4110,2856,305,1322,dry_bulk,gives_up,free,0.012577772986828384,21.674795064715063,maritime+waterways
4091,1321,2243,2324,dry_bulk,gives_up,free,0.07608874965157364,265.9286351891646,maritime+waterways
4096,1457,2243,793,dry_bulk,gives_up,free,0.12245413455210197,324.02938906062235,maritime+waterways
4096,1463,2243,469,dry_bulk,delivers_free,free,0.043464390565989275,314.6604519026616,maritime+waterways
4096,3396,2243,749,dry_bulk,gives_up,free,0.008194634902762843,283.8957088768927,maritime+waterways
4096,3423,2243,1729,dry_bulk,delivers_same,same,0.1653436230575014,158.3940020547994,maritime+waterways
4096,5860,2243,733,dry_bulk,gives_up,free,0.13854149059283305,106.07924957435496,maritime+waterways
4096,6536,2243,733,dry_bulk,gives_up,free,0.13854149059283305,106.07924957435496,maritime+waterways
4107,3204,815,1433,dry_bulk,gives_up,free,0.18526313649991866,59.60536208031899,maritime+waterways
4111,2862,2243,673,dry_bulk,gives_up,free,0.05872610571613324,162.68147368914305,maritime+waterways
4111,3281,2243,710,dry_bulk,gives_up,free,0.13539239463843167,106.83962032147755,maritime+waterways
4097,2599,619,445,dry_bulk,gives_up,free,0.027913626156969018,107.0501438049914,maritime+waterways
4112,2842,619,672,dry_bulk,gives_up,free,0.18323482134630975,77.1320361381214,maritime+waterways
4112,2855,619,1269,dry_bulk,gives_up,free,0.201561257604717,99.44734409162096,maritime+waterways
5263,2826,1161,1552,dry_bulk,gives_up,free,0.10309114824921406,115.63974284765223,maritime+waterways
5263,2833,1161,1433,dry_bulk,gives_up,free,0.1433973637344068,141.56616250546077,maritime+waterways
5263,2836,1161,1153,dry_bulk,gives_up,free,0.13046328162351717,221.80688794540458,maritime+waterways
5263,2837,1161,2022,dry_bulk,gives_up,free,0.015185300847703864,89.96967415883599,maritime+waterways
5263,2840,1161,285,dry_bulk,gives_up,free,0.1715416131747971,106.02781947620564,maritime+waterways
5263,2842,1161,672,dry_bulk,gives_up,free,0.14013522701638492,152.93696492433676,maritime+waterways
5263,2864,1161,1532,dry_bulk,gives_up,free,0.006004809054145799,105.48218856742359,maritime+waterways
5263,3279,1161,928,dry_bulk,gives_up,free,0.21361634828346632,97.33840880410322,maritime+waterways
5263,3280,1161,1433,dry_bulk,gives_up,free,0.1433973637344068,141.56616250546077,maritime+waterways
5263,3287,1161,1270,dry_bulk,gives_up,free,0.006105269200652019,89.96967415883599,maritime+waterways
5263,3288,1161,741,dry_bulk,gives_up,free,0.0893599025871783,167.58904396042496,maritime+waterways
5263,3294,1161,1469,dry_bulk,gives_up,free,0.14720645961352807,90.67239949946031,maritime+waterways
12733,hh_211,1640,928,dry_bulk,gives_up,free,0.021507983894211602,46.02598954878855,maritime+waterways
12733,hh_226,1640,1469,dry_bulk,gives_up,free,0.11077516452581704,39.35998024414565,maritime+waterways
12733,hh_227,1640,197,dry_bulk,gives_up,free,0.05125065333580503,90.43695860810163,maritime+waterways
12733,hh_241,1640,1729,dry_bulk,delivers_same,same,0.11350466831851347,108.67441282256682,maritime+waterways
12733,2602,1640,741,dry_bulk,gives_up,free,0.05308184561800289,116.2766247051103,maritime+waterways
12733,2608,1640,1469,dry_bulk,gives_up,free,0.11077516452581704,39.35998024414565,maritime+waterways
12733,2623,1640,1729,dry_bulk,delivers_same,same,0.11350466831851347,108.67441282256682,maritime+waterways
7014,3212,1969,741,dry_bulk,gives_up,free,0.05821399650542558,78.38628439672746,maritime+waterways
7014,3233,1969,1729,dry_bulk,delivers_same,same,0.12660699406353304,70.78407251418402,maritime+waterways
1007,2843,1047,1307,dry_bulk,gives_up,free,0.10832763399962486,202.93700992613472,maritime+waterways
1583,hh_220,1640,741,dry_bulk,gives_up,free,0.05308184561800289,116.2766247051103,maritime+waterways
1583,2593,1640,928,dry_bulk,gives_up,free,0.021507983894211602,46.02598954878855,maritime+waterways
1583,2609,1640,197,dry_bulk,gives_up,free,0.05125065333580503,90.43695860810163,maritime+waterways
7017,3218,1818,1469,dry_bulk,gives_up,free,0.12491854723923135,0.7027253406243322,maritime+waterways
7022,3219,1042,197,dry_bulk,gives_up,free,0.04985760078257662,162.95170149231603,maritime+waterways
4324,2273,546,2022,dry_bulk,gives_up,free,0.14093354676097314,97.98423448817586,maritime+waterways
5627,2124,8,1728,dry_bulk,delivers_same,same,0.11712435379935116,91.96647030167068,maritime+waterways
4340,2135,274,891,dry_bulk,gives_up,free,0.13969409367771402,142.74153205831524,maritime+waterways
4340,2238,274,671,dry_bulk,gives_up,free,0.18141205472551003,139.669804080013,maritime+waterways
4340,2302,274,1269,dry_bulk,gives_up,free,0.18921750171949125,224.95240279901333,maritime+waterways
4340,2360,274,601,dry_bulk,gives_up,free,0.1456836076490955,157.0454656738997,maritime+waterways
4340,2395,274,1270,dry_bulk,gives_up,free,0.11404579874483622,139.669804080013,maritime+waterways
4340,2594,274,1433,dry_bulk,gives_up,free,0.14122200545350472,191.2662924266378,maritime+waterways
4340,3548,274,749,dry_bulk,gives_up,free,0.045330683175630604,335.18866882115185,maritime+waterways
12729,hh_211,48,928,dry_bulk,delivers_free,free,0.017291997674603543,66.49025917705187,maritime+railways+waterways
12729,hh_226,48,1469,dry_bulk,delivers_same,same,0.08846985236409499,59.82424987240896,maritime+railways+waterways
12729,hh_227,48,197,dry_bulk,delivers_same,same,0.08325616394362045,110.90122823636494,maritime+railways+waterways
12729,hh_241,48,1729,dry_bulk,delivers_free,free,0.059364708912776454,129.13868245083012,maritime+railways+waterways
1005,2863,342,1109,dry_bulk,gives_up,free,0.07021606500190458,181.35407536689667,maritime+waterways
1268,USA,793,6168,dry_bulk,gives_up,free,0.019489191912323678,235.6525449248685,maritime+waterways
2465,hh_195,222,793,dry_bulk,gives_up,free,0.01918372657091094,258.82927173534745,waterways
2465,hh_197,222,2335,dry_bulk,gives_up,free,0.026199149378749897,77.13890819646738,waterways
2465,hh_198,222,2347,dry_bulk,gives_up,free,0.02466259757790845,108.09309567555341,waterways
2465,1427,222,2347,dry_bulk,gives_up,free,0.02466259757790845,108.09309567555341,waterways
2465,1428,222,469,dry_bulk,gives_up,free,0.019452320697865844,249.46033457738667,waterways
1269,USA,2311,6168,dry_bulk,gives_up,free,0.223842527676946,92.54060835346725,maritime+waterways
2464,hh_196,222,2311,dry_bulk,gives_up,free,0.024311403513222363,115.71733516394625,waterways
2464,hh_200,222,2312,dry_bulk,gives_up,free,0.02400717859022805,122.50221007619243,waterways
2464,hh_201,222,469,dry_bulk,gives_up,free,0.019452320697865844,249.46033457738667,waterways
2464,1426,222,2335,dry_bulk,gives_up,free,0.026199149378749897,77.13890819646738,waterways
1270,USA,2335,6168,dry_bulk,gives_up,free,0.2357639254169419,53.962181385988394,maritime+waterways
1271,USA,2347,6168,dry_bulk,gives_up,free,0.2261019958819359,84.91636886507442,maritime+waterways
5752,AME,733,6168,dry_bulk,gives_up,free,0.19411503362868054,17.70240543860111,maritime+waterways
5752,GBR,733,6478,dry_bulk,gives_up,free,0.2765321866280348,17.70240543860111,maritime+waterways
5752,USA,733,6168,dry_bulk,gives_up,free,0.19411503362868054,17.70240543860111,maritime+waterways
5752,9633,733,1446,dry_bulk,gives_up,free,0.0787549888894814,69.46145211045908,waterways
5752,10253,733,852,dry_bulk,gives_up,free,0.06322366039988014,28.045975401694026,waterways
1598,3317,2292,928,dry_bulk,gives_up,free,0.021134351946423324,65.52272273910215,maritime+waterways
1598,3326,2292,741,dry_bulk,gives_up,free,0.052214498632259465,135.77335789542389,maritime+waterways
1598,3332,2292,1469,dry_bulk,gives_up,free,0.10876364343314382,58.856713434459245,maritime+waterways
1598,3333,2292,197,dry_bulk,gives_up,free,0.05035663699731385,109.93369179841523,maritime+waterways
1598,3347,2292,1729,dry_bulk,delivers_same,same,0.11154357427540451,128.1711460128804,maritime+waterways
1598,3469,2292,928,dry_bulk,gives_up,free,0.021134351946423324,65.52272273910215,maritime+waterways
1598,3478,2292,741,dry_bulk,gives_up,free,0.052214498632259465,135.77335789542389,maritime+waterways
1598,3484,2292,1469,dry_bulk,gives_up,free,0.10876364343314382,58.856713434459245,maritime+waterways
1598,3485,2292,197,dry_bulk,gives_up,free,0.05035663699731385,109.93369179841523,maritime+waterways
1598,3499,2292,1729,dry_bulk,delivers_same,same,0.11154357427540451,128.1711460128804,maritime+waterways
2722,9524,2100,389,liquid_bulk,delivers_free,free,0.012683736077255592,42.318756075416616,railways+waterways
2722,12837,2100,389,liquid_bulk,delivers_free,free,0.012683736077255592,42.318756075416616,railways+waterways
2722,12874,2100,389,liquid_bulk,delivers_free,free,0.012683736077255592,42.318756075416616,railways+waterways
2722,12875,2100,389,liquid_bulk,delivers_free,free,0.012683736077255592,42.318756075416616,railways+waterways
2724,NOR,624,2506,liquid_bulk,gives_up,free,0.007441262327847475,105.25118614014254,maritime+waterways
2724,561,624,2050,liquid_bulk,delivers_same,same,0.3445145417269442,105.25118614014254,waterways
2724,2827,624,1222,liquid_bulk,delivers_same,same,0.36816956051680627,130.8002952185225,waterways
2724,2966,624,392,liquid_bulk,delivers_same,same,0.2930404315681898,116.67033162622107,waterways
2724,3041,624,1608,liquid_bulk,delivers_same,same,0.1744281305051274,105.25118614014254,waterways
2724,3270,624,392,liquid_bulk,delivers_same,same,0.2930404315681898,116.67033162622107,waterways
2724,3611,624,1608,liquid_bulk,delivers_same,same,0.1744281305051274,105.25118614014254,waterways
2724,4097,624,619,liquid_bulk,delivers_same,same,0.30040892280591547,119.41593151276317,maritime+waterways
2724,5695,624,1364,liquid_bulk,delivers_same,same,0.31438836421181127,119.96582235882903,maritime+waterways
2724,5992,624,172,liquid_bulk,delivers_same,same,0.3258694705326277,105.25118614014254,maritime+waterways
2724,9498,624,389,liquid_bulk,delivers_same,same,0.2831336042619894,126.86327064436303,waterways
2724,9512,624,389,liquid_bulk,delivers_same,same,0.2831336042619894,126.86327064436303,waterways
2724,9684,624,2228,liquid_bulk,delivers_same,same,0.345054008572407,105.25118614014254,waterways
2724,10081,624,111,liquid_bulk,delivers_same,same,0.38038778279985164,129.51789061424034,waterways
2724,12364,624,381,liquid_bulk,delivers_same,same,0.3006006644614079,135.19795497985774,maritime+waterways
2212,444,1269,958,dry_bulk,gives_up,free,0.0458867663410949,102.2348543498172,waterways
2387,546,928,173,dry_bulk,gives_up,free,0.10531146603683972,20.90486288047139,waterways
2387,5688,928,2077,dry_bulk,gives_up,free,0.02180258175395,52.25914202758,maritime+waterways
2517,MEA,928,6445,dry_bulk,gives_up,free,0.027220075400543164,7.368734645267233,maritime+waterways
2517,5813,928,424,dry_bulk,gives_up,free,0.20875707446093417,83.64197875244983,maritime+waterways
2517,10047,928,1687,dry_bulk,gives_up,free,0.13033124771190607,8.193728851302717,waterways
4089,hh_213,1079,710,dry_bulk,gives_up,free,0.035492582164601494,49.58243769977264,maritime+waterways
4089,1322,1079,2312,dry_bulk,gives_up,free,0.05584316787313637,130.4451447797624,maritime+waterways
4089,1323,1079,469,dry_bulk,delivers_free,free,0.04561435829592164,257.40326928095664,maritime+waterways
4089,2671,1079,710,dry_bulk,gives_up,free,0.035492582164601494,49.58243769977264,maritime+waterways
8116,hh_211,2136,928,dry_bulk,gives_up,free,0.20605644448638127,169.6367911554359,maritime+waterways
8116,hh_212,2136,1433,dry_bulk,gives_up,free,0.13841588673488459,213.86454485679343,maritime+waterways
8116,hh_213,2136,710,dry_bulk,gives_up,free,0.14680512695213666,180.73083269589236,maritime+waterways
8116,hh_214,2136,749,dry_bulk,gives_up,free,0.0875878619436048,357.7869212513075,maritime+waterways
8116,hh_215,2136,938,dry_bulk,delivers_same,same,0.06290453329150036,162.26805651016866,maritime+railways+waterways
8116,hh_216,2136,461,dry_bulk,gives_up,free,0.13051843128687768,162.26805651016866,maritime+waterways
8116,hh_217,2136,445,dry_bulk,gives_up,free,0.06038111155282366,255.15345494253944,maritime+waterways
8116,hh_219,2136,1270,dry_bulk,gives_up,free,0.11194273838714186,162.26805651016866,maritime+waterways
8116,hh_220,2136,741,dry_bulk,gives_up,free,0.13836923110775512,239.88742631175762,maritime+waterways
8116,hh_221,2136,1153,dry_bulk,gives_up,free,0.13396975814199563,294.1052702967373,maritime+waterways
8116,hh_226,2136,1469,dry_bulk,gives_up,free,0.14168941832973903,162.970781850793,maritime+waterways
8116,hh_227,2136,197,dry_bulk,gives_up,free,0.06482867074832721,214.047760214749,maritime+waterways
8116,hh_241,2136,1729,dry_bulk,delivers_same,same,0.14320769674243028,232.2852144292142,maritime+waterways
8116,2720,2136,2038,dry_bulk,gives_up,free,0.13877472845640915,211.5653226769428,maritime+waterways
8116,2724,2136,624,dry_bulk,delivers_same,same,0.348468576931551,267.5192426503112,maritime+waterways
8116,2726,2136,624,dry_bulk,delivers_same,same,0.348468576931551,267.5192426503112,maritime+waterways
8116,2728,2136,624,dry_bulk,delivers_same,same,0.348468576931551,267.5192426503112,maritime+waterways
8116,2730,2136,2269,dry_bulk,delivers_same,same,0.03913686710195852,162.26805651016866,maritime+railways+waterways
8116,3203,2136,928,dry_bulk,gives_up,free,0.20605644448638127,169.6367911554359,maritime+waterways
8116,3204,2136,1433,dry_bulk,gives_up,free,0.13841588673488459,213.86454485679343,maritime+waterways
8116,3205,2136,710,dry_bulk,gives_up,free,0.14680512695213666,180.73083269589236,maritime+waterways
8116,3206,2136,749,dry_bulk,gives_up,free,0.0875878619436048,357.7869212513075,maritime+waterways
8116,3207,2136,938,dry_bulk,delivers_same,same,0.06290453329150036,162.26805651016866,maritime+railways+waterways
8116,3208,2136,461,dry_bulk,gives_up,free,0.13051843128687768,162.26805651016866,maritime+waterways
8116,3209,2136,445,dry_bulk,gives_up,free,0.06038111155282366,255.15345494253944,maritime+waterways
8116,3211,2136,1270,dry_bulk,gives_up,free,0.11194273838714186,162.26805651016866,maritime+waterways
8116,3212,2136,741,dry_bulk,gives_up,free,0.13836923110775512,239.88742631175762,maritime+waterways
8116,3213,2136,1153,dry_bulk,gives_up,free,0.13396975814199563,294.1052702967373,maritime+waterways
8116,3218,2136,1469,dry_bulk,gives_up,free,0.14168941832973903,162.970781850793,maritime+waterways
8116,3219,2136,197,dry_bulk,gives_up,free,0.06482867074832721,214.047760214749,maritime+waterways
8116,3233,2136,1729,dry_bulk,delivers_same,same,0.14320769674243028,232.2852144292142,maritime+waterways
10314,2230,715,710,dry_bulk,gives_up,free,0.02052805093263621,54.58497928580952,waterways
10314,2237,715,2335,dry_bulk,gives_up,free,0.04539014306880507,90.08438448607423,waterways
2327,8100,1153,1119,dry_bulk,gives_up,free,0.1552385943821033,153.16108542838626,maritime+waterways
2417,5686,1729,2293,dry_bulk,delivers_same,same,0.1591872278071731,93.52802875626551,maritime+waterways
2518,GBR,1433,6478,dry_bulk,gives_up,free,0.27148824769283686,51.59648834662478,maritime+waterways
2518,6020,1433,2267,dry_bulk,gives_up,free,0.14745583944528406,51.59648834662478,maritime+waterways
2518,6056,1433,423,dry_bulk,gives_up,free,0.09588062599651415,173.40149861180618,maritime+waterways
2518,6354,1433,424,dry_bulk,gives_up,free,0.0914869491941257,127.86973245380737,maritime+waterways
4098,hh_218,1601,842,dry_bulk,gives_up,free,0.013511718983786114,88.1435574531788,waterways
5615,7753,681,1194,dry_bulk,delivers_same,same,0.046908986575425526,0.0,railways+waterways
5833,hh_237,733,1223,dry_bulk,gives_up,free,0.033396591189479574,27.23463066101856,waterways
5833,5739,733,2293,dry_bulk,gives_up,free,0.15678882606715105,41.21327627582113,maritime+waterways
5833,5783,733,8,dry_bulk,gives_up,free,0.18241861679557503,17.70240543860111,maritime+waterways
5833,5795,733,2293,dry_bulk,gives_up,free,0.15678882606715105,41.21327627582113,maritime+waterways
5833,5810,733,8,dry_bulk,gives_up,free,0.18241861679557503,17.70240543860111,maritime+waterways
5833,8120,733,1462,dry_bulk,gives_up,free,0.15162197538637412,119.09729015396232,maritime+waterways
5833,8182,733,1462,dry_bulk,gives_up,free,0.15162197538637412,119.09729015396232,maritime+waterways
5833,9709,733,1601,dry_bulk,gives_up,free,0.11134424933871623,17.70240543860111,waterways
5833,9723,733,1687,dry_bulk,gives_up,free,0.10130640153371906,18.527399644636596,waterways
5833,9732,733,1687,dry_bulk,gives_up,free,0.10130640153371906,18.527399644636596,waterways
5833,9743,733,2130,dry_bulk,gives_up,free,0.10293049153223222,17.70240543860111,waterways
5833,9759,733,1601,dry_bulk,gives_up,free,0.11134424933871623,17.70240543860111,waterways
5833,9782,733,2130,dry_bulk,gives_up,free,0.10293049153223222,17.70240543860111,waterways
5833,10197,733,1446,dry_bulk,gives_up,free,0.0787549888894814,69.46145211045908,waterways
2230,9666,710,1602,dry_bulk,gives_up,free,0.0945706302066085,18.462776185723687,waterways
2519,3757,710,2039,dry_bulk,gives_up,free,0.051261251623546,61.34374918701535,waterways
2519,5821,710,2293,dry_bulk,gives_up,free,0.1629374179786205,41.97364702294371,maritime+waterways
2519,6032,710,1805,dry_bulk,gives_up,free,0.07503581112516411,131.76866071817162,maritime+waterways
2519,6042,710,919,dry_bulk,gives_up,free,0.12265091019656116,26.717485167823483,maritime+waterways
2519,10042,710,1602,dry_bulk,gives_up,free,0.0945706302066085,18.462776185723687,waterways
2328,NOR,1153,2506,dry_bulk,gives_up,free,0.1700794429581307,131.83721378656864,maritime+waterways
6929,hh_220,2186,741,dry_bulk,gives_up,free,0.052616301851339475,159.26746224600058,maritime+waterways
6929,2608,2186,1469,dry_bulk,gives_up,free,0.11099669450015637,82.35081778503594,maritime+waterways
6929,2623,2186,1729,dry_bulk,delivers_same,same,0.113720429824262,151.66525036345712,maritime+waterways
63,hh_234,209,56,dry_bulk,gives_up,free,0.15169038782876543,15.300461024379937,waterways
63,hh_240,209,392,dry_bulk,gives_up,free,0.05503602547794051,26.719606510458476,waterways
2521,USA,938,6168,dry_bulk,delivers_same,same,0.08051725794077158,0.0,maritime+railways+waterways
2521,6021,938,615,dry_bulk,delivers_same,same,0.07560021394439742,0.0,maritime+railways+waterways
7739,2616,787,56,dry_bulk,gives_up,free,0.15340204418902448,0.0,waterways
2271,9383,461,1662,dry_bulk,gives_up,free,0.008415072246406918,2.733008462005067,maritime+waterways
2728,2088,624,1903,liquid_bulk,delivers_same,same,0.38046313925076136,105.25118614014254,waterways
2728,2415,624,1608,liquid_bulk,delivers_same,same,0.1744281305051274,105.25118614014254,waterways
2728,2928,624,392,liquid_bulk,delivers_same,same,0.2930404315681898,116.67033162622107,waterways
2728,3079,624,1608,liquid_bulk,delivers_same,same,0.1744281305051274,105.25118614014254,waterways
2728,3113,624,742,liquid_bulk,delivers_same,same,0.37455085836704183,135.51146855944873,waterways
2728,3232,624,392,liquid_bulk,delivers_same,same,0.2930404315681898,116.67033162622107,waterways
2728,3307,624,1608,liquid_bulk,delivers_same,same,0.1744281305051274,105.25118614014254,waterways
2728,3759,624,742,liquid_bulk,delivers_same,same,0.37455085836704183,135.51146855944873,waterways
2728,3839,624,1608,liquid_bulk,delivers_same,same,0.1744281305051274,105.25118614014254,waterways
2728,4145,624,1274,liquid_bulk,gives_up,free,0.007051114849462081,110.53839711118637,maritime+waterways
2728,5703,624,329,liquid_bulk,delivers_same,same,0.27642918414011874,153.12406281477757,maritime+waterways
2728,6400,624,2296,liquid_bulk,delivers_same,same,0.293327063861589,105.25118614014254,waterways
2728,9513,624,389,liquid_bulk,delivers_same,same,0.2831336042619894,126.86327064436303,waterways
2728,9514,624,389,liquid_bulk,delivers_same,same,0.2831336042619894,126.86327064436303,waterways
2728,9529,624,389,liquid_bulk,delivers_same,same,0.2831336042619894,126.86327064436303,waterways
2728,10066,624,1602,liquid_bulk,delivers_same,same,0.3428169514740038,105.25118614014254,waterways
2728,10091,624,998,liquid_bulk,delivers_same,same,0.3531328653142136,174.51969998260222,waterways
2728,12582,624,2048,liquid_bulk,delivers_same,same,0.16681860338236776,568.9375666909966,maritime+waterways
2728,12843,624,389,liquid_bulk,delivers_same,same,0.2831336042619894,126.86327064436303,waterways
5835,11710,681,1318,dry_bulk,gives_up,free,0.04541345458762924,427.1642914532611,waterways
5835,11717,681,295,dry_bulk,delivers_free,free,0.04341845493051477,86.2982105557009,railways+waterways
2278,NOR,461,2506,dry_bulk,gives_up,free,0.1162547626086543,0.0,maritime+waterways
2523,6350,445,1874,dry_bulk,gives_up,free,0.06910783601612414,151.20012736470792,maritime+waterways
9662,3,98,1424,dry_bulk,gives_up,free,0.05215198000390431,0.0,waterways
9662,5,98,820,dry_bulk,gives_up,free,0.10358176827837506,15.271361365704378,waterways
9662,6,98,1424,dry_bulk,gives_up,free,0.05215198000390431,0.0,waterways
9662,1258,98,2334,dry_bulk,gives_up,free,0.0022292145587043954,88.85748276211135,waterways
9662,5595,98,778,dry_bulk,gives_up,free,0.00016826219110588347,59.782190166966494,waterways
9662,5610,98,734,dry_bulk,gives_up,free,0.00018552984018915808,8.156375702061142,waterways
9662,7527,98,2029,dry_bulk,gives_up,free,0.06863248297748159,118.48355848240024,waterways
9662,7801,98,594,dry_bulk,gives_up,free,0.10191619701343524,99.12353481778077,waterways
9662,11635,98,722,dry_bulk,delivers_same,same,0.08563006535363327,60.588389074965086,railways+waterways
9662,12036,98,866,dry_bulk,gives_up,free,0.13028225920209002,10.087216369593914,waterways
9662,12072,98,866,dry_bulk,gives_up,free,0.13028225920209002,10.087216369593914,waterways
21,2622,2291,392,dry_bulk,gives_up,free,0.011493281222852536,31.044850294245187,waterways
2284,USA,445,6168,dry_bulk,gives_up,free,0.07850042792356904,92.88539843237076,maritime+waterways
2433,USA,1270,6168,dry_bulk,gives_up,free,0.14989550736920143,0.0,maritime+waterways
2525,5815,1270,1783,dry_bulk,gives_up,free,0.0006252630531264902,232.72833096965863,maritime+waterways
2317,MEA,841,6445,dry_bulk,gives_up,free,0.06965978758650948,85.0020292522239,maritime+waterways
2317,455,841,1819,dry_bulk,gives_up,free,0.013169207765390212,103.8835448836592,waterways
2434,10387,741,104,dry_bulk,gives_up,free,0.05937464939210746,235.03557733104614,maritime+waterways
2526,5273,741,1161,dry_bulk,gives_up,free,0.0893599025871783,167.58904396042493,maritime+waterways
2526,5820,741,2293,dry_bulk,gives_up,free,0.1526399281578159,101.13024063880897,maritime+waterways
2526,6015,741,64,dry_bulk,gives_up,free,0.031234578414195857,81.49063573748843,maritime+waterways
2397,2170,1153,783,dry_bulk,gives_up,free,0.009554891484219619,162.65738562633916,waterways
2397,9674,1153,666,dry_bulk,gives_up,free,0.0034138120006850237,143.8473414286233,waterways
9808,2517,1446,928,dry_bulk,gives_up,free,0.0749653366393701,59.127781317125205,waterways
2052,7740,829,642,dry_bulk,gives_up,free,0.012830384390828842,45.125217159015875,waterways
2409,2133,2039,699,dry_bulk,gives_up,free,0.057276180269551835,42.98203537525424,waterways
2409,2397,2039,1153,dry_bulk,gives_up,free,0.00415684931603133,174.7181867878603,waterways
2409,3167,2039,710,dry_bulk,gives_up,free,0.05126125162354578,61.34374918701534,waterways
2729,2310,738,1306,liquid_bulk,gives_up,free,0.0606621462349759,10.217174613143802,maritime+waterways
2729,2833,738,1433,liquid_bulk,gives_up,free,0.21383189696355176,12.516396792994422,maritime+waterways
2729,3203,738,928,liquid_bulk,gives_up,free,0.16786072765322935,17.585909258411036,maritime+waterways
2729,3393,738,928,liquid_bulk,gives_up,free,0.16786072765322935,17.585909258411036,maritime+waterways
2729,3674,738,1469,liquid_bulk,gives_up,free,0.1042811953564009,10.919899953768134,maritime+waterways
4339,1254,875,54,dry_bulk,gives_up,free,0.13598485286499562,273.0969413395542,maritime+waterways
4339,1262,875,2311,dry_bulk,gives_up,free,0.14613659758206143,259.7458130719793,maritime+waterways
4339,2121,875,699,dry_bulk,gives_up,free,0.18519131519517806,167.3062670924746,maritime+waterways
4339,2124,875,1728,dry_bulk,delivers_same,same,0.0902334365634272,259.1716750201827,maritime+waterways
4339,2257,875,624,dry_bulk,delivers_same,same,0.3460106845763622,272.4563908586546,maritime+waterways
4339,2270,875,461,dry_bulk,gives_up,free,0.12955775369802192,167.20520471851202,maritime+waterways
4339,2310,875,1306,dry_bulk,gives_up,free,0.1533276484782229,167.20520471851202,maritime+waterways
4339,2329,875,1269,dry_bulk,gives_up,free,0.18423733843749024,252.48780343751235,maritime+waterways
4339,2356,875,1449,dry_bulk,gives_up,free,0.12901700431515728,174.17791963917955,maritime+waterways
4339,2631,875,928,dry_bulk,gives_up,free,0.20428846086610974,174.57393936377926,maritime+waterways
4339,12037,875,1165,dry_bulk,gives_up,free,0.016837614059124206,212.05008479363613,maritime+waterways
2329,RUS,1269,6319,dry_bulk,gives_up,free,0.12962104833841992,85.28259871900035,maritime+waterways
2329,9667,1269,998,dry_bulk,delivers_same,same,0.7487047108765059,154.55111256146003,waterways
2329,11212,1269,674,dry_bulk,gives_up,free,0.18581271064218652,242.3209986059369,maritime+waterways
2329,12343,1269,1333,dry_bulk,gives_up,free,0.17104459749552192,85.28259871900035,maritime+waterways
2532,12930,1469,560,dry_bulk,gives_up,free,0.13266212255841325,13.131890102924626,maritime+waterways
22,2616,128,56,dry_bulk,gives_up,free,0.06709979977330227,0.0,waterways
2368,USA,862,6168,dry_bulk,gives_up,free,0.08454548715386179,91.90474031566727,maritime+waterways
2368,5258,862,299,dry_bulk,gives_up,free,0.045884152981508164,116.08226277114271,maritime+waterways
2405,1261,1722,793,dry_bulk,gives_up,free,0.040105662636270356,264.2377214413449,maritime+waterways
2405,2595,1722,710,dry_bulk,gives_up,free,0.02461426864628624,47.04795270220011,maritime+waterways
2405,2671,1722,710,dry_bulk,gives_up,free,0.02461426864628624,47.04795270220011,maritime+waterways
9646,2121,113,699,dry_bulk,gives_up,free,0.02988967393471853,0.10106237396258157,waterways
9646,2205,113,671,dry_bulk,gives_up,free,0.022006824693205695,0.0,waterways
9646,2230,113,710,dry_bulk,gives_up,free,0.07381151367593342,18.462776185723687,waterways
9646,2593,113,928,dry_bulk,gives_up,free,0.07440041566634492,7.368734645267233,waterways
9646,7738,113,789,dry_bulk,gives_up,free,0.19553257400202106,0.0,waterways
9646,7795,113,2089,dry_bulk,gives_up,free,0.17783247388685197,40.21893388459402,waterways
9646,11644,113,2249,dry_bulk,delivers_same,same,0.08828435653688183,0.0,railways+waterways
9646,11718,113,1318,dry_bulk,gives_up,free,0.034301533572719256,427.1642914532611,waterways
9646,12039,113,789,dry_bulk,gives_up,free,0.19553257400202106,0.0,waterways
9646,12041,113,132,dry_bulk,gives_up,free,0.08878835944322727,186.33860594112446,waterways
9884,2204,1786,930,liquid_bulk,delivers_same,same,0.43329811466465173,22.073152336909693,waterways
9884,2279,1786,461,liquid_bulk,gives_up,free,0.17853533074895056,7.868807313988823,waterways
9884,2284,1786,445,liquid_bulk,gives_up,free,0.08674435187767693,100.75420574635959,waterways
9884,2430,1786,461,liquid_bulk,gives_up,free,0.17853533074895056,7.868807313988823,waterways
9884,2431,1786,445,liquid_bulk,gives_up,free,0.08674435187767693,100.75420574635959,waterways
9884,2518,1786,1433,liquid_bulk,gives_up,free,0.27957545887793334,10.168029493839443,waterways
9884,2585,1786,1729,liquid_bulk,delivers_same,same,0.4107964326385005,77.88596523303433,waterways
9884,2595,1786,710,liquid_bulk,gives_up,free,0.2609371138508365,26.331583499712508,waterways
9884,2710,1786,1305,liquid_bulk,gives_up,free,0.21887216861203962,12.183051723286233,waterways
9884,2778,1786,1729,liquid_bulk,delivers_same,same,0.4107964326385005,77.88596523303433,waterways
9884,2833,1786,1433,liquid_bulk,gives_up,free,0.27957545887793334,10.168029493839443,waterways
9884,2842,1786,672,liquid_bulk,gives_up,free,0.2036503087225099,7.868807313988823,waterways
9884,2886,1786,1286,liquid_bulk,delivers_same,same,0.3725695662656796,132.1246801554372,waterways
9884,3212,1786,741,liquid_bulk,gives_up,free,0.20993488530026805,85.48817711557777,waterways
9884,3243,1786,710,liquid_bulk,gives_up,free,0.2609371138508365,26.331583499712508,waterways
9884,3244,1786,749,liquid_bulk,delivers_same,same,0.16548055259813244,10.58277831557566,railways+waterways
9884,3257,1786,197,liquid_bulk,gives_up,free,0.16896738709157777,59.648511018569145,waterways
9884,3284,1786,461,liquid_bulk,gives_up,free,0.17853533074895056,7.868807313988823,waterways
9884,3285,1786,445,liquid_bulk,gives_up,free,0.08674435187767693,100.75420574635959,waterways
9884,3332,1786,1469,liquid_bulk,gives_up,free,0.2119901375323341,8.571532654613154,waterways
9884,3360,1786,461,liquid_bulk,gives_up,free,0.17853533074895056,7.868807313988823,waterways
9884,3370,1786,1469,liquid_bulk,gives_up,free,0.2119901375323341,8.571532654613154,waterways
9884,3401,1786,1270,liquid_bulk,gives_up,free,0.148461002730796,7.868807313988823,waterways
9884,3479,1786,1153,liquid_bulk,gives_up,free,0.17353891900927398,76.73873033505667,waterways
9884,3523,1786,197,liquid_bulk,gives_up,free,0.16896738709157777,59.648511018569145,waterways
9884,3777,1786,938,liquid_bulk,delivers_same,same,0.16261305681078841,7.868807313988823,railways+waterways
9884,3778,1786,461,liquid_bulk,gives_up,free,0.17853533074895056,7.868807313988823,waterways
9884,3779,1786,445,liquid_bulk,gives_up,free,0.08674435187767693,100.75420574635959,waterways
9884,3783,1786,1153,liquid_bulk,gives_up,free,0.17353891900927398,76.73873033505667,waterways
9884,3788,1786,1469,liquid_bulk,gives_up,free,0.2119901375323341,8.571532654613154,waterways
9884,3826,1786,1469,liquid_bulk,gives_up,free,0.2119901375323341,8.571532654613154,waterways
9884,3865,1786,197,liquid_bulk,gives_up,free,0.16896738709157777,59.648511018569145,waterways
9884,3941,1786,197,liquid_bulk,gives_up,free,0.16896738709157777,59.648511018569145,waterways
9884,4031,1786,1729,liquid_bulk,delivers_same,same,0.4107964326385005,77.88596523303433,waterways
2413,1266,1223,2312,dry_bulk,gives_up,free,0.05667317246093995,108.8577084881309,waterways
2413,1319,1223,2335,dry_bulk,gives_up,free,0.06094662635092285,63.49440660840584,waterways
2383,1305,1559,2335,dry_bulk,gives_up,free,0.011683612249246078,194.58079760946535,waterways
5616,7991,93,1051,dry_bulk,gives_up,free,0.08004916973939658,72.01452310042205,waterways
2047,1252,2039,778,dry_bulk,gives_up,free,0.11774180878162022,102.66316316825815,waterways
2047,7989,2039,1006,dry_bulk,gives_up,free,0.010074889325469183,98.78458574784649,waterways
2410,1262,56,2311,dry_bulk,gives_up,free,0.02514450749616204,92.54060835346725,waterways
2410,2229,56,360,dry_bulk,gives_up,free,0.028008459784538253,2.747899980959438,waterways
2540,1292,56,2347,dry_bulk,gives_up,free,0.025499541974557838,84.91636886507443,waterways
2540,7780,56,1006,dry_bulk,gives_up,free,0.10556286593463349,55.90361274655484,waterways
9388,2233,796,53,dry_bulk,gives_up,free,0.1082142910768773,270.3727929973094,maritime+waterways
9388,2238,796,671,dry_bulk,gives_up,free,0.18251749556605112,121.8716243022273,maritime+waterways
9388,2244,796,2024,dry_bulk,gives_up,free,0.07380857508957539,311.50868664403146,maritime+waterways
9388,2319,796,1286,dry_bulk,delivers_same,same,0.3851040393069898,309.0947879091765,maritime+waterways
9388,2324,796,673,dry_bulk,gives_up,free,0.1263845019716483,196.1762538556165,maritime+waterways
9388,2366,796,889,dry_bulk,gives_up,free,0.13990980190920954,121.8716243022273,maritime+waterways
9388,2596,796,749,dry_bulk,gives_up,free,0.07182917811774625,317.39048904336613,maritime+waterways
9,hh_235,1959,742,dry_bulk,gives_up,free,0.12178478020064132,40.2426350583262,waterways
2411,11734,742,1318,dry_bulk,gives_up,free,0.07027497415072492,456.5349707808147,waterways
2541,1290,742,2311,dry_bulk,gives_up,free,0.021777211555932263,121.91128768102085,waterways
23,hh_236,2074,1465,dry_bulk,gives_up,free,0.01436147625858486,16.946013082987758,waterways
2542,1294,1465,2312,dry_bulk,gives_up,free,0.054685440868507795,99.32548326571344,waterways
2414,103,196,1158,dry_bulk,gives_up,free,0.0017127602357920324,70.71450491988625,waterways
2466,1425,418,793,dry_bulk,gives_up,free,0.018036826034488973,301.9743115361583,waterways
2455,USA,1729,6168,dry_bulk,delivers_same,same,0.19780242847851848,70.0171579190455,maritime+waterways
2547,5401,1729,1091,dry_bulk,delivers_same,same,0.16771569355856375,70.0171579190455,maritime+waterways
2547,6343,1729,697,dry_bulk,delivers_same,same,0.1967829966453567,78.35149756424907,maritime+waterways
2547,6352,1729,329,dry_bulk,delivers_same,same,0.167701580763695,117.89003459368055,maritime+waterways
2547,12794,1729,1161,dry_bulk,delivers_same,same,0.14842389180121485,159.9868320778815,maritime+waterways
9635,83,2130,643,dry_bulk,gives_up,free,0.10964113164270217,174.7559421330397,waterways
9635,87,2130,438,dry_bulk,gives_up,free,0.03363728744081107,229.93431122247475,waterways
9635,1643,2130,128,dry_bulk,gives_up,free,0.14095094662534868,0.0,waterways
9635,11636,2130,723,dry_bulk,delivers_same,same,0.09889198677460409,194.6660088117403,railways+waterways
2423,1317,549,793,dry_bulk,delivers_same,same,0.6418040408574288,302.24011289537157,waterways
2423,2236,549,2302,dry_bulk,delivers_same,same,0.8473288113864412,75.13256180602178,waterways
2553,1348,549,793,dry_bulk,delivers_same,same,0.6418040408574288,302.24011289537157,waterways
2553,1441,549,2312,dry_bulk,delivers_same,same,0.751175531440778,165.91305123621655,waterways
4088,2672,1274,749,dry_bulk,gives_up,free,0.005310825995719748,227.1101162029845,maritime+waterways
4113,2833,1274,1433,dry_bulk,gives_up,free,0.05613503522799235,83.18773980847044,maritime+waterways
4113,2843,1274,1307,dry_bulk,gives_up,free,0.03219597699755483,31.591251461845673,maritime+waterways
4113,2846,1274,1448,dry_bulk,gives_up,free,0.0903860090676607,31.591251461845673,maritime+waterways
2310,AFR,1306,6142,dry_bulk,gives_up,free,0.19656981639959992,0.0,maritime+waterways
2238,AFR,671,6142,dry_bulk,gives_up,free,0.22208762443339114,0.0,maritime+waterways
2355,AFR,611,6142,dry_bulk,gives_up,free,0.16769493312506278,13.439123510952633,maritime+waterways
2285,AFR,460,6142,dry_bulk,gives_up,free,0.15007697198785674,2.4222279732939214,maritime+waterways
2285,12339,460,16,dry_bulk,gives_up,free,0.017566901203846186,2.4222279732939214,maritime+waterways
2316,AFR,1109,6142,dry_bulk,gives_up,free,0.20298193675904175,24.289232740958152,maritime+waterways
2367,AFR,862,6142,dry_bulk,gives_up,free,0.07714180276316696,91.90474031566727,maritime+waterways
2727,1284,783,2335,liquid_bulk,gives_up,free,0.23199755023957613,53.962181385988394,maritime+waterways
2727,2387,783,928,liquid_bulk,gives_up,free,0.23908997107585317,7.368734645267233,maritime+waterways
2727,2947,783,1153,liquid_bulk,gives_up,free,0.15473538242130802,68.86992302106785,maritime+waterways
2727,3327,783,1153,liquid_bulk,gives_up,free,0.15473538242130802,68.86992302106785,maritime+waterways
2727,3408,783,1469,liquid_bulk,gives_up,free,0.17462900369777068,0.7027253406243322,maritime+waterways
2727,3613,783,1729,liquid_bulk,delivers_same,same,0.34883989582445385,70.0171579190455,maritime+waterways
2727,3700,783,749,liquid_bulk,delivers_same,same,0.13239246783567293,2.7139710015868355,maritime+railways+waterways
2727,3774,783,1433,liquid_bulk,gives_up,free,0.2360175206722266,2.2992221798506205,maritime+waterways
2727,3978,783,1469,liquid_bulk,gives_up,free,0.17462900369777068,0.7027253406243322,maritime+waterways
2731,1294,893,2312,liquid_bulk,gives_up,free,0.18301422283447044,101.59708859981043,maritime+waterways
2731,2428,893,749,liquid_bulk,delivers_same,same,0.13170073274551286,4.98557633568382,maritime+railways+waterways
2731,2669,893,928,liquid_bulk,gives_up,free,0.2211157176876266,9.640339979364217,maritime+waterways
2731,2975,893,928,liquid_bulk,gives_up,free,0.2211157176876266,9.640339979364217,maritime+waterways
2731,3105,893,197,liquid_bulk,gives_up,free,0.05383991394340182,54.05130903867731,maritime+waterways
2731,3219,893,197,liquid_bulk,gives_up,free,0.05383991394340182,54.05130903867731,maritime+waterways
2731,3555,893,1153,liquid_bulk,gives_up,free,0.15389199537335152,71.14152835516484,maritime+waterways
2731,3586,893,749,liquid_bulk,delivers_same,same,0.13170073274551286,4.98557633568382,maritime+railways+waterways
2731,3588,893,461,liquid_bulk,gives_up,free,0.027042133818642844,2.271605334096985,maritime+waterways
4351,2218,1700,2038,dry_bulk,delivers_same,same,0.1105278906414946,76.98134359942236,maritime+railways+waterways
4351,2236,1700,2302,dry_bulk,delivers_same,same,0.0010033167769498696,36.22907126816687,maritime+railways+waterways
4351,2274,1700,460,dry_bulk,delivers_same,same,0.08827729059236455,30.106305405942123,maritime+railways+waterways
4351,2285,1700,460,dry_bulk,delivers_same,same,0.08827729059236455,30.106305405942123,maritime+railways+waterways
5343,2735,165,1272,dry_bulk,gives_up,free,0.15035743996863005,23.089060830638804,maritime+waterways
5343,2738,165,1272,dry_bulk,gives_up,free,0.15035743996863005,23.089060830638804,maritime+waterways
5343,2742,165,1272,dry_bulk,gives_up,free,0.15035743996863005,23.089060830638804,maritime+waterways
5343,2745,165,624,dry_bulk,delivers_same,same,0.3761343333036504,119.22250159855284,maritime+waterways
5343,2826,165,1552,dry_bulk,gives_up,free,0.10954138397910462,39.641384147226546,maritime+waterways
5343,2828,165,1447,dry_bulk,gives_up,free,0.16026398731692648,13.971315458410306,maritime+waterways
5343,2833,165,1433,dry_bulk,gives_up,free,0.15176550589607962,65.56780380503508,maritime+waterways
5343,2836,165,1153,dry_bulk,gives_up,free,0.13695883432357858,145.80852924497896,maritime+waterways
5343,2837,165,2022,dry_bulk,gives_up,free,0.015966799325122016,13.971315458410306,maritime+waterways
5343,2840,165,285,dry_bulk,gives_up,free,0.18201094091760028,30.02946077577996,maritime+waterways
5343,2842,165,672,dry_bulk,gives_up,free,0.14765734494247917,76.9386062239111,maritime+waterways
5343,2843,165,1307,dry_bulk,gives_up,free,0.18335103826700094,13.971315458410306,maritime+waterways
5343,2846,165,1448,dry_bulk,gives_up,free,0.16463269257723412,13.971315458410306,maritime+waterways
5343,2848,165,53,dry_bulk,gives_up,free,0.11442183001743289,162.47248415349242,maritime+waterways
5343,2855,165,1269,dry_bulk,gives_up,free,0.1009616039438872,99.25391417741065,maritime+waterways
5343,2856,165,1322,dry_bulk,gives_up,free,0.22845745701846742,13.971315458410306,maritime+waterways
5343,2861,165,672,dry_bulk,gives_up,free,0.14765734494247917,76.9386062239111,maritime+waterways
5343,2862,165,673,dry_bulk,gives_up,free,0.14578269248644915,88.27594501179951,maritime+waterways
5343,2863,165,1109,dry_bulk,gives_up,free,0.177867541914694,38.26054819936846,maritime+waterways
5343,2864,165,1532,dry_bulk,gives_up,free,0.006322176633373866,29.483829866997915,maritime+waterways
5343,2865,165,1270,dry_bulk,gives_up,free,0.00643363504086536,13.971315458410306,maritime+waterways
5343,2872,165,283,dry_bulk,gives_up,free,0.18585988146269106,13.971315458410306,maritime+waterways
5343,2873,165,282,dry_bulk,gives_up,free,0.16985540771533492,13.971315458410306,maritime+waterways
5343,2885,165,970,dry_bulk,gives_up,free,0.17494365091828046,13.971315458410306,maritime+waterways
5343,2886,165,1286,dry_bulk,delivers_same,same,0.40624485307160474,201.19447906535947,maritime+waterways
5343,2899,165,928,dry_bulk,gives_up,free,0.22633886364187772,21.34005010367754,maritime+waterways
5343,2900,165,1433,dry_bulk,gives_up,free,0.15176550589607962,65.56780380503508,maritime+waterways
5343,2901,165,710,dry_bulk,gives_up,free,0.17097031661771322,32.43409164413399,maritime+waterways
5343,2902,165,749,dry_bulk,gives_up,free,0.08593856500561903,209.49018019954912,maritime+waterways
5343,2904,165,461,dry_bulk,gives_up,free,0.018841068580616183,13.971315458410306,maritime+waterways
5343,2907,165,1270,dry_bulk,gives_up,free,0.00643363504086536,13.971315458410306,maritime+waterways
5343,2908,165,741,dry_bulk,gives_up,free,0.09424610629648011,91.59068525999926,maritime+waterways
5343,2909,165,1153,dry_bulk,gives_up,free,0.13695883432357858,145.80852924497896,maritime+waterways
5343,2914,165,1469,dry_bulk,gives_up,free,0.15654529273503792,14.674040799034637,maritime+waterways
5343,2915,165,197,dry_bulk,gives_up,free,0.05358084348928038,65.75101916299063,maritime+waterways
5343,2929,165,1729,dry_bulk,delivers_same,same,0.1571961873991019,83.9884733774558,maritime+waterways
5343,3279,165,928,dry_bulk,gives_up,free,0.22633886364187772,21.34005010367754,maritime+waterways
5343,3280,165,1433,dry_bulk,gives_up,free,0.15176550589607962,65.56780380503508,maritime+waterways
5343,3281,165,710,dry_bulk,gives_up,free,0.17097031661771322,32.43409164413399,maritime+waterways
5343,3282,165,749,dry_bulk,gives_up,free,0.08593856500561903,209.49018019954912,maritime+waterways
5343,3284,165,461,dry_bulk,gives_up,free,0.018841068580616183,13.971315458410306,maritime+waterways
5343,3287,165,1270,dry_bulk,gives_up,free,0.00643363504086536,13.971315458410306,maritime+waterways
5343,3288,165,741,dry_bulk,gives_up,free,0.09424610629648011,91.59068525999926,maritime+waterways
5343,3289,165,1153,dry_bulk,gives_up,free,0.13695883432357858,145.80852924497896,maritime+waterways
5343,3294,165,1469,dry_bulk,gives_up,free,0.15654529273503792,14.674040799034637,maritime+waterways
5343,3295,165,197,dry_bulk,gives_up,free,0.05358084348928038,65.75101916299063,maritime+waterways
5343,3309,165,1729,dry_bulk,delivers_same,same,0.1571961873991019,83.9884733774558,maritime+waterways
5755,5949,1874,360,dry_bulk,gives_up,free,0.028902211211058626,61.0626289132966,maritime+waterways
5755,6725,1874,733,dry_bulk,gives_up,free,0.05254180065145775,76.01713437093828,maritime+waterways
5759,6374,424,733,dry_bulk,gives_up,free,0.041626580037097405,93.9756495457837,maritime+waterways
11249,2885,212,970,dry_bulk,gives_up,free,0.1465216783605494,171.77689995565638,maritime+waterways
11249,2886,212,1286,dry_bulk,delivers_same,same,0.3700459059301937,359.00006356260553,maritime+waterways
5776,2846,1364,1448,dry_bulk,gives_up,free,0.09201838576502297,14.714636218686488,maritime+waterways
5783,2859,8,1023,dry_bulk,delivers_free,free,0.07153716517837205,67.18813138719159,maritime+railways+waterways
5783,3056,8,461,dry_bulk,gives_up,free,0.1626048839383758,0.0,maritime+waterways
5788,2865,1783,1270,dry_bulk,gives_up,free,0.0006252630531264902,232.72833096965863,maritime+waterways
8119,2886,1120,1286,dry_bulk,delivers_same,same,0.42156733469672325,257.7360176895749,maritime+waterways
9802,8667,1687,867,dry_bulk,delivers_same,same,0.03015450299102751,32.704859695166434,railways+waterways
9719,8669,1687,869,dry_bulk,delivers_same,same,0.029252829915723533,8.425764836918997,railways+waterways
9784,1331,698,2305,dry_bulk,gives_up,free,0.10801775203707642,111.93223185039228,waterways
9805,8585,1525,1711,dry_bulk,delivers_same,same,0.007733673521813422,0.0,railways+waterways
9805,8676,1525,794,dry_bulk,delivers_same,same,0.007599353312600421,25.46390069256463,railways+waterways
9732,12257,1687,253,dry_bulk,delivers_same,same,0.044543156179665866,11.431047777297943,railways+waterways
9798,8898,1688,147,dry_bulk,gives_up,free,0.09879413526618874,292.4425486672598,waterways
9755,12246,1687,253,dry_bulk,delivers_same,same,0.044543156179665866,11.431047777297943,railways+waterways
9702,12259,2201,253,dry_bulk,delivers_same,same,0.01347434470811093,10.606053571262459,railways+waterways
9752,8658,1687,794,dry_bulk,delivers_same,same,0.030845790947819918,26.288894898600113,railways+waterways
9752,12285,1687,253,dry_bulk,delivers_same,same,0.044543156179665866,11.431047777297943,railways+waterways
9733,8900,1687,868,dry_bulk,delivers_same,same,0.08650337649545636,46.75586628256087,railways+waterways
9739,12732,1687,2305,dry_bulk,gives_up,free,0.13924441549904398,91.44986653443277,waterways
953,2609,366,197,dry_bulk,gives_up,free,0.041229922979949096,281.84751751454337,maritime+waterways
4459,2885,610,970,dry_bulk,gives_up,free,0.1469117578206489,110.52290935120027,maritime+waterways
4459,2886,610,1286,dry_bulk,delivers_same,same,0.37084201216248447,297.7460729581494,maritime+waterways
4459,5779,610,733,dry_bulk,gives_up,free,0.13849373265266496,128.22531478980136,maritime+waterways
12784,2828,1161,1447,dry_bulk,gives_up,free,0.15051563891549247,89.96967415883599,maritime+waterways
12784,2843,1161,1307,dry_bulk,gives_up,free,0.17296173925355696,89.96967415883599,maritime+waterways
12784,2846,1161,1448,dry_bulk,gives_up,free,0.15463112701390935,89.96967415883599,maritime+waterways
12784,2848,1161,53,dry_bulk,gives_up,free,0.10906028997250705,238.4708428539181,maritime+waterways
12784,2855,1161,1269,dry_bulk,gives_up,free,0.09576724563226979,175.25227287783633,maritime+waterways
12784,2856,1161,1322,dry_bulk,gives_up,free,0.2155024707190687,89.96967415883599,maritime+waterways
12784,2861,1161,672,dry_bulk,gives_up,free,0.14013522701638492,152.93696492433676,maritime+waterways
12784,2862,1161,673,dry_bulk,gives_up,free,0.13844561776791697,164.27430371222516,maritime+waterways
12784,2863,1161,1109,dry_bulk,gives_up,free,0.16807378091428027,114.25890689979414,maritime+waterways
12784,2865,1161,1270,dry_bulk,gives_up,free,0.006105269200652019,89.96967415883599,maritime+waterways
12784,2872,1161,283,dry_bulk,gives_up,free,0.17495635010769806,89.96967415883599,maritime+waterways
12784,2873,1161,282,dry_bulk,gives_up,free,0.15985432306919312,89.96967415883599,maritime+waterways
12784,3281,1161,710,dry_bulk,gives_up,free,0.16156453085751665,108.43245034455967,maritime+waterways
12784,3282,1161,749,dry_bulk,gives_up,free,0.08210726341015162,285.4885388999748,maritime+waterways
12784,3284,1161,461,dry_bulk,gives_up,free,0.01793840998235341,89.96967415883599,maritime+waterways
12784,3289,1161,1153,dry_bulk,gives_up,free,0.13046328162351717,221.80688794540458,maritime+waterways
12784,3295,1161,197,dry_bulk,gives_up,free,0.050552348500473965,141.7493778634163,maritime+waterways
12784,3309,1161,1729,dry_bulk,delivers_same,same,0.14842389180121485,159.9868320778815,maritime+waterways
5586,7740,207,642,dry_bulk,gives_up,free,0.03473273182531611,185.34966764365538,maritime+waterways
5782,3205,1874,710,dry_bulk,gives_up,free,0.05906908199907246,76.77750511806084,maritime+waterways
5782,3309,1874,1729,dry_bulk,delivers_same,same,0.16867783629445365,128.33188685138265,maritime+waterways
12398,2520,2048,749,dry_bulk,gives_up,free,0.06826841783533588,659.2052452919929,maritime+waterways
12398,2527,2048,1153,dry_bulk,gives_up,free,0.10301321011079723,595.5235943374228,maritime+waterways
12389,2526,42,741,dry_bulk,gives_up,free,0.0980264218551603,114.4321928344161,maritime+waterways
12389,2532,42,1469,dry_bulk,gives_up,free,0.16387761249638566,37.515548373451466,maritime+waterways
12389,2828,42,1447,dry_bulk,gives_up,free,0.16793488810863866,36.81282303282713,maritime+waterways
12389,2833,42,1433,dry_bulk,gives_up,free,0.1582798318221097,88.4093113794519,maritime+waterways
12389,2836,42,1153,dry_bulk,gives_up,free,0.14194306355123265,168.65003681939578,maritime+waterways
12389,2840,42,285,dry_bulk,gives_up,free,0.1901976719745937,52.87096835019679,maritime+waterways
12389,2842,42,672,dry_bulk,gives_up,free,0.1534671876095639,99.78011379832792,maritime+waterways
12389,2843,42,1307,dry_bulk,gives_up,free,0.19146204801112998,36.81282303282713,maritime+waterways
12389,2855,42,1269,dry_bulk,gives_up,free,0.10497735281141662,122.09542175182747,maritime+waterways
12389,2856,42,1322,dry_bulk,gives_up,free,0.23857233885181484,36.81282303282713,maritime+waterways
12389,2864,42,1532,dry_bulk,gives_up,free,0.0065669610805656475,52.325337441414746,maritime+waterways
12389,2865,42,1270,dry_bulk,gives_up,free,0.006687299697706761,36.81282303282713,maritime+waterways
12389,2872,42,283,dry_bulk,gives_up,free,0.19440464657363932,36.81282303282713,maritime+waterways
12389,2885,42,970,dry_bulk,gives_up,free,0.18261587129269308,36.81282303282713,maritime+waterways
2315,GBR,1307,6478,dry_bulk,gives_up,free,0.33575511030653127,0.0,maritime+waterways
2268,GBR,1154,6478,dry_bulk,delivers_same,same,0.6102437214570877,198.8748319059288,maritime+waterways
2031,0,784,643,dry_bulk,gives_up,free,0.002029596848525772,174.7559421330397,waterways
2031,2699,784,1729,dry_bulk,delivers_same,same,0.23385552530596976,70.0171579190455,waterways
2031,2861,784,672,dry_bulk,gives_up,free,0.011093287284709152,62.967290765500785,waterways
5777,2856,172,1322,dry_bulk,gives_up,free,0.07361423634406883,0.0,waterways
9382,2129,331,1552,dry_bulk,gives_up,free,0.09058919589558423,250.56168668439238,maritime+waterways
9382,2133,331,699,dry_bulk,gives_up,free,0.1708003694544693,224.9926803695387,maritime+waterways
9382,2207,331,929,dry_bulk,gives_up,free,0.13495077097456232,264.9717162142184,maritime+waterways
9382,2215,331,1269,dry_bulk,gives_up,free,0.07542745089153247,310.17421671457646,maritime+waterways
9382,2219,331,2067,dry_bulk,gives_up,free,0.13474752874910312,264.3328961252156,maritime+waterways
9382,2232,331,53,dry_bulk,gives_up,free,0.09826837509246,373.3927866906582,maritime+waterways
9382,2235,331,53,dry_bulk,gives_up,free,0.09826837509246,373.3927866906582,maritime+waterways
9382,2318,331,1109,dry_bulk,gives_up,free,0.14886305415040924,249.18085073653427,maritime+waterways
9382,2359,331,780,dry_bulk,gives_up,free,0.1173663801458007,224.89161799557613,maritime+waterways
9382,2595,331,710,dry_bulk,gives_up,free,0.14311205461058796,243.35439418129982,maritime+waterways
9382,2603,331,1153,dry_bulk,gives_up,free,0.10808356759130433,356.72883178214477,maritime+waterways
9382,2608,331,1469,dry_bulk,gives_up,free,0.1291493257804497,225.59434333620047,maritime+waterways
12396,2519,238,710,dry_bulk,gives_up,free,0.1810527525975374,18.462776185723687,maritime+waterways
12396,2522,238,461,dry_bulk,gives_up,free,0.019793822010958584,0.0,maritime+waterways
12396,2525,238,1270,dry_bulk,gives_up,free,0.006782582059903675,0.0,maritime+waterways
12396,2533,238,197,dry_bulk,gives_up,free,0.056837975861111945,51.77970370458033,maritime+waterways
12396,2547,238,1729,dry_bulk,delivers_same,same,0.1666158888748137,70.0171579190455,maritime+waterways
12396,2826,238,1552,dry_bulk,gives_up,free,0.1165148172702648,25.670068688816244,maritime+waterways
12396,2837,238,2022,dry_bulk,gives_up,free,0.016793517908660904,0.0,maritime+waterways
12396,2846,238,1448,dry_bulk,gives_up,free,0.1754903354214521,0.0,maritime+waterways
12396,2848,238,53,dry_bulk,gives_up,free,0.12006810254140277,148.5011686950821,maritime+waterways
12396,2861,238,672,dry_bulk,gives_up,free,0.1556492658162114,62.967290765500785,maritime+waterways
12396,2863,238,1109,dry_bulk,gives_up,free,0.18836696802969155,24.289232740958152,maritime+waterways
12396,2873,238,282,dry_bulk,gives_up,free,0.180667613629389,0.0,maritime+waterways
12396,2886,238,1286,dry_bulk,delivers_same,same,0.42538868694952314,187.22316360694916,maritime+waterways
952,2623,366,1729,dry_bulk,delivers_same,same,0.09148536376533212,300.08497172900854,maritime+waterways
2312,MEA,841,6445,dry_bulk,gives_up,free,0.06965978758650948,85.0020292522239,maritime+waterways
2129,MEA,1552,6445,dry_bulk,gives_up,free,0.09944463478809995,25.670068688816244,maritime+waterways
2108,7992,590,385,dry_bulk,gives_up,free,0.08359880716565904,180.60917220208472,waterways
2363,MEA,197,6445,dry_bulk,gives_up,free,0.0649347715688382,51.77970370458032,maritime+waterways
2363,ROW,197,6712,dry_bulk,gives_up,free,0.06409431258584397,51.77970370458032,maritime+waterways
2282,RUS,461,6319,dry_bulk,gives_up,free,0.023703160493765196,0.0,maritime+waterways
2130,MEA,699,6445,dry_bulk,gives_up,free,0.0113274918308226,0.10106237396258157,maritime+waterways
5786,2833,424,1433,dry_bulk,gives_up,free,0.09148694919412637,127.86973245380736,maritime+waterways
5786,2864,424,1532,dry_bulk,gives_up,free,0.12418510070128441,91.7857585157702,maritime+waterways
8118,2885,936,970,dry_bulk,gives_up,free,0.16348475019710995,118.43812254048244,maritime+waterways
12397,2517,2048,928,dry_bulk,gives_up,free,0.1521618739632773,471.0551151961214,maritime+waterways
12397,2518,2048,1433,dry_bulk,gives_up,free,0.1027071171192595,515.2828688974789,maritime+waterways
12397,2862,2048,673,dry_bulk,gives_up,free,0.10764212455573685,537.9910101042433,maritime+waterways
2322,NOR,1153,2506,dry_bulk,gives_up,free,0.1700794429581307,131.83721378656864,maritime+waterways
2068,7990,222,1005,dry_bulk,gives_up,free,0.062387465037256895,213.39469402774378,waterways
4358,2306,1225,1269,dry_bulk,gives_up,free,0.1230881716009884,99.87321823639988,maritime+waterways
4358,2636,1225,461,dry_bulk,gives_up,free,0.0203285844697334,14.590619517399531,maritime+waterways
5784,2745,329,624,dry_bulk,delivers_same,same,0.39631277692065714,153.12406281477757,maritime+waterways
5784,2837,329,2022,dry_bulk,gives_up,free,0.14943621640245808,47.872876674635044,maritime+waterways
5784,2840,329,285,dry_bulk,gives_up,free,0.1945989026072259,63.9310219920047,maritime+waterways
5784,2899,329,928,dry_bulk,gives_up,free,0.24158928659192558,55.241611319902276,maritime+waterways
5784,3013,329,928,dry_bulk,gives_up,free,0.24158928659192558,55.241611319902276,maritime+waterways
5784,3043,329,1729,dry_bulk,delivers_same,same,0.16770158076369546,117.89003459368054,maritime+waterways
5784,3061,329,1153,dry_bulk,gives_up,free,0.15307120246284533,179.71009046120366,maritime+waterways
5784,3081,329,1729,dry_bulk,delivers_same,same,0.16770158076369546,117.89003459368054,maritime+waterways
2124,ROW,1728,6712,dry_bulk,delivers_same,same,0.08999633156959885,91.96647030167068,maritime+waterways
2364,ROW,197,6712,dry_bulk,gives_up,free,0.06409431258584397,51.77970370458032,maritime+waterways
2053,1309,2275,469,dry_bulk,gives_up,free,0.09805989424388328,226.2836077669077,waterways
5626,7749,696,1266,dry_bulk,gives_up,free,0.003077610494249594,449.2431399525014,maritime+waterways
9718,8439,1687,867,dry_bulk,delivers_same,same,0.03015450299102751,32.704859695166434,railways+waterways
2210,RUS,1322,6319,dry_bulk,gives_up,free,0.3026143560882044,0.0,maritime+waterways
2210,11224,1322,980,dry_bulk,gives_up,free,0.22876343869559124,45.04454059162396,maritime+waterways
2277,RUS,461,6319,dry_bulk,gives_up,free,0.023703160493765196,0.0,maritime+waterways
2277,5255,461,2139,dry_bulk,gives_up,free,0.017048678859582722,141.52092435315603,maritime+waterways
2277,11222,461,1216,dry_bulk,gives_up,free,0.1448618414131615,29.519113464024958,maritime+waterways
2215,RUS,1269,6319,dry_bulk,gives_up,free,0.12962104833841992,85.28259871900035,maritime+waterways
2489,3205,2039,710,dry_bulk,gives_up,free,0.05126125162354578,61.34374918701534,waterways
2489,3213,2039,1153,dry_bulk,gives_up,free,0.00415684931603133,174.7181867878603,waterways
5779,4656,733,1229,dry_bulk,gives_up,free,0.1718217955598187,17.70240543860111,maritime+waterways
2354,5876,612,2293,dry_bulk,gives_up,free,0.1803443268794669,23.51087083722002,maritime+waterways
2354,11656,612,974,dry_bulk,gives_up,free,0.0934521343709549,0.0,maritime+waterways
4344,2129,193,1552,dry_bulk,gives_up,free,0.08239905024791261,362.71861048404406,maritime+waterways
4344,2243,193,672,dry_bulk,gives_up,free,0.12187769618550348,400.0158325607286,maritime+waterways
4344,2282,193,461,dry_bulk,gives_up,free,0.1117644969850018,337.04854179522783,maritime+waterways
4344,2403,193,197,dry_bulk,gives_up,free,0.05416420259823651,388.8282454998082,maritime+waterways
4344,2430,193,461,dry_bulk,gives_up,free,0.1117644969850018,337.04854179522783,maritime+waterways
4344,2431,193,445,dry_bulk,gives_up,free,0.05193448329115147,429.9339402275986,maritime+waterways
4344,2434,193,741,dry_bulk,gives_up,free,0.11714955437835028,414.66791159681674,maritime+waterways
46,USA,1158,6168,dry_bulk,gives_up,free,0.05758957268098808,3.7288462901362767,maritime+waterways
2227,USA,2067,6168,dry_bulk,gives_up,free,0.19539883475048647,39.44127812963945,maritime+waterways
2359,USA,780,6168,dry_bulk,gives_up,free,0.18371489766883076,0.0,maritime+waterways
2273,USA,2022,6168,dry_bulk,gives_up,free,0.1720373383974314,0.0,maritime+waterways
2273,9836,2022,111,dry_bulk,gives_up,free,0.0008182592562058222,24.266704474097814,waterways
2281,USA,445,6168,dry_bulk,gives_up,free,0.07850042792356904,92.88539843237076,maritime+waterways
2231,USA,710,6168,dry_bulk,gives_up,free,0.2017195656658588,18.462776185723687,maritime+waterways
2231,2484,710,1246,dry_bulk,gives_up,free,0.02931311311470397,18.613798428516716,waterways
2231,2606,710,640,dry_bulk,gives_up,free,0.04528393936851738,19.677578929195764,waterways
2440,USA,1469,6168,dry_bulk,gives_up,free,0.20078976840423435,0.7027253406243322,maritime+waterways
4345,2204,1033,930,dry_bulk,delivers_same,same,0.1345430153528484,48.943511061088486,maritime+railways+waterways
4345,2214,1033,673,dry_bulk,delivers_same,same,0.12857982085294895,99.6492750635498,maritime+railways+waterways
4345,2215,1033,1269,dry_bulk,delivers_same,same,0.1804132734726056,110.62724422916094,maritime+railways+waterways
4345,2272,1033,462,dry_bulk,delivers_same,same,0.06049238435535087,62.75961132177931,maritime+railways+waterways
4345,2281,1033,445,dry_bulk,delivers_same,same,0.1194824683179101,118.23004394253137,maritime+railways+waterways
4345,2315,1033,1307,dry_bulk,delivers_free,free,0.14942660657190965,25.3446455101606,maritime+railways+waterways
4345,2321,1033,1286,dry_bulk,delivers_same,same,0.10525183622267953,212.56780911710976,maritime+railways+waterways
4345,2389,1033,710,dry_bulk,delivers_same,same,0.13190575854355635,43.80742169588429,maritime+railways+waterways
5599,2370,1298,1540,dry_bulk,gives_up,free,0.014667687966732457,143.71903260746214,maritime+waterways
5599,7993,1298,1135,dry_bulk,gives_up,free,0.0036320707543517905,228.30474113444544,maritime+waterways
12343,2609,1333,197,dry_bulk,gives_up,free,0.06374586867533139,51.77970370458033,maritime+waterways
4349,2314,426,500,dry_bulk,gives_up,free,0.13331219416756723,247.88715224263186,maritime+waterways
66,2739,820,1450,dry_bulk,gives_up,free,0.121804083717314,15.271361365704378,waterways
66,3225,820,2039,dry_bulk,gives_up,free,0.06536295317770602,58.15233436699604,waterways
66,10046,820,140,dry_bulk,gives_up,free,0.20045403284502794,15.271361365704378,waterways
2051,8,1077,209,dry_bulk,gives_up,free,0.09690215998727036,34.28667361022775,waterways
2051,23,1077,2074,dry_bulk,gives_up,free,0.05556263850130372,35.93222566883558,waterways
2051,1258,1077,2334,dry_bulk,gives_up,free,0.09899732950015805,107.84369534795917,waterways
4347,2426,374,1433,dry_bulk,gives_up,free,0.06426857941341457,223.97338307171339,maritime+waterways
4347,3547,374,710,dry_bulk,gives_up,free,0.04738704280680084,190.83967091081232,maritime+waterways
4347,3561,374,197,dry_bulk,gives_up,free,0.056512247184674624,224.15659842966895,maritime+waterways
9660,10,2252,209,dry_bulk,gives_up,free,0.1929652609627539,15.300461024379937,waterways
9660,1250,2252,2310,dry_bulk,gives_up,free,0.08546006227460667,85.04640323471926,waterways
9660,1308,2252,2312,dry_bulk,gives_up,free,0.08348675122138038,99.32548326571344,waterways
4338,84,913,820,dry_bulk,delivers_same,same,0.009758194886657634,140.61823540981604,maritime+railways+waterways
4338,1253,913,2336,dry_bulk,delivers_same,same,0.08140267691503733,180.28088093262494,maritime+railways+waterways
4367,2269,408,460,dry_bulk,gives_up,free,0.07909080001907642,73.8345335667947,maritime+waterways
9651,17,1690,821,dry_bulk,gives_up,free,0.12348207432535596,140.35596806400432,waterways
9651,2325,1690,673,dry_bulk,gives_up,free,0.025504880413122155,74.30462955338919,waterways
2048,20,2274,462,dry_bulk,gives_up,free,0.013221222417638678,37.41496581161871,waterways
2048,7737,2274,683,dry_bulk,gives_up,free,0.04294810526209769,52.68489267690218,waterways
4342,22,739,128,dry_bulk,delivers_same,same,0.07517586314459201,7.242079966746996,maritime+railways+waterways
4342,2213,739,1109,dry_bulk,delivers_free,free,0.1423125454752976,31.531312707705148,maritime+railways+waterways
4342,2247,739,624,dry_bulk,delivers_free,free,0.09027673552687543,112.49326610688954,maritime+railways+waterways
2211,11229,928,181,dry_bulk,delivers_same,same,0.2192639417017883,7.368734645267233,maritime+railways+waterways
2412,35,1465,643,dry_bulk,gives_up,free,0.03677770274048742,174.7559421330397,waterways
2412,1320,1465,2347,dry_bulk,gives_up,free,0.05605894973782366,84.91636886507443,waterways
2412,1322,1465,2312,dry_bulk,gives_up,free,0.054685440868507795,99.32548326571344,waterways
5619,84,964,820,dry_bulk,gives_up,free,0.04884193140025084,71.49376133071729,maritime+waterways
5619,2130,964,699,dry_bulk,gives_up,free,0.13338655311971337,56.323462338975496,maritime+waterways
5619,2322,964,1153,dry_bulk,gives_up,free,0.1277979109066334,188.05961375158154,maritime+waterways
5619,2355,964,611,dry_bulk,gives_up,free,0.15718976197025736,69.66152347596554,maritime+waterways
5619,2356,964,1449,dry_bulk,gives_up,free,0.15578981376559864,63.19511488568042,maritime+waterways
8295,2132,2013,1728,dry_bulk,delivers_same,same,0.07249133500949978,236.8162084166043,maritime+waterways
11636,9837,723,140,dry_bulk,delivers_same,same,0.11610094602486187,194.6660088117403,railways+waterways
443,2593,957,928,dry_bulk,gives_up,free,0.06762512013806199,7.368734645267233,waterways
2133,2481,699,1937,dry_bulk,gives_up,free,0.056818154656883335,46.963025917300065,waterways
449,2600,1819,842,dry_bulk,gives_up,free,0.0006451910026066265,107.02507308461409,waterways
9645,1248,349,2316,dry_bulk,gives_up,free,0.07098909101317186,206.58573082156985,waterways
2132,11273,1728,1725,dry_bulk,delivers_same,same,0.10321878692694941,115.6197390456764,maritime+waterways
2087,1249,586,793,dry_bulk,gives_up,free,0.03626376717186641,235.65254492486844,waterways
4350,2206,193,672,dry_bulk,gives_up,free,0.12187769618550348,400.0158325607286,maritime+waterways
4350,2364,193,197,dry_bulk,gives_up,free,0.05416420259823651,388.8282454998082,maritime+waterways
4350,2637,193,445,dry_bulk,gives_up,free,0.05193448329115147,429.9339402275986,maritime+waterways
4350,3550,193,461,dry_bulk,gives_up,free,0.1117644969850018,337.04854179522783,maritime+waterways
5623,2303,423,501,dry_bulk,gives_up,free,0.11680715178624346,151.13165627709532,maritime+waterways
5600,2223,186,285,dry_bulk,gives_up,free,0.03244315862141378,140.96891686473995,maritime+waterways
2207,4253,929,1274,dry_bulk,gives_up,free,0.056120404584793615,71.67134968048792,maritime+waterways
8288,2593,1344,928,dry_bulk,gives_up,free,0.00020587839288133125,11.830904570335987,maritime+waterways
5620,2270,960,461,dry_bulk,gives_up,free,0.11346428071241088,151.36900186246422,maritime+waterways
8313,2306,2011,1269,dry_bulk,gives_up,free,0.023592236185397075,88.98235702546702,maritime+waterways
2318,9534,1109,514,dry_bulk,gives_up,free,0.19257961403593504,26.10921680650598,maritime+waterways
2318,11659,1109,973,dry_bulk,gives_up,free,0.07439770686080749,24.289232740958152,maritime+waterways
4369,2219,373,2067,dry_bulk,gives_up,free,0.10964210211815706,241.11002528708278,maritime+waterways
4369,2229,373,360,dry_bulk,gives_up,free,0.01777635204755379,204.41664713840274,maritime+waterways
4369,2325,373,673,dry_bulk,gives_up,free,0.0648227554395473,275.9733767108325,maritime+waterways
4343,2351,913,1469,dry_bulk,delivers_same,same,0.20591074185003166,126.04959938473598,maritime+railways+waterways
4343,2593,913,928,dry_bulk,delivers_same,same,0.2627096860288012,132.71560868937888,maritime+railways+waterways
4343,2639,913,1270,dry_bulk,delivers_free,free,0.09255831130331726,125.34687404411166,maritime+railways+waterways
4343,3549,913,938,dry_bulk,delivers_same,same,0.008319435849474699,125.34687404411166,maritime+railways+waterways
5629,5860,204,733,dry_bulk,gives_up,free,0.11614823573574795,23.89331997325849,maritime+waterways
5671,5625,733,10,dry_bulk,gives_up,free,0.18349642260365173,21.70141672672341,maritime+waterways
5671,9668,733,562,dry_bulk,gives_up,free,0.08541026526752749,37.47467312177066,waterways
5803,2869,1364,740,dry_bulk,gives_up,free,0.027918013515479734,144.00241755879097,maritime+waterways
5804,3279,172,928,dry_bulk,gives_up,free,0.07269396852512089,7.368734645267233,waterways
2319,8101,1286,1815,dry_bulk,delivers_same,same,0.42385627808562343,232.62754607992295,maritime+waterways
2538,1351,1299,2347,dry_bulk,gives_up,free,0.016532373655469446,104.05391444492837,waterways
5809,1437,1874,2311,dry_bulk,gives_up,free,0.031640351903049924,150.85533728580438,maritime+waterways
5809,2840,1874,285,dry_bulk,gives_up,free,0.1839220754631461,74.37287424970681,maritime+waterways
5809,5949,1874,360,dry_bulk,gives_up,free,0.028902211211058626,61.0626289132966,maritime+waterways
4364,2308,82,1270,dry_bulk,gives_up,free,0.1181394639704545,14.609643449961865,maritime+waterways
4364,2647,82,197,dry_bulk,gives_up,free,0.068811994725817,66.3893471545422,maritime+waterways
12041,2080,132,1056,dry_bulk,gives_up,free,0.09161326254581015,186.33860594112443,waterways
12041,2088,132,1903,dry_bulk,gives_up,free,0.0033149715550893077,186.33860594112443,waterways
12041,2108,132,590,dry_bulk,gives_up,free,0.06367951674788097,186.33860594112443,waterways
10324,2210,650,1322,dry_bulk,gives_up,free,0.03272131571350956,153.11373304555056,maritime+waterways
2308,4087,1270,619,dry_bulk,gives_up,free,0.08972917955160176,14.164745372620624,maritime+waterways
10328,2318,313,1109,dry_bulk,gives_up,free,0.00016483987735771422,220.7309284961519,maritime+waterways
9642,7736,112,2090,dry_bulk,gives_up,free,0.18030461952527665,29.96382095408677,waterways
4086,2304,286,501,dry_bulk,gives_up,free,0.015285096237514617,42.26067516064086,maritime+waterways
4086,2329,286,1269,dry_bulk,gives_up,free,0.1248269545157683,98.21662786772728,maritime+waterways
4086,2602,286,741,dry_bulk,gives_up,free,0.01388507029203967,90.55339895031591,maritime+waterways
4086,2608,286,1469,dry_bulk,gives_up,free,0.1251777094982376,13.636754489351281,maritime+waterways
2314,5869,500,1783,dry_bulk,gives_up,free,0.03356799990420978,280.90134048265656,maritime+waterways
2314,9385,500,330,dry_bulk,gives_up,free,0.14799916168345773,210.16153289635355,maritime+waterways
2314,11278,500,2293,dry_bulk,gives_up,free,0.17488118845387413,71.68388035021796,maritime+waterways
5639,2249,424,1023,dry_bulk,delivers_same,same,0.061988020818810385,143.46137549437418,maritime+railways+waterways
9385,2212,330,1269,dry_bulk,gives_up,free,0.08938264822245134,247.271122102356,maritime+waterways
9385,2304,330,501,dry_bulk,gives_up,free,0.005537714159229212,191.31516939526955,maritime+waterways
9385,2313,330,841,dry_bulk,gives_up,free,0.06775892812196438,246.99055263557955,maritime+waterways
9385,2327,330,1153,dry_bulk,gives_up,free,0.12240347810246344,293.82573716992425,maritime+waterways
9385,2368,330,862,dry_bulk,gives_up,free,0.04034806159167914,253.89326369902292,maritime+waterways
9385,2598,330,461,dry_bulk,gives_up,free,0.016819643573591447,161.98852338335564,maritime+waterways
2358,8099,1306,533,dry_bulk,gives_up,free,0.16547163836615297,130.70441313567832,maritime+waterways
2389,2048,710,2274,dry_bulk,gives_up,free,0.07664013362100919,18.462776185723687,waterways
2389,2095,710,1223,dry_bulk,gives_up,free,0.013012925284500598,27.995001408141135,waterways
2402,4133,1469,2243,dry_bulk,gives_up,free,0.03264093538871449,89.07956947637821,maritime+waterways
2402,5667,1469,697,dry_bulk,gives_up,free,0.1874657608253374,9.037064985827904,maritime+waterways
2402,5678,1469,424,dry_bulk,gives_up,free,0.16350467600451668,76.97596944780692,maritime+waterways
2402,5685,1469,2293,dry_bulk,gives_up,free,0.15867558040876228,24.21359617784435,maritime+waterways
2055,2527,1894,1153,dry_bulk,gives_up,free,0.014120754165410476,131.8372137865686,waterways
2072,7526,1450,1599,dry_bulk,gives_up,free,0.004137886422257431,192.89012639442223,waterways
5645,2365,251,197,dry_bulk,delivers_same,same,0.038046220975656686,80.35112545175858,maritime+railways+waterways
5601,2211,833,928,dry_bulk,gives_up,free,0.11310121711148469,92.18412153164988,maritime+waterways
5601,2273,833,2022,dry_bulk,gives_up,free,0.15217388885877825,84.81538688638264,maritime+waterways
9389,2210,518,1322,dry_bulk,gives_up,free,0.17683015491600362,278.8004073520604,maritime+waterways
9389,2227,518,2067,dry_bulk,gives_up,free,0.12567753333057974,318.24168548169985,maritime+waterways
9389,2356,518,1449,dry_bulk,gives_up,free,0.10990309382428998,285.7731222727279,maritime+waterways
9389,2364,518,197,dry_bulk,gives_up,free,0.04150485214595112,330.58011105664076,maritime+waterways
2121,11220,699,203,dry_bulk,gives_up,free,0.16860173697492398,241.91540957212663,maritime+waterways
2126,2508,1553,2118,dry_bulk,gives_up,free,0.03785447872223946,0.0,waterways
10331,2126,478,1553,dry_bulk,delivers_free,free,0.022583275556406823,0.0,maritime+railways+waterways
8293,2127,1637,1552,dry_bulk,gives_up,free,0.05112120099024042,103.74039218378601,maritime+waterways
2128,11626,1272,1022,dry_bulk,gives_up,free,0.06886299864210299,81.28670585772385,maritime+waterways
5580,7739,1235,787,dry_bulk,gives_up,free,0.02295219370913304,175.92058906743077,waterways
2205,11209,671,200,dry_bulk,gives_up,free,0.20478292985596958,33.57997345438643,maritime+waterways
2223,8523,285,1343,dry_bulk,gives_up,free,0.014211913209849714,16.05814531736965,maritime+waterways
2223,11219,285,229,dry_bulk,gives_up,free,0.17933319250183355,99.04851287587931,maritime+waterways
2306,9634,1269,1324,dry_bulk,gives_up,free,0.04696732085157951,87.17760679211645,waterways
2229,2867,360,56,dry_bulk,gives_up,free,0.028008459784538475,2.747899980959438,waterways
2229,11211,360,1909,dry_bulk,gives_up,free,0.21246395174692068,11.67684172888632,maritime+waterways
2229,11223,360,2206,dry_bulk,gives_up,free,0.15267211014480497,38.8103181200979,maritime+waterways
2229,11227,360,1075,dry_bulk,gives_up,free,0.1314219754432766,134.83526253025153,maritime+waterways
2236,2784,2302,549,dry_bulk,delivers_same,same,0.8473288113864408,75.1325618060218,waterways
2236,9671,2302,1687,dry_bulk,gives_up,free,0.1603607770189921,9.369988041554151,waterways
2236,11225,2302,724,dry_bulk,gives_up,free,0.10765425869468226,101.59868905929532,maritime+waterways
2239,11226,52,455,dry_bulk,gives_up,free,0.16497612496248215,163.67279178248322,maritime+waterways
4323,2277,545,461,dry_bulk,gives_up,free,0.14527031109072364,70.45935623392995,maritime+waterways
2324,9381,673,155,dry_bulk,delivers_free,free,0.0771312801144548,133.06716188293456,maritime+railways+waterways
2564,5768,741,2293,dry_bulk,gives_up,free,0.1526399281578159,101.13024063880897,maritime+waterways
2564,11714,741,975,dry_bulk,gives_up,free,0.04746162712752211,184.82519786251385,maritime+waterways
12339,2596,16,749,dry_bulk,gives_up,free,0.09391941051657748,195.51886474113883,maritime+waterways
12332,2598,42,461,dry_bulk,gives_up,free,0.01953432517869924,36.81282303282713,maritime+waterways
5806,5741,733,2293,dry_bulk,gives_up,free,0.15678882606715105,41.21327627582113,maritime+waterways
5806,9811,733,562,dry_bulk,gives_up,free,0.08541026526752749,37.47467312177066,waterways
8453,2921,868,2039,dry_bulk,delivers_same,same,0.12690489091680845,88.81184507781705,railways+waterways
8459,3066,364,1469,dry_bulk,gives_up,free,0.09931429399903169,102.21184741545086,maritime+waterways
8471,3035,1905,2039,dry_bulk,delivers_same,same,0.09308276846897079,120.148324009985,railways+waterways
5725,6304,733,424,dry_bulk,gives_up,free,0.04162658003709696,93.97564954578371,maritime+waterways
5741,6297,2293,733,dry_bulk,gives_up,free,0.15678882606715083,41.21327627582113,maritime+waterways
9637,11642,1601,593,dry_bulk,gives_up,free,0.0244767359938296,384.1517761676482,waterways
