# links whose baseline route crosses rhine_mainz_koblenz; definition: any
# built 2026-09-21T21:34:10 from EU_logistic_routes.pkl (modified 2026-09-17T09:24:01); stage fingerprint: {'hash': 'add769
# counts {'total': 5746, 'dry_bulk': 3583, 'liquid_bulk': 2124, 'container': 39}; matches the extraction of 17 Sep 2026: True
seller_id,buyer_id,cargo_type,n_routes
1002,3013,dry_bulk,1
1002,3051,dry_bulk,1
1002,3060,dry_bulk,1
1002,3066,dry_bulk,1
1002,3279,dry_bulk,1
1002,3288,dry_bulk,1
1002,hh_226,dry_bulk,1
1002,hh_227,dry_bulk,1
1002,hh_241,dry_bulk,1
1003,2869,dry_bulk,1
1003,3294,dry_bulk,1
1005,2863,dry_bulk,1
1006,2735,dry_bulk,1
1006,2738,dry_bulk,1
1006,2742,dry_bulk,1
1006,2826,dry_bulk,1
1006,2828,dry_bulk,1
1006,2840,dry_bulk,1
1006,2846,dry_bulk,1
1006,2856,dry_bulk,1
1006,2872,dry_bulk,1
1006,2873,dry_bulk,1
1006,3022,dry_bulk,1
1006,3028,dry_bulk,1
1006,3029,dry_bulk,1
1006,3043,dry_bulk,1
1006,3067,dry_bulk,1
1006,3081,dry_bulk,1
1006,3295,dry_bulk,1
1006,3309,dry_bulk,1
1006,hh_211,dry_bulk,1
1006,hh_220,dry_bulk,1
1007,2843,dry_bulk,1
1012,hh_211,dry_bulk,1
1012,hh_220,dry_bulk,1
1012,hh_226,dry_bulk,1
1012,hh_227,dry_bulk,1
1012,hh_241,dry_bulk,1
10313,2229,dry_bulk,1
10314,2230,dry_bulk,1
10314,2237,dry_bulk,1
10324,2210,dry_bulk,1
10325,2354,dry_bulk,1
10328,2318,dry_bulk,1
10330,2215,dry_bulk,1
10330,2355,dry_bulk,1
10330,2360,dry_bulk,1
10330,2602,dry_bulk,1
10331,2126,dry_bulk,1
10335,2316,dry_bulk,1
10376,2389,dry_bulk,1
10386,2594,dry_bulk,1
10603,2425,liquid_bulk,1
10603,2426,liquid_bulk,1
10603,2427,liquid_bulk,1
10603,2440,liquid_bulk,1
10603,2455,liquid_bulk,1
10603,2720,liquid_bulk,1
10603,2735,liquid_bulk,1
10603,2742,liquid_bulk,1
10603,2786,liquid_bulk,1
10603,2787,liquid_bulk,1
10603,2788,liquid_bulk,1
10603,2801,liquid_bulk,1
10603,2802,liquid_bulk,1
10603,2816,liquid_bulk,1
10603,3317,liquid_bulk,1
10603,3318,liquid_bulk,1
10603,3319,liquid_bulk,1
10603,3332,liquid_bulk,1
10603,3333,liquid_bulk,1
10603,3347,liquid_bulk,1
10603,3355,liquid_bulk,1
10603,3356,liquid_bulk,1
10603,3357,liquid_bulk,1
10603,3370,liquid_bulk,1
10603,3371,liquid_bulk,1
10603,3385,liquid_bulk,1
10603,3431,liquid_bulk,1
10603,3432,liquid_bulk,1
10603,3433,liquid_bulk,1
10603,3446,liquid_bulk,1
10603,3447,liquid_bulk,1
10603,3461,liquid_bulk,1
10603,hh_113,liquid_bulk,1
10603,hh_211,liquid_bulk,1
10603,hh_212,liquid_bulk,1
10603,hh_213,liquid_bulk,1
10603,hh_226,liquid_bulk,1
10603,hh_227,liquid_bulk,1
10603,hh_241,liquid_bulk,1
10604,2441,liquid_bulk,1
10604,2738,liquid_bulk,1
10604,2789,liquid_bulk,1
10604,34,liquid_bulk,1
10604,3434,liquid_bulk,1
11212,hh_227,dry_bulk,1
11214,hh_113,dry_bulk,1
11214,hh_211,dry_bulk,1
11214,hh_212,dry_bulk,1
11214,hh_215,dry_bulk,1
11214,hh_216,dry_bulk,1
11214,hh_217,dry_bulk,1
11214,hh_219,dry_bulk,1
11214,hh_220,dry_bulk,1
11214,hh_221,dry_bulk,1
11214,hh_226,dry_bulk,1
11214,hh_241,dry_bulk,1
11220,hh_213,dry_bulk,1
11249,2885,dry_bulk,1
11249,2886,dry_bulk,1
11252,6347,dry_bulk,1
11261,2720,dry_bulk,1
11261,2724,dry_bulk,1
11261,2726,dry_bulk,1
11261,2728,dry_bulk,1
11261,3203,dry_bulk,1
11261,3204,dry_bulk,1
11261,3207,dry_bulk,1
11261,3208,dry_bulk,1
11261,3211,dry_bulk,1
11261,3213,dry_bulk,1
11261,3218,dry_bulk,1
11261,3233,dry_bulk,1
11261,6297,dry_bulk,1
11261,6347,dry_bulk,1
11261,hh_113,dry_bulk,1
11261,hh_211,dry_bulk,1
11261,hh_212,dry_bulk,1
11261,hh_213,dry_bulk,1
11261,hh_215,dry_bulk,1
11261,hh_216,dry_bulk,1
11261,hh_217,dry_bulk,1
11261,hh_219,dry_bulk,1
11261,hh_220,dry_bulk,1
11261,hh_221,dry_bulk,1
11261,hh_226,dry_bulk,1
11261,hh_227,dry_bulk,1
11261,hh_241,dry_bulk,1
11263,3205,dry_bulk,1
11263,3209,dry_bulk,1
11263,3219,dry_bulk,1
11264,3212,dry_bulk,1
11303,6401,liquid_bulk,1
11303,hh_113,liquid_bulk,1
115,2719,liquid_bulk,1
115,2721,liquid_bulk,1
115,2725,liquid_bulk,1
115,2739,liquid_bulk,1
115,2740,liquid_bulk,1
115,2746,liquid_bulk,1
115,2809,liquid_bulk,1
115,2814,liquid_bulk,1
115,3340,liquid_bulk,1
115,3345,liquid_bulk,1
115,3378,liquid_bulk,1
115,3379,liquid_bulk,1
115,3384,liquid_bulk,1
115,hh_234,liquid_bulk,1
115,hh_235,liquid_bulk,1
11632,2621,dry_bulk,1
11634,9842,dry_bulk,1
11634,hh_233,dry_bulk,1
11634,hh_239,dry_bulk,1
11634,hh_240,dry_bulk,1
11635,523,dry_bulk,1
11636,9837,dry_bulk,1
11637,2620,dry_bulk,1
11637,2622,dry_bulk,1
11637,519,dry_bulk,1
11637,521,dry_bulk,1
11637,524,dry_bulk,1
11637,526,dry_bulk,1
11637,9835,dry_bulk,1
11638,9840,dry_bulk,1
11638,9841,dry_bulk,1
11638,hh_234,dry_bulk,1
11638,hh_235,dry_bulk,1
11638,hh_238,dry_bulk,1
11642,529,dry_bulk,1
11642,hh_236,dry_bulk,1
11710,10000,dry_bulk,1
11710,10003,dry_bulk,1
11710,10004,dry_bulk,1
11710,10202,dry_bulk,1
11710,10205,dry_bulk,1
11710,2719,dry_bulk,1
11710,2725,dry_bulk,1
11710,5753,dry_bulk,1
11710,5835,dry_bulk,1
11710,6348,dry_bulk,1
11710,6349,dry_bulk,1
11710,9690,dry_bulk,1
11710,9692,dry_bulk,1
11710,9693,dry_bulk,1
11710,9697,dry_bulk,1
11710,9700,dry_bulk,1
11710,9701,dry_bulk,1
11710,9703,dry_bulk,1
11710,9704,dry_bulk,1
11710,9713,dry_bulk,1
11710,9716,dry_bulk,1
11710,9722,dry_bulk,1
11710,9725,dry_bulk,1
11710,9726,dry_bulk,1
11710,9727,dry_bulk,1
11710,9729,dry_bulk,1
11710,9730,dry_bulk,1
11710,9731,dry_bulk,1
11710,9735,dry_bulk,1
11710,9737,dry_bulk,1
11710,9738,dry_bulk,1
11710,9741,dry_bulk,1
11710,9743,dry_bulk,1
11710,9748,dry_bulk,1
11710,9751,dry_bulk,1
11710,9753,dry_bulk,1
11710,9756,dry_bulk,1
11710,9757,dry_bulk,1
11710,9758,dry_bulk,1
11710,9759,dry_bulk,1
11710,9761,dry_bulk,1
11710,9763,dry_bulk,1
11710,9766,dry_bulk,1
11710,9767,dry_bulk,1
11710,9768,dry_bulk,1
11710,9770,dry_bulk,1
11710,9771,dry_bulk,1
11710,9772,dry_bulk,1
11710,9774,dry_bulk,1
11710,9775,dry_bulk,1
11710,9776,dry_bulk,1
11710,9790,dry_bulk,1
11710,9791,dry_bulk,1
11710,9796,dry_bulk,1
11710,9797,dry_bulk,1
11710,9798,dry_bulk,1
11710,9802,dry_bulk,1
11710,9804,dry_bulk,1
11710,9823,dry_bulk,1
11710,9827,dry_bulk,1
11710,9831,dry_bulk,1
11710,9881,dry_bulk,1
11710,9994,dry_bulk,1
11710,9997,dry_bulk,1
11710,9998,dry_bulk,1
11710,hh_234,dry_bulk,1
11710,hh_236,dry_bulk,1
11717,10001,dry_bulk,1
11717,10002,dry_bulk,1
11717,10198,dry_bulk,1
11717,10199,dry_bulk,1
11717,10200,dry_bulk,1
11717,10204,dry_bulk,1
11717,10208,dry_bulk,1
11717,5754,dry_bulk,1
11717,6298,dry_bulk,1
11717,6299,dry_bulk,1
11717,9689,dry_bulk,1
11717,9691,dry_bulk,1
11717,9694,dry_bulk,1
11717,9698,dry_bulk,1
11717,9699,dry_bulk,1
11717,9702,dry_bulk,1
11717,9709,dry_bulk,1
11717,9710,dry_bulk,1
11717,9712,dry_bulk,1
11717,9714,dry_bulk,1
11717,9717,dry_bulk,1
11717,9718,dry_bulk,1
11717,9719,dry_bulk,1
11717,9721,dry_bulk,1
11717,9723,dry_bulk,1
11717,9728,dry_bulk,1
11717,9739,dry_bulk,1
11717,9747,dry_bulk,1
11717,9749,dry_bulk,1
11717,9754,dry_bulk,1
11717,9755,dry_bulk,1
11717,9762,dry_bulk,1
11717,9765,dry_bulk,1
11717,9769,dry_bulk,1
11717,9773,dry_bulk,1
11717,9777,dry_bulk,1
11717,9779,dry_bulk,1
11717,9780,dry_bulk,1
11717,9783,dry_bulk,1
11717,9784,dry_bulk,1
11717,9792,dry_bulk,1
11717,9794,dry_bulk,1
11717,9795,dry_bulk,1
11717,9799,dry_bulk,1
11717,9803,dry_bulk,1
11717,9807,dry_bulk,1
11717,9824,dry_bulk,1
11717,9884,dry_bulk,1
11717,9999,dry_bulk,1
11717,hh_114,dry_bulk,1
11717,hh_115,dry_bulk,1
11717,hh_235,dry_bulk,1
11717,hh_238,dry_bulk,1
11717,hh_239,dry_bulk,1
11717,hh_240,dry_bulk,1
12036,2045,dry_bulk,1
12036,2052,dry_bulk,1
12036,2059,dry_bulk,1
12036,2061,dry_bulk,1
12036,2065,dry_bulk,1
12036,2077,dry_bulk,1
12036,2084,dry_bulk,1
12036,2102,dry_bulk,1
12036,2106,dry_bulk,1
12036,2137,dry_bulk,1
12036,hh_234,dry_bulk,1
12036,hh_235,dry_bulk,1
12036,hh_240,dry_bulk,1
12037,2048,dry_bulk,1
12037,2051,dry_bulk,1
12037,2053,dry_bulk,1
12037,2054,dry_bulk,1
12037,2067,dry_bulk,1
12037,2068,dry_bulk,1
12037,2069,dry_bulk,1
12037,2072,dry_bulk,1
12037,2074,dry_bulk,1
12037,2076,dry_bulk,1
12037,2079,dry_bulk,1
12037,2087,dry_bulk,1
12037,2089,dry_bulk,1
12037,2109,dry_bulk,1
12037,2112,dry_bulk,1
12037,2113,dry_bulk,1
12037,2114,dry_bulk,1
12037,2117,dry_bulk,1
12037,2141,dry_bulk,1
12037,2615,dry_bulk,1
12037,2616,dry_bulk,1
12037,2617,dry_bulk,1
12037,hh_239,dry_bulk,1
12038,2066,dry_bulk,1
12038,2081,dry_bulk,1
12038,2097,dry_bulk,1
12038,2100,dry_bulk,1
12038,2111,dry_bulk,1
12038,2621,dry_bulk,1
12038,hh_238,dry_bulk,1
12039,2050,dry_bulk,1
12039,2056,dry_bulk,1
12039,2057,dry_bulk,1
12039,2075,dry_bulk,1
12039,2078,dry_bulk,1
12039,2085,dry_bulk,1
12039,2104,dry_bulk,1
12039,2105,dry_bulk,1
12039,2119,dry_bulk,1
12039,2170,dry_bulk,1
12039,2620,dry_bulk,1
12039,2622,dry_bulk,1
12040,2071,dry_bulk,1
12041,2080,dry_bulk,1
12041,2088,dry_bulk,1
12041,2108,dry_bulk,1
12043,2070,dry_bulk,1
12044,hh_233,dry_bulk,1
12044,hh_235,dry_bulk,1
12044,hh_236,dry_bulk,1
12044,hh_238,dry_bulk,1
12044,hh_239,dry_bulk,1
12045,hh_234,dry_bulk,1
12045,hh_240,dry_bulk,1
12048,hh_105,dry_bulk,1
12048,hh_106,dry_bulk,1
12048,hh_109,dry_bulk,1
12048,hh_110,dry_bulk,1
12048,hh_111,dry_bulk,1
12048,hh_112,dry_bulk,1
12048,hh_114,dry_bulk,1
12048,hh_115,dry_bulk,1
12048,hh_116,dry_bulk,1
12048,hh_117,dry_bulk,1
12048,hh_118,dry_bulk,1
12048,hh_119,dry_bulk,1
12048,hh_120,dry_bulk,1
12048,hh_188,dry_bulk,1
12048,hh_189,dry_bulk,1
12048,hh_235,dry_bulk,1
12048,hh_236,dry_bulk,1
12048,hh_238,dry_bulk,1
12048,hh_239,dry_bulk,1
12048,hh_240,dry_bulk,1
12048,hh_83,dry_bulk,1
12048,hh_84,dry_bulk,1
12048,hh_85,dry_bulk,1
12048,hh_86,dry_bulk,1
12048,hh_89,dry_bulk,1
12049,hh_234,dry_bulk,1
12052,3226,dry_bulk,1
12052,3227,dry_bulk,1
12052,3230,dry_bulk,1
12052,hh_233,dry_bulk,1
12052,hh_234,dry_bulk,1
12052,hh_235,dry_bulk,1
12052,hh_236,dry_bulk,1
12052,hh_238,dry_bulk,1
12052,hh_239,dry_bulk,1
12052,hh_240,dry_bulk,1
12053,3231,dry_bulk,1
12053,3232,dry_bulk,1
12064,10045,dry_bulk,1
12064,10047,dry_bulk,1
12064,10049,dry_bulk,1
12064,10051,dry_bulk,1
12064,2740,dry_bulk,1
12064,2741,dry_bulk,1
12064,2829,dry_bulk,1
12064,2830,dry_bulk,1
12064,2851,dry_bulk,1
12064,2854,dry_bulk,1
12064,2867,dry_bulk,1
12064,2881,dry_bulk,1
12064,3302,dry_bulk,1
12064,3303,dry_bulk,1
12064,3306,dry_bulk,1
12064,3308,dry_bulk,1
12064,hh_233,dry_bulk,1
12064,hh_234,dry_bulk,1
12064,hh_235,dry_bulk,1
12064,hh_236,dry_bulk,1
12064,hh_239,dry_bulk,1
12064,hh_240,dry_bulk,1
12065,10041,dry_bulk,1
12065,10043,dry_bulk,1
12065,10044,dry_bulk,1
12065,10050,dry_bulk,1
12065,10052,dry_bulk,1
12065,2739,dry_bulk,1
12065,2746,dry_bulk,1
12065,2853,dry_bulk,1
12065,2857,dry_bulk,1
12065,2858,dry_bulk,1
12065,2874,dry_bulk,1
12065,2884,dry_bulk,1
12065,2892,dry_bulk,1
12065,3304,dry_bulk,1
12065,3307,dry_bulk,1
12065,hh_238,dry_bulk,1
12067,2736,dry_bulk,1
12067,2876,dry_bulk,1
12086,2736,liquid_bulk,1
12086,2740,liquid_bulk,1
12086,2741,liquid_bulk,1
12086,2809,liquid_bulk,1
12086,2810,liquid_bulk,1
12086,2814,liquid_bulk,1
12086,2815,liquid_bulk,1
12086,hh_235,liquid_bulk,1
12248,10204,dry_bulk,1
12248,9690,dry_bulk,1
12248,9711,dry_bulk,1
12248,9712,dry_bulk,1
12248,9719,dry_bulk,1
12248,9720,dry_bulk,1
12248,9721,dry_bulk,1
12248,9739,dry_bulk,1
12248,9750,dry_bulk,1
12248,9753,dry_bulk,1
12248,9761,dry_bulk,1
12248,9762,dry_bulk,1
12248,9775,dry_bulk,1
12248,9776,dry_bulk,1
12248,9791,dry_bulk,1
12248,9797,dry_bulk,1
12248,9798,dry_bulk,1
12332,2598,dry_bulk,1
12339,2596,dry_bulk,1
12342,2594,dry_bulk,1
12342,2595,dry_bulk,1
12342,2603,dry_bulk,1
12342,2608,dry_bulk,1
12342,2623,dry_bulk,1
12342,hh_211,dry_bulk,1
12342,hh_212,dry_bulk,1
12342,hh_213,dry_bulk,1
12342,hh_214,dry_bulk,1
12342,hh_226,dry_bulk,1
12342,hh_227,dry_bulk,1
12342,hh_241,dry_bulk,1
12343,2609,dry_bulk,1
12344,2593,dry_bulk,1
12344,hh_221,dry_bulk,1
12363,6536,dry_bulk,1
12363,hh_113,dry_bulk,1
12364,5860,dry_bulk,1
12389,2526,dry_bulk,1
12389,2532,dry_bulk,1
12389,2828,dry_bulk,1
12389,2833,dry_bulk,1
12389,2836,dry_bulk,1
12389,2840,dry_bulk,1
12389,2842,dry_bulk,1
12389,2843,dry_bulk,1
12389,2855,dry_bulk,1
12389,2856,dry_bulk,1
12389,2864,dry_bulk,1
12389,2865,dry_bulk,1
12389,2872,dry_bulk,1
12389,2885,dry_bulk,1
12396,2519,dry_bulk,1
12396,2522,dry_bulk,1
12396,2525,dry_bulk,1
12396,2533,dry_bulk,1
12396,2547,dry_bulk,1
12396,2826,dry_bulk,1
12396,2837,dry_bulk,1
12396,2846,dry_bulk,1
12396,2848,dry_bulk,1
12396,2861,dry_bulk,1
12396,2863,dry_bulk,1
12396,2873,dry_bulk,1
12396,2886,dry_bulk,1
12397,2517,dry_bulk,1
12397,2518,dry_bulk,1
12397,2862,dry_bulk,1
12398,2520,dry_bulk,1
12398,2527,dry_bulk,1
12408,2724,dry_bulk,1
12408,3204,dry_bulk,1
12408,3233,dry_bulk,1
12409,2730,dry_bulk,1
12409,3205,dry_bulk,1
12409,3208,dry_bulk,1
12409,3211,dry_bulk,1
12410,2720,dry_bulk,1
12410,3203,dry_bulk,1
12410,3206,dry_bulk,1
12410,3213,dry_bulk,1
12410,hh_113,dry_bulk,1
12410,hh_155,dry_bulk,1
12410,hh_158,dry_bulk,1
12410,hh_211,dry_bulk,1
12410,hh_212,dry_bulk,1
12410,hh_213,dry_bulk,1
12410,hh_214,dry_bulk,1
12410,hh_216,dry_bulk,1
12410,hh_220,dry_bulk,1
12410,hh_221,dry_bulk,1
12410,hh_226,dry_bulk,1
12410,hh_227,dry_bulk,1
12410,hh_241,dry_bulk,1
12411,3209,dry_bulk,1
12411,3218,dry_bulk,1
12411,3219,dry_bulk,1
12411,6297,dry_bulk,1
12411,6347,dry_bulk,1
12412,2726,dry_bulk,1
12413,3212,dry_bulk,1
12451,3355,liquid_bulk,1
12451,3357,liquid_bulk,1
12451,3358,liquid_bulk,1
12451,3359,liquid_bulk,1
12451,3363,liquid_bulk,1
12451,3371,liquid_bulk,1
12451,3385,liquid_bulk,1
12451,hh_113,liquid_bulk,1
12451,hh_211,liquid_bulk,1
12451,hh_212,liquid_bulk,1
12451,hh_213,liquid_bulk,1
12451,hh_214,liquid_bulk,1
12451,hh_215,liquid_bulk,1
12451,hh_219,liquid_bulk,1
12451,hh_220,liquid_bulk,1
12451,hh_226,liquid_bulk,1
12451,hh_227,liquid_bulk,1
12451,hh_241,liquid_bulk,1
12452,3356,liquid_bulk,1
12452,3360,liquid_bulk,1
12452,3364,liquid_bulk,1
12452,3365,liquid_bulk,1
12452,3370,liquid_bulk,1
12452,hh_216,liquid_bulk,1
12452,hh_221,liquid_bulk,1
12454,2135,container,1
12454,2362,container,1
12454,2846,container,1
1268,USA,dry_bulk,1
1269,USA,dry_bulk,1
1270,USA,dry_bulk,1
1271,USA,dry_bulk,1
12727,2736,liquid_bulk,1
12727,2741,liquid_bulk,1
12727,2810,liquid_bulk,1
12727,2811,liquid_bulk,1
12727,2815,liquid_bulk,1
12727,3341,liquid_bulk,1
12727,3342,liquid_bulk,1
12727,3346,liquid_bulk,1
12727,3380,liquid_bulk,1
12727,3383,liquid_bulk,1
12727,hh_114,liquid_bulk,1
12727,hh_115,liquid_bulk,1
12727,hh_236,liquid_bulk,1
12727,hh_239,liquid_bulk,1
12727,hh_240,liquid_bulk,1
12729,hh_211,dry_bulk,1
12729,hh_226,dry_bulk,1
12729,hh_227,dry_bulk,1
12729,hh_241,dry_bulk,1
12730,hh_113,liquid_bulk,1
12733,2602,dry_bulk,1
12733,2608,dry_bulk,1
12733,2623,dry_bulk,1
12733,hh_211,dry_bulk,1
12733,hh_226,dry_bulk,1
12733,hh_227,dry_bulk,1
12733,hh_241,dry_bulk,1
12781,2593,dry_bulk,1
12781,2595,dry_bulk,1
12781,2598,dry_bulk,1
12781,2601,dry_bulk,1
12781,2602,dry_bulk,1
12781,2609,dry_bulk,1
12781,2623,dry_bulk,1
12781,5860,dry_bulk,1
12781,hh_113,dry_bulk,1
12781,hh_140,dry_bulk,1
12781,hh_211,dry_bulk,1
12781,hh_212,dry_bulk,1
12781,hh_219,dry_bulk,1
12781,hh_227,dry_bulk,1
12781,hh_241,dry_bulk,1
12784,2828,dry_bulk,1
12784,2843,dry_bulk,1
12784,2846,dry_bulk,1
12784,2848,dry_bulk,1
12784,2855,dry_bulk,1
12784,2856,dry_bulk,1
12784,2861,dry_bulk,1
12784,2862,dry_bulk,1
12784,2863,dry_bulk,1
12784,2865,dry_bulk,1
12784,2872,dry_bulk,1
12784,2873,dry_bulk,1
12784,3281,dry_bulk,1
12784,3282,dry_bulk,1
12784,3284,dry_bulk,1
12784,3289,dry_bulk,1
12784,3295,dry_bulk,1
12784,3309,dry_bulk,1
12785,hh_211,dry_bulk,1
12785,hh_214,dry_bulk,1
12785,hh_216,dry_bulk,1
12785,hh_227,dry_bulk,1
12790,hh_212,liquid_bulk,1
12790,hh_215,liquid_bulk,1
12790,hh_216,liquid_bulk,1
12790,hh_220,liquid_bulk,1
12790,hh_221,liquid_bulk,1
12790,hh_226,liquid_bulk,1
12790,hh_227,liquid_bulk,1
12791,2135,container,1
12791,2366,container,1
12825,2738,liquid_bulk,1
12825,3356,liquid_bulk,1
12825,3364,liquid_bulk,1
12825,3365,liquid_bulk,1
12825,3370,liquid_bulk,1
12825,3385,liquid_bulk,1
12825,hh_113,liquid_bulk,1
12825,hh_212,liquid_bulk,1
12825,hh_214,liquid_bulk,1
12825,hh_220,liquid_bulk,1
12825,hh_221,liquid_bulk,1
12825,hh_226,liquid_bulk,1
12825,hh_241,liquid_bulk,1
12831,2736,liquid_bulk,1
12831,2741,liquid_bulk,1
12831,hh_114,liquid_bulk,1
12835,2735,liquid_bulk,1
12835,2738,liquid_bulk,1
12835,2742,liquid_bulk,1
12835,hh_113,liquid_bulk,1
12835,hh_211,liquid_bulk,1
12835,hh_215,liquid_bulk,1
12835,hh_221,liquid_bulk,1
12835,hh_226,liquid_bulk,1
12885,2135,container,1
12885,2362,container,1
12885,2366,container,1
12888,2828,container,1
12922,hh_220,dry_bulk,1
12922,hh_226,dry_bulk,1
12938,2354,container,1
12962,2739,liquid_bulk,1
12962,2746,liquid_bulk,1
12962,2811,liquid_bulk,1
12962,hh_114,liquid_bulk,1
12962,hh_115,liquid_bulk,1
12962,hh_234,liquid_bulk,1
12962,hh_236,liquid_bulk,1
12962,hh_239,liquid_bulk,1
12962,hh_240,liquid_bulk,1
12969,2354,container,1
12969,2355,container,1
12969,2356,container,1
12969,2366,container,1
12969,2828,container,1
1583,2593,dry_bulk,1
1583,2609,dry_bulk,1
1583,hh_220,dry_bulk,1
1598,3317,dry_bulk,1
1598,3326,dry_bulk,1
1598,3332,dry_bulk,1
1598,3333,dry_bulk,1
1598,3347,dry_bulk,1
1598,3469,dry_bulk,1
1598,3478,dry_bulk,1
1598,3484,dry_bulk,1
1598,3485,dry_bulk,1
1598,3499,dry_bulk,1
1604,2354,container,1
1643,2052,dry_bulk,1
1643,2089,dry_bulk,1
1643,2097,dry_bulk,1
1643,2112,dry_bulk,1
1651,2074,dry_bulk,1
1651,2621,dry_bulk,1
2031,0,dry_bulk,1
2031,2699,dry_bulk,1
2031,2861,dry_bulk,1
2046,2750,dry_bulk,1
2047,1252,dry_bulk,1
2047,7989,dry_bulk,1
2048,20,dry_bulk,1
2048,7737,dry_bulk,1
2051,1258,dry_bulk,1
2051,23,dry_bulk,1
2051,8,dry_bulk,1
2052,7740,dry_bulk,1
2053,1309,dry_bulk,1
2055,2527,dry_bulk,1
2061,7994,dry_bulk,1
2066,11634,dry_bulk,1
2068,7990,dry_bulk,1
2072,7526,dry_bulk,1
2077,12072,dry_bulk,1
2085,7751,dry_bulk,1
2087,1249,dry_bulk,1
21,2622,dry_bulk,1
2108,7992,dry_bulk,1
2121,11220,dry_bulk,1
2124,ROW,dry_bulk,1
2126,2508,dry_bulk,1
2128,11626,dry_bulk,1
2129,MEA,dry_bulk,1
2130,MEA,dry_bulk,1
2132,11273,dry_bulk,1
2133,2481,dry_bulk,1
22,2616,dry_bulk,1
2205,11209,dry_bulk,1
2207,4253,dry_bulk,1
2210,11224,dry_bulk,1
2210,RUS,dry_bulk,1
2211,11229,dry_bulk,1
2212,444,dry_bulk,1
2215,RUS,dry_bulk,1
2223,11219,dry_bulk,1
2223,8523,dry_bulk,1
2227,USA,dry_bulk,1
2229,11211,dry_bulk,1
2229,11223,dry_bulk,1
2229,11227,dry_bulk,1
2229,2867,dry_bulk,1
2230,9666,dry_bulk,1
2231,2484,dry_bulk,1
2231,2606,dry_bulk,1
2231,USA,dry_bulk,1
2236,11225,dry_bulk,1
2236,2784,dry_bulk,1
2236,9671,dry_bulk,1
2237,2515,dry_bulk,1
2238,AFR,dry_bulk,1
2239,11226,dry_bulk,1
2255,USA,dry_bulk,1
2268,GBR,dry_bulk,1
2271,9383,dry_bulk,1
2273,9836,dry_bulk,1
2273,USA,dry_bulk,1
2277,11222,dry_bulk,1
2277,5255,dry_bulk,1
2277,RUS,dry_bulk,1
2278,NOR,dry_bulk,1
2281,USA,dry_bulk,1
2282,RUS,dry_bulk,1
2284,USA,dry_bulk,1
2285,12339,dry_bulk,1
2285,AFR,dry_bulk,1
23,hh_236,dry_bulk,1
2306,9634,dry_bulk,1
2308,4087,dry_bulk,1
2310,AFR,dry_bulk,1
2312,MEA,dry_bulk,1
2314,11278,dry_bulk,1
2314,5869,dry_bulk,1
2314,9385,dry_bulk,1
2315,GBR,dry_bulk,1
2316,AFR,dry_bulk,1
2317,455,dry_bulk,1
2317,MEA,dry_bulk,1
2318,11659,dry_bulk,1
2318,9534,dry_bulk,1
2319,8101,dry_bulk,1
2322,NOR,dry_bulk,1
2324,9381,dry_bulk,1
2327,8100,dry_bulk,1
2328,NOR,dry_bulk,1
2329,11212,dry_bulk,1
2329,12343,dry_bulk,1
2329,9667,dry_bulk,1
2329,RUS,dry_bulk,1
2354,11656,dry_bulk,1
2354,5876,dry_bulk,1
2355,AFR,dry_bulk,1
2358,8099,dry_bulk,1
2359,USA,dry_bulk,1
2363,MEA,dry_bulk,1
2363,ROW,dry_bulk,1
2364,ROW,dry_bulk,1
2367,AFR,dry_bulk,1
2368,5258,dry_bulk,1
2368,USA,dry_bulk,1
2383,1305,dry_bulk,1
2387,546,dry_bulk,1
2387,5688,dry_bulk,1
2389,2048,dry_bulk,1
2389,2095,dry_bulk,1
2397,2170,dry_bulk,1
2397,9674,dry_bulk,1
2402,4133,dry_bulk,1
2402,5667,dry_bulk,1
2402,5678,dry_bulk,1
2402,5685,dry_bulk,1
2405,1261,dry_bulk,1
2405,2595,dry_bulk,1
2405,2671,dry_bulk,1
2409,2133,dry_bulk,1
2409,2397,dry_bulk,1
2409,3167,dry_bulk,1
2410,1262,dry_bulk,1
2410,2229,dry_bulk,1
2411,11734,dry_bulk,1
2412,1320,dry_bulk,1
2412,1322,dry_bulk,1
2412,35,dry_bulk,1
2413,1266,dry_bulk,1
2413,1319,dry_bulk,1
2414,103,dry_bulk,1
2417,5686,dry_bulk,1
2423,1317,dry_bulk,1
2423,2236,dry_bulk,1
2425,9687,dry_bulk,1
2425,USA,dry_bulk,1
2426,hh_83,dry_bulk,1
2426,hh_86,dry_bulk,1
2427,10382,dry_bulk,1
2427,9681,dry_bulk,1
2427,USA,dry_bulk,1
2427,hh_116,dry_bulk,1
2427,hh_118,dry_bulk,1
2427,hh_127,dry_bulk,1
2427,hh_128,dry_bulk,1
2427,hh_189,dry_bulk,1
2427,hh_84,dry_bulk,1
2427,hh_87,dry_bulk,1
2427,hh_88,dry_bulk,1
2427,hh_89,dry_bulk,1
2427,hh_91,dry_bulk,1
2427,hh_95,dry_bulk,1
2427,hh_96,dry_bulk,1
2427,hh_97,dry_bulk,1
2427,hh_99,dry_bulk,1
2428,USA,dry_bulk,1
2428,hh_85,dry_bulk,1
2429,USA,dry_bulk,1
2430,USA,dry_bulk,1
2433,USA,dry_bulk,1
2434,10387,dry_bulk,1
2435,9839,dry_bulk,1
2435,hh_129,dry_bulk,1
2440,USA,dry_bulk,1
2446,1306,dry_bulk,1
2447,1305,dry_bulk,1
2447,1307,dry_bulk,1
2447,3555,dry_bulk,1
2448,1303,dry_bulk,1
2455,USA,dry_bulk,1
2464,1426,dry_bulk,1
2464,hh_196,dry_bulk,1
2464,hh_200,dry_bulk,1
2464,hh_201,dry_bulk,1
2465,1427,dry_bulk,1
2465,1428,dry_bulk,1
2465,hh_195,dry_bulk,1
2465,hh_197,dry_bulk,1
2465,hh_198,dry_bulk,1
2466,1425,dry_bulk,1
2489,3205,dry_bulk,1
2489,3213,dry_bulk,1
2517,10047,dry_bulk,1
2517,5813,dry_bulk,1
2517,MEA,dry_bulk,1
2518,6020,dry_bulk,1
2518,6056,dry_bulk,1
2518,6354,dry_bulk,1
2518,GBR,dry_bulk,1
2519,10042,dry_bulk,1
2519,3757,dry_bulk,1
2519,5821,dry_bulk,1
2519,6032,dry_bulk,1
2519,6042,dry_bulk,1
2521,6021,dry_bulk,1
2521,USA,dry_bulk,1
2523,6350,dry_bulk,1
2525,5815,dry_bulk,1
2526,5273,dry_bulk,1
2526,5820,dry_bulk,1
2526,6015,dry_bulk,1
2532,12930,dry_bulk,1
2538,1351,dry_bulk,1
2540,1292,dry_bulk,1
2540,7780,dry_bulk,1
2541,1290,dry_bulk,1
2542,1294,dry_bulk,1
2547,12794,dry_bulk,1
2547,5401,dry_bulk,1
2547,6343,dry_bulk,1
2547,6352,dry_bulk,1
2553,1348,dry_bulk,1
2553,1441,dry_bulk,1
2555,11713,dry_bulk,1
2555,11715,dry_bulk,1
2555,2725,dry_bulk,1
2555,9827,dry_bulk,1
2556,5767,dry_bulk,1
2556,8123,dry_bulk,1
2557,2887,dry_bulk,1
2558,USA,dry_bulk,1
2564,11714,dry_bulk,1
2564,5768,dry_bulk,1
2570,5759,dry_bulk,1
2570,hh_129,dry_bulk,1
2585,hh_118,dry_bulk,1
2719,108,liquid_bulk,1
2719,111,liquid_bulk,1
2719,12086,liquid_bulk,1
2719,12142,liquid_bulk,1
2719,12161,liquid_bulk,1
2719,1265,liquid_bulk,1
2719,1289,liquid_bulk,1
2719,132,liquid_bulk,1
2719,1452,liquid_bulk,1
2719,1457,liquid_bulk,1
2719,1464,liquid_bulk,1
2719,1467,liquid_bulk,1
2719,163,liquid_bulk,1
2719,1717,liquid_bulk,1
2719,183,liquid_bulk,1
2719,1874,liquid_bulk,1
2719,192,liquid_bulk,1
2719,2133,liquid_bulk,1
2719,217,liquid_bulk,1
2719,2206,liquid_bulk,1
2719,2233,liquid_bulk,1
2719,2240,liquid_bulk,1
2719,2251,liquid_bulk,1
2719,2282,liquid_bulk,1
2719,2284,liquid_bulk,1
2719,2302,liquid_bulk,1
2719,2312,liquid_bulk,1
2719,2316,liquid_bulk,1
2719,2325,liquid_bulk,1
2719,2326,liquid_bulk,1
2719,2351,liquid_bulk,1
2719,2355,liquid_bulk,1
2719,2357,liquid_bulk,1
2719,2389,liquid_bulk,1
2719,2402,liquid_bulk,1
2719,2519,liquid_bulk,1
2719,2525,liquid_bulk,1
2719,2555,liquid_bulk,1
2719,2561,liquid_bulk,1
2719,258,liquid_bulk,1
2719,2585,liquid_bulk,1
2719,2641,liquid_bulk,1
2719,2673,liquid_bulk,1
2719,2676,liquid_bulk,1
2719,2708,liquid_bulk,1
2719,2710,liquid_bulk,1
2719,2712,liquid_bulk,1
2719,272,liquid_bulk,1
2719,2720,liquid_bulk,1
2719,2750,liquid_bulk,1
2719,2754,liquid_bulk,1
2719,2755,liquid_bulk,1
2719,2795,liquid_bulk,1
2719,280,liquid_bulk,1
2719,282,liquid_bulk,1
2719,2872,liquid_bulk,1
2719,2885,liquid_bulk,1
2719,2903,liquid_bulk,1
2719,2906,liquid_bulk,1
2719,292,liquid_bulk,1
2719,2942,liquid_bulk,1
2719,2976,liquid_bulk,1
2719,2981,liquid_bulk,1
2719,2990,liquid_bulk,1
2719,305,liquid_bulk,1
2719,3052,liquid_bulk,1
2719,3053,liquid_bulk,1
2719,3081,liquid_bulk,1
2719,3092,liquid_bulk,1
2719,3104,liquid_bulk,1
2719,3142,liquid_bulk,1
2719,3167,liquid_bulk,1
2719,3174,liquid_bulk,1
2719,318,liquid_bulk,1
2719,3195,liquid_bulk,1
2719,3207,liquid_bulk,1
2719,3209,liquid_bulk,1
2719,3211,liquid_bulk,1
2719,3241,liquid_bulk,1
2719,3271,liquid_bulk,1
2719,3283,liquid_bulk,1
2719,3321,liquid_bulk,1
2719,3360,liquid_bulk,1
2719,3361,liquid_bulk,1
2719,3362,liquid_bulk,1
2719,3507,liquid_bulk,1
2719,3560,liquid_bulk,1
2719,3585,liquid_bulk,1
2719,3622,liquid_bulk,1
2719,3651,liquid_bulk,1
2719,3662,liquid_bulk,1
2719,3689,liquid_bulk,1
2719,3706,liquid_bulk,1
2719,3736,liquid_bulk,1
2719,3744,liquid_bulk,1
2719,3779,liquid_bulk,1
2719,3826,liquid_bulk,1
2719,3857,liquid_bulk,1
2719,3864,liquid_bulk,1
2719,389,liquid_bulk,1
2719,3893,liquid_bulk,1
2719,3894,liquid_bulk,1
2719,3902,liquid_bulk,1
2719,3928,liquid_bulk,1
2719,3933,liquid_bulk,1
2719,4010,liquid_bulk,1
2719,414,liquid_bulk,1
2719,5,liquid_bulk,1
2719,52,liquid_bulk,1
2719,5698,liquid_bulk,1
2719,58,liquid_bulk,1
2719,60,liquid_bulk,1
2719,70,liquid_bulk,1
2719,7756,liquid_bulk,1
2719,7787,liquid_bulk,1
2719,7817,liquid_bulk,1
2719,7828,liquid_bulk,1
2719,7835,liquid_bulk,1
2719,7909,liquid_bulk,1
2719,7914,liquid_bulk,1
2719,7920,liquid_bulk,1
2719,7941,liquid_bulk,1
2719,7964,liquid_bulk,1
2719,7969,liquid_bulk,1
2719,7973,liquid_bulk,1
2719,8,liquid_bulk,1
2719,8050,liquid_bulk,1
2719,8063,liquid_bulk,1
2719,8064,liquid_bulk,1
2719,8088,liquid_bulk,1
2719,83,liquid_bulk,1
2720,10072,liquid_bulk,1
2720,10077,liquid_bulk,1
2720,10084,liquid_bulk,1
2720,10095,liquid_bulk,1
2720,10343,liquid_bulk,1
2720,10375,liquid_bulk,1
2720,10383,liquid_bulk,1
2720,10440,liquid_bulk,1
2720,10456,liquid_bulk,1
2720,10473,liquid_bulk,1
2720,10475,liquid_bulk,1
2720,10626,liquid_bulk,1
2720,10806,liquid_bulk,1
2720,10812,liquid_bulk,1
2720,10841,liquid_bulk,1
2720,10899,liquid_bulk,1
2720,10917,liquid_bulk,1
2720,10943,liquid_bulk,1
2720,11178,liquid_bulk,1
2720,11180,liquid_bulk,1
2720,11754,liquid_bulk,1
2720,11769,liquid_bulk,1
2720,12580,liquid_bulk,1
2720,12593,liquid_bulk,1
2720,2032,liquid_bulk,1
2720,2045,liquid_bulk,1
2720,2048,liquid_bulk,1
2720,2051,liquid_bulk,1
2720,2076,liquid_bulk,1
2720,2092,liquid_bulk,1
2720,2111,liquid_bulk,1
2720,2113,liquid_bulk,1
2720,2174,liquid_bulk,1
2720,2344,liquid_bulk,1
2720,2378,liquid_bulk,1
2720,2411,liquid_bulk,1
2720,2464,liquid_bulk,1
2720,2497,liquid_bulk,1
2720,2501,liquid_bulk,1
2720,2553,liquid_bulk,1
2720,2573,liquid_bulk,1
2720,2578,liquid_bulk,1
2720,2604,liquid_bulk,1
2720,2621,liquid_bulk,1
2720,2629,liquid_bulk,1
2720,2659,liquid_bulk,1
2720,2727,liquid_bulk,1
2720,2733,liquid_bulk,1
2720,2772,liquid_bulk,1
2720,2835,liquid_bulk,1
2720,2879,liquid_bulk,1
2720,2934,liquid_bulk,1
2720,3031,liquid_bulk,1
2720,3072,liquid_bulk,1
2720,3186,liquid_bulk,1
2720,3189,liquid_bulk,1
2720,3262,liquid_bulk,1
2720,3265,liquid_bulk,1
2720,3300,liquid_bulk,1
2720,3342,liquid_bulk,1
2720,3343,liquid_bulk,1
2720,3345,liquid_bulk,1
2720,3352,liquid_bulk,1
2720,3414,liquid_bulk,1
2720,3491,liquid_bulk,1
2720,3495,liquid_bulk,1
2720,3497,liquid_bulk,1
2720,3535,liquid_bulk,1
2720,3569,liquid_bulk,1
2720,3672,liquid_bulk,1
2720,3682,liquid_bulk,1
2720,3721,liquid_bulk,1
2720,3723,liquid_bulk,1
2720,3825,liquid_bulk,1
2720,3837,liquid_bulk,1
2720,3863,liquid_bulk,1
2720,3946,liquid_bulk,1
2720,3984,liquid_bulk,1
2720,3998,liquid_bulk,1
2720,4229,liquid_bulk,1
2720,490,liquid_bulk,1
2720,493,liquid_bulk,1
2720,5260,liquid_bulk,1
2720,5696,liquid_bulk,1
2720,5701,liquid_bulk,1
2720,5702,liquid_bulk,1
2720,5712,liquid_bulk,1
2720,5715,liquid_bulk,1
2720,5776,liquid_bulk,1
2720,5784,liquid_bulk,1
2720,5788,liquid_bulk,1
2720,5791,liquid_bulk,1
2720,5792,liquid_bulk,1
2720,5795,liquid_bulk,1
2720,5811,liquid_bulk,1
2720,5815,liquid_bulk,1
2720,5819,liquid_bulk,1
2720,5822,liquid_bulk,1
2720,5950,liquid_bulk,1
2720,5953,liquid_bulk,1
2720,5999,liquid_bulk,1
2720,6006,liquid_bulk,1
2720,6398,liquid_bulk,1
2720,6405,liquid_bulk,1
2720,6409,liquid_bulk,1
2720,6410,liquid_bulk,1
2720,6413,liquid_bulk,1
2720,6414,liquid_bulk,1
2720,6417,liquid_bulk,1
2720,6419,liquid_bulk,1
2720,6462,liquid_bulk,1
2720,6467,liquid_bulk,1
2720,6469,liquid_bulk,1
2720,6471,liquid_bulk,1
2720,6473,liquid_bulk,1
2720,6910,liquid_bulk,1
2720,6927,liquid_bulk,1
2720,6934,liquid_bulk,1
2720,6950,liquid_bulk,1
2720,6951,liquid_bulk,1
2720,6957,liquid_bulk,1
2720,7084,liquid_bulk,1
2720,7091,liquid_bulk,1
2720,7094,liquid_bulk,1
2720,7097,liquid_bulk,1
2720,7107,liquid_bulk,1
2720,7109,liquid_bulk,1
2720,9890,liquid_bulk,1
2720,9908,liquid_bulk,1
2720,ASI,liquid_bulk,1
2720,GBR,liquid_bulk,1
2720,MEA,liquid_bulk,1
2720,ROW,liquid_bulk,1
2720,RUS,liquid_bulk,1
2720,TUR,liquid_bulk,1
2720,UKR,liquid_bulk,1
2720,USA,liquid_bulk,1
2720,hh_118,liquid_bulk,1
2720,hh_120,liquid_bulk,1
2720,hh_121,liquid_bulk,1
2720,hh_122,liquid_bulk,1
2720,hh_125,liquid_bulk,1
2720,hh_127,liquid_bulk,1
2720,hh_128,liquid_bulk,1
2720,hh_129,liquid_bulk,1
2721,109,liquid_bulk,1
2721,12140,liquid_bulk,1
2721,124,liquid_bulk,1
2721,1290,liquid_bulk,1
2721,148,liquid_bulk,1
2721,171,liquid_bulk,1
2721,188,liquid_bulk,1
2721,2121,liquid_bulk,1
2721,2126,liquid_bulk,1
2721,2210,liquid_bulk,1
2721,2213,liquid_bulk,1
2721,2222,liquid_bulk,1
2721,2259,liquid_bulk,1
2721,2267,liquid_bulk,1
2721,2281,liquid_bulk,1
2721,2291,liquid_bulk,1
2721,2304,liquid_bulk,1
2721,2314,liquid_bulk,1
2721,2318,liquid_bulk,1
2721,2321,liquid_bulk,1
2721,2356,liquid_bulk,1
2721,2363,liquid_bulk,1
2721,2365,liquid_bulk,1
2721,2520,liquid_bulk,1
2721,259,liquid_bulk,1
2721,26,liquid_bulk,1
2721,2603,liquid_bulk,1
2721,2609,liquid_bulk,1
2721,261,liquid_bulk,1
2721,264,liquid_bulk,1
2721,2685,liquid_bulk,1
2721,2699,liquid_bulk,1
2721,2711,liquid_bulk,1
2721,2735,liquid_bulk,1
2721,2764,liquid_bulk,1
2721,2801,liquid_bulk,1
2721,2816,liquid_bulk,1
2721,2863,liquid_bulk,1
2721,2873,liquid_bulk,1
2721,2943,liquid_bulk,1
2721,2952,liquid_bulk,1
2721,2977,liquid_bulk,1
2721,3015,liquid_bulk,1
2721,3061,liquid_bulk,1
2721,3091,liquid_bulk,1
2721,3096,liquid_bulk,1
2721,3097,liquid_bulk,1
2721,310,liquid_bulk,1
2721,3143,liquid_bulk,1
2721,3205,liquid_bulk,1
2721,3208,liquid_bulk,1
2721,323,liquid_bulk,1
2721,3250,liquid_bulk,1
2721,3257,liquid_bulk,1
2721,3294,liquid_bulk,1
2721,334,liquid_bulk,1
2721,3358,liquid_bulk,1
2721,3432,liquid_bulk,1
2721,3433,liquid_bulk,1
2721,3440,liquid_bulk,1
2721,3470,liquid_bulk,1
2721,3508,liquid_bulk,1
2721,3740,liquid_bulk,1
2721,379,liquid_bulk,1
2721,3821,liquid_bulk,1
2721,3865,liquid_bulk,1
2721,3892,liquid_bulk,1
2721,3903,liquid_bulk,1
2721,3941,liquid_bulk,1
2721,399,liquid_bulk,1
2721,412,liquid_bulk,1
2721,417,liquid_bulk,1
2721,75,liquid_bulk,1
2721,7740,liquid_bulk,1
2721,7752,liquid_bulk,1
2721,7757,liquid_bulk,1
2721,7774,liquid_bulk,1
2721,7783,liquid_bulk,1
2721,7959,liquid_bulk,1
2721,7963,liquid_bulk,1
2721,89,liquid_bulk,1
2721,97,liquid_bulk,1
2722,12837,liquid_bulk,1
2722,12874,liquid_bulk,1
2722,12875,liquid_bulk,1
2722,9524,liquid_bulk,1
2723,2124,liquid_bulk,1
2723,2239,liquid_bulk,1
2723,2317,liquid_bulk,1
2723,2329,liquid_bulk,1
2723,2434,liquid_bulk,1
2723,2455,liquid_bulk,1
2723,2517,liquid_bulk,1
2723,2709,liquid_bulk,1
2723,2751,liquid_bulk,1
2723,2940,liquid_bulk,1
2723,3029,liquid_bulk,1
2723,3060,liquid_bulk,1
2723,3090,liquid_bulk,1
2723,3347,liquid_bulk,1
2723,34,liquid_bulk,1
2723,3561,liquid_bulk,1
2723,3782,liquid_bulk,1
2723,3827,liquid_bulk,1
2723,3851,liquid_bulk,1
2723,3879,liquid_bulk,1
2723,4017,liquid_bulk,1
2724,10081,liquid_bulk,1
2724,12364,liquid_bulk,1
2724,2827,liquid_bulk,1
2724,2966,liquid_bulk,1
2724,3041,liquid_bulk,1
2724,3270,liquid_bulk,1
2724,3611,liquid_bulk,1
2724,4097,liquid_bulk,1
2724,561,liquid_bulk,1
2724,5695,liquid_bulk,1
2724,5992,liquid_bulk,1
2724,9498,liquid_bulk,1
2724,9512,liquid_bulk,1
2724,9684,liquid_bulk,1
2724,NOR,liquid_bulk,1
2725,142,liquid_bulk,1
2725,1458,liquid_bulk,1
2725,2272,liquid_bulk,1
2725,228,liquid_bulk,1
2725,237,liquid_bulk,1
2725,2563,liquid_bulk,1
2725,2726,liquid_bulk,1
2725,3,liquid_bulk,1
2725,3168,liquid_bulk,1
2725,319,liquid_bulk,1
2725,3326,liquid_bulk,1
2725,3478,liquid_bulk,1
2725,3522,liquid_bulk,1
2725,3550,liquid_bulk,1
2725,3712,liquid_bulk,1
2725,376,liquid_bulk,1
2725,59,liquid_bulk,1
2725,6455,liquid_bulk,1
2725,81,liquid_bulk,1
2726,10070,liquid_bulk,1
2726,10073,liquid_bulk,1
2726,2080,liquid_bulk,1
2726,2085,liquid_bulk,1
2726,2097,liquid_bulk,1
2726,2739,liquid_bulk,1
2726,2997,liquid_bulk,1
2726,2998,liquid_bulk,1
2726,3112,liquid_bulk,1
2726,3687,liquid_bulk,1
2726,9509,liquid_bulk,1
2726,hh_26,liquid_bulk,1
2727,1284,liquid_bulk,1
2727,2387,liquid_bulk,1
2727,2947,liquid_bulk,1
2727,3327,liquid_bulk,1
2727,3408,liquid_bulk,1
2727,3613,liquid_bulk,1
2727,3700,liquid_bulk,1
2727,3774,liquid_bulk,1
2727,3978,liquid_bulk,1
2728,10066,liquid_bulk,1
2728,10091,liquid_bulk,1
2728,12582,liquid_bulk,1
2728,12843,liquid_bulk,1
2728,2088,liquid_bulk,1
2728,2415,liquid_bulk,1
2728,2928,liquid_bulk,1
2728,3079,liquid_bulk,1
2728,3113,liquid_bulk,1
2728,3232,liquid_bulk,1
2728,3307,liquid_bulk,1
2728,3759,liquid_bulk,1
2728,3839,liquid_bulk,1
2728,4145,liquid_bulk,1
2728,5703,liquid_bulk,1
2728,6400,liquid_bulk,1
2728,9513,liquid_bulk,1
2728,9514,liquid_bulk,1
2728,9529,liquid_bulk,1
2729,2310,liquid_bulk,1
2729,2833,liquid_bulk,1
2729,3203,liquid_bulk,1
2729,3393,liquid_bulk,1
2729,3674,liquid_bulk,1
2730,2656,liquid_bulk,1
2730,3037,liquid_bulk,1
2730,3380,liquid_bulk,1
2730,4026,liquid_bulk,1
2731,1294,liquid_bulk,1
2731,2428,liquid_bulk,1
2731,2669,liquid_bulk,1
2731,2975,liquid_bulk,1
2731,3105,liquid_bulk,1
2731,3219,liquid_bulk,1
2731,3555,liquid_bulk,1
2731,3586,liquid_bulk,1
2731,3588,liquid_bulk,1
2846,12794,container,1
3,hh_239,dry_bulk,1
4,USA,dry_bulk,1
4079,2603,dry_bulk,1
4082,2130,dry_bulk,1
4082,2134,dry_bulk,1
4082,2214,dry_bulk,1
4082,2215,dry_bulk,1
4082,2217,dry_bulk,1
4082,2223,dry_bulk,1
4082,2238,dry_bulk,1
4082,2240,dry_bulk,1
4082,2242,dry_bulk,1
4082,2322,dry_bulk,1
4082,2327,dry_bulk,1
4083,2133,dry_bulk,1
4083,2212,dry_bulk,1
4083,2229,dry_bulk,1
4083,2233,dry_bulk,1
4083,2235,dry_bulk,1
4083,2243,dry_bulk,1
4083,2246,dry_bulk,1
4083,2278,dry_bulk,1
4083,2306,dry_bulk,1
4083,2318,dry_bulk,1
4083,2319,dry_bulk,1
4083,2362,dry_bulk,1
4083,hh_214,dry_bulk,1
4083,hh_221,dry_bulk,1
4083,hh_227,dry_bulk,1
4084,2121,dry_bulk,1
4084,2124,dry_bulk,1
4084,2126,dry_bulk,1
4084,2127,dry_bulk,1
4084,2128,dry_bulk,1
4084,2129,dry_bulk,1
4084,2204,dry_bulk,1
4084,2205,dry_bulk,1
4084,2206,dry_bulk,1
4084,2211,dry_bulk,1
4084,2220,dry_bulk,1
4084,2230,dry_bulk,1
4084,2231,dry_bulk,1
4084,2236,dry_bulk,1
4084,2237,dry_bulk,1
4084,2239,dry_bulk,1
4084,2323,dry_bulk,1
4084,2325,dry_bulk,1
4084,2328,dry_bulk,1
4084,2354,dry_bulk,1
4084,2356,dry_bulk,1
4084,2359,dry_bulk,1
4084,2366,dry_bulk,1
4084,2593,dry_bulk,1
4084,2623,dry_bulk,1
4084,hh_211,dry_bulk,1
4084,hh_213,dry_bulk,1
4084,hh_241,dry_bulk,1
4085,2132,dry_bulk,1
4085,2135,dry_bulk,1
4085,2213,dry_bulk,1
4085,2219,dry_bulk,1
4085,2222,dry_bulk,1
4085,2226,dry_bulk,1
4085,2351,dry_bulk,1
4085,2357,dry_bulk,1
4085,2595,dry_bulk,1
4086,2304,dry_bulk,1
4086,2329,dry_bulk,1
4086,2602,dry_bulk,1
4086,2608,dry_bulk,1
4087,2210,dry_bulk,1
4087,2227,dry_bulk,1
4087,2261,dry_bulk,1
4087,2324,dry_bulk,1
4087,2367,dry_bulk,1
4087,2594,dry_bulk,1
4088,2672,dry_bulk,1
4089,1322,dry_bulk,1
4089,1323,dry_bulk,1
4089,2671,dry_bulk,1
4089,hh_213,dry_bulk,1
4090,1317,dry_bulk,1
4090,1318,dry_bulk,1
4090,1319,dry_bulk,1
4090,1320,dry_bulk,1
4090,2699,dry_bulk,1
4091,1321,dry_bulk,1
4093,1462,dry_bulk,1
4093,3575,dry_bulk,1
4094,1458,dry_bulk,1
4094,2595,dry_bulk,1
4094,3395,dry_bulk,1
4094,5698,dry_bulk,1
4094,hh_113,dry_bulk,1
4094,hh_213,dry_bulk,1
4095,1459,dry_bulk,1
4095,1460,dry_bulk,1
4095,2603,dry_bulk,1
4095,2623,dry_bulk,1
4095,3545,dry_bulk,1
4095,3547,dry_bulk,1
4096,1457,dry_bulk,1
4096,1463,dry_bulk,1
4096,3396,dry_bulk,1
4096,3423,dry_bulk,1
4096,5860,dry_bulk,1
4096,6536,dry_bulk,1
4097,2599,dry_bulk,1
4098,hh_218,dry_bulk,1
4100,2724,dry_bulk,1
4100,2726,dry_bulk,1
4100,2728,dry_bulk,1
4100,3203,dry_bulk,1
4100,3205,dry_bulk,1
4100,3208,dry_bulk,1
4100,3209,dry_bulk,1
4100,3210,dry_bulk,1
4100,3211,dry_bulk,1
4100,3212,dry_bulk,1
4100,3213,dry_bulk,1
4100,hh_211,dry_bulk,1
4100,hh_213,dry_bulk,1
4100,hh_216,dry_bulk,1
4100,hh_217,dry_bulk,1
4100,hh_219,dry_bulk,1
4100,hh_220,dry_bulk,1
4100,hh_221,dry_bulk,1
4107,3204,dry_bulk,1
4110,2826,dry_bulk,1
4110,2828,dry_bulk,1
4110,2836,dry_bulk,1
4110,2840,dry_bulk,1
4110,2856,dry_bulk,1
4111,2862,dry_bulk,1
4111,3281,dry_bulk,1
4112,2842,dry_bulk,1
4112,2855,dry_bulk,1
4113,2833,dry_bulk,1
4113,2843,dry_bulk,1
4113,2846,dry_bulk,1
4116,hh_113,dry_bulk,1
4116,hh_213,dry_bulk,1
4140,hh_216,liquid_bulk,1
4141,hh_211,liquid_bulk,1
4141,hh_212,liquid_bulk,1
4141,hh_213,liquid_bulk,1
4141,hh_214,liquid_bulk,1
4141,hh_215,liquid_bulk,1
4141,hh_219,liquid_bulk,1
4141,hh_220,liquid_bulk,1
4141,hh_221,liquid_bulk,1
4141,hh_226,liquid_bulk,1
4141,hh_227,liquid_bulk,1
4141,hh_241,liquid_bulk,1
4323,2277,dry_bulk,1
4324,2273,dry_bulk,1
4327,2323,dry_bulk,1
4328,2304,dry_bulk,1
4328,2311,dry_bulk,1
4329,2127,dry_bulk,1
4329,2246,dry_bulk,1
4329,2417,dry_bulk,1
4329,2635,dry_bulk,1
4330,2640,dry_bulk,1
4330,hh_214,dry_bulk,1
4331,2599,dry_bulk,1
4332,12036,dry_bulk,1
4332,1252,dry_bulk,1
4332,2134,dry_bulk,1
4332,2226,dry_bulk,1
4332,2237,dry_bulk,1
4332,2245,dry_bulk,1
4332,2258,dry_bulk,1
4332,2259,dry_bulk,1
4332,2279,dry_bulk,1
4332,2284,dry_bulk,1
4332,2316,dry_bulk,1
4332,2322,dry_bulk,1
4332,2429,dry_bulk,1
4332,2433,dry_bulk,1
4332,3575,dry_bulk,1
4332,7752,dry_bulk,1
4333,12039,dry_bulk,1
4333,12171,dry_bulk,1
4333,2271,dry_bulk,1
4333,2312,dry_bulk,1
4333,2355,dry_bulk,1
4333,2362,dry_bulk,1
4333,2427,dry_bulk,1
4333,2646,dry_bulk,1
4334,2286,dry_bulk,1
4334,2303,dry_bulk,1
4334,2307,dry_bulk,1
4334,2387,dry_bulk,1
4334,2402,dry_bulk,1
4334,3554,dry_bulk,1
4334,hh_227,dry_bulk,1
4335,2212,dry_bulk,1
4335,2317,dry_bulk,1
4335,2633,dry_bulk,1
4336,2227,dry_bulk,1
4336,2263,dry_bulk,1
4336,2278,dry_bulk,1
4336,2301,dry_bulk,1
4336,2305,dry_bulk,1
4336,2313,dry_bulk,1
4336,2324,dry_bulk,1
4336,2363,dry_bulk,1
4336,2396,dry_bulk,1
4336,2425,dry_bulk,1
4336,5609,dry_bulk,1
4336,hh_211,dry_bulk,1
4336,hh_212,dry_bulk,1
4337,2392,dry_bulk,1
4337,3551,dry_bulk,1
4338,1253,dry_bulk,1
4338,84,dry_bulk,1
4339,12037,dry_bulk,1
4339,1254,dry_bulk,1
4339,1262,dry_bulk,1
4339,2121,dry_bulk,1
4339,2124,dry_bulk,1
4339,2257,dry_bulk,1
4339,2270,dry_bulk,1
4339,2310,dry_bulk,1
4339,2329,dry_bulk,1
4339,2356,dry_bulk,1
4339,2631,dry_bulk,1
4340,2135,dry_bulk,1
4340,2238,dry_bulk,1
4340,2302,dry_bulk,1
4340,2360,dry_bulk,1
4340,2395,dry_bulk,1
4340,2594,dry_bulk,1
4340,3548,dry_bulk,1
4341,10,dry_bulk,1
4341,2211,dry_bulk,1
4341,2240,dry_bulk,1
4341,24,dry_bulk,1
4341,3560,dry_bulk,1
4342,22,dry_bulk,1
4342,2213,dry_bulk,1
4342,2247,dry_bulk,1
4343,2351,dry_bulk,1
4343,2593,dry_bulk,1
4343,2639,dry_bulk,1
4343,3549,dry_bulk,1
4344,2129,dry_bulk,1
4344,2243,dry_bulk,1
4344,2282,dry_bulk,1
4344,2403,dry_bulk,1
4344,2430,dry_bulk,1
4344,2431,dry_bulk,1
4344,2434,dry_bulk,1
4345,2204,dry_bulk,1
4345,2214,dry_bulk,1
4345,2215,dry_bulk,1
4345,2272,dry_bulk,1
4345,2281,dry_bulk,1
4345,2315,dry_bulk,1
4345,2321,dry_bulk,1
4345,2389,dry_bulk,1
4346,1250,dry_bulk,1
4346,2365,dry_bulk,1
4346,2601,dry_bulk,1
4346,85,dry_bulk,1
4346,88,dry_bulk,1
4347,2426,dry_bulk,1
4347,3547,dry_bulk,1
4347,3561,dry_bulk,1
4348,2632,dry_bulk,1
4348,6536,dry_bulk,1
4349,2314,dry_bulk,1
4350,2206,dry_bulk,1
4350,2364,dry_bulk,1
4350,2637,dry_bulk,1
4350,3550,dry_bulk,1
4351,2218,dry_bulk,1
4351,2236,dry_bulk,1
4351,2274,dry_bulk,1
4351,2285,dry_bulk,1
4352,21,dry_bulk,1
4352,2230,dry_bulk,1
4352,2370,dry_bulk,1
4352,2440,dry_bulk,1
4353,2294,dry_bulk,1
4353,2391,dry_bulk,1
4353,2595,dry_bulk,1
4353,5,dry_bulk,1
4354,2217,dry_bulk,1
4354,2223,dry_bulk,1
4354,2367,dry_bulk,1
4355,2283,dry_bulk,1
4355,2602,dry_bulk,1
4355,hh_219,dry_bulk,1
4355,hh_220,dry_bulk,1
4356,2128,dry_bulk,1
4356,2210,dry_bulk,1
4356,2318,dry_bulk,1
4356,2354,dry_bulk,1
4356,2358,dry_bulk,1
4356,2359,dry_bulk,1
4356,2388,dry_bulk,1
4356,2608,dry_bulk,1
4356,2661,dry_bulk,1
4356,3546,dry_bulk,1
4357,2130,dry_bulk,1
4357,2371,dry_bulk,1
4357,3553,dry_bulk,1
4358,2306,dry_bulk,1
4358,2636,dry_bulk,1
4359,2598,dry_bulk,1
4360,2222,dry_bulk,1
4360,2357,dry_bulk,1
4360,2366,dry_bulk,1
4360,2368,dry_bulk,1
4360,2393,dry_bulk,1
4360,2441,dry_bulk,1
4362,2133,dry_bulk,1
4362,2609,dry_bulk,1
4363,hh_226,dry_bulk,1
4364,2308,dry_bulk,1
4364,2647,dry_bulk,1
4365,2291,dry_bulk,1
4365,2623,dry_bulk,1
4366,2220,dry_bulk,1
4367,2269,dry_bulk,1
4369,2219,dry_bulk,1
4369,2229,dry_bulk,1
4369,2325,dry_bulk,1
4370,2205,dry_bulk,1
4371,1305,dry_bulk,1
4371,2126,dry_bulk,1
4372,2132,dry_bulk,1
443,2593,dry_bulk,1
4439,6401,dry_bulk,1
4444,hh_212,dry_bulk,1
4444,hh_219,dry_bulk,1
4444,hh_220,dry_bulk,1
4444,hh_226,dry_bulk,1
4444,hh_227,dry_bulk,1
4444,hh_241,dry_bulk,1
4446,hh_211,dry_bulk,1
4459,2885,dry_bulk,1
4459,2886,dry_bulk,1
4459,5779,dry_bulk,1
4461,2837,dry_bulk,1
4461,2869,dry_bulk,1
4465,2855,dry_bulk,1
4466,2826,dry_bulk,1
4466,2836,dry_bulk,1
4466,2856,dry_bulk,1
4469,2846,dry_bulk,1
4469,2863,dry_bulk,1
4469,2864,dry_bulk,1
4469,2865,dry_bulk,1
4469,2872,dry_bulk,1
4469,2873,dry_bulk,1
4470,2828,dry_bulk,1
4471,2833,dry_bulk,1
4471,2840,dry_bulk,1
4471,2843,dry_bulk,1
4473,2861,dry_bulk,1
4481,6347,dry_bulk,1
4486,6297,dry_bulk,1
4488,5833,dry_bulk,1
449,2600,dry_bulk,1
4490,2720,dry_bulk,1
4490,hh_211,dry_bulk,1
4490,hh_212,dry_bulk,1
4490,hh_219,dry_bulk,1
4490,hh_226,dry_bulk,1
4490,hh_227,dry_bulk,1
4490,hh_241,dry_bulk,1
4492,hh_220,dry_bulk,1
45,5856,dry_bulk,1
45,6535,dry_bulk,1
45,USA,dry_bulk,1
4558,5752,liquid_bulk,1
4558,5779,liquid_bulk,1
4558,5806,liquid_bulk,1
4558,6031,liquid_bulk,1
4558,6270,liquid_bulk,1
4558,6320,liquid_bulk,1
4558,6455,liquid_bulk,1
4558,6509,liquid_bulk,1
4558,hh_212,liquid_bulk,1
4558,hh_226,liquid_bulk,1
4559,5671,liquid_bulk,1
4559,6428,liquid_bulk,1
4559,6482,liquid_bulk,1
4559,hh_213,liquid_bulk,1
4560,5609,liquid_bulk,1
4562,5698,liquid_bulk,1
4562,5833,liquid_bulk,1
4562,6297,liquid_bulk,1
4562,6347,liquid_bulk,1
4562,6374,liquid_bulk,1
4562,6401,liquid_bulk,1
4562,6725,liquid_bulk,1
4562,6752,liquid_bulk,1
4562,6860,liquid_bulk,1
4562,hh_113,liquid_bulk,1
4562,hh_219,liquid_bulk,1
4562,hh_220,liquid_bulk,1
4562,hh_227,liquid_bulk,1
4562,hh_241,liquid_bulk,1
4566,5725,liquid_bulk,1
4566,5994,liquid_bulk,1
4566,hh_211,liquid_bulk,1
46,USA,dry_bulk,1
478,2392,dry_bulk,1
480,2678,dry_bulk,1
480,2679,dry_bulk,1
49,6534,dry_bulk,1
49,6541,dry_bulk,1
49,USA,dry_bulk,1
50,5865,dry_bulk,1
500,2791,dry_bulk,1
502,5949,dry_bulk,1
51,5863,dry_bulk,1
51,5864,dry_bulk,1
51,5867,dry_bulk,1
51,USA,dry_bulk,1
513,2724,dry_bulk,1
52,6540,dry_bulk,1
52,hh_117,dry_bulk,1
5260,2594,dry_bulk,1
5260,2596,dry_bulk,1
5260,2603,dry_bulk,1
5260,2608,dry_bulk,1
5260,7798,dry_bulk,1
5260,hh_213,dry_bulk,1
5260,hh_214,dry_bulk,1
5260,hh_216,dry_bulk,1
5260,hh_220,dry_bulk,1
5260,hh_221,dry_bulk,1
5260,hh_226,dry_bulk,1
5263,2826,dry_bulk,1
5263,2833,dry_bulk,1
5263,2836,dry_bulk,1
5263,2837,dry_bulk,1
5263,2840,dry_bulk,1
5263,2842,dry_bulk,1
5263,2864,dry_bulk,1
5263,3279,dry_bulk,1
5263,3280,dry_bulk,1
5263,3287,dry_bulk,1
5263,3288,dry_bulk,1
5263,3294,dry_bulk,1
5264,hh_113,dry_bulk,1
5264,hh_212,dry_bulk,1
5264,hh_213,dry_bulk,1
5264,hh_219,dry_bulk,1
5264,hh_220,dry_bulk,1
5264,hh_221,dry_bulk,1
5264,hh_226,dry_bulk,1
5264,hh_241,dry_bulk,1
5269,hh_211,liquid_bulk,1
5269,hh_213,liquid_bulk,1
5269,hh_214,liquid_bulk,1
5269,hh_241,liquid_bulk,1
5270,2354,container,1
5270,2355,container,1
5270,2356,container,1
5270,2362,container,1
5343,2735,dry_bulk,1
5343,2738,dry_bulk,1
5343,2742,dry_bulk,1
5343,2745,dry_bulk,1
5343,2826,dry_bulk,1
5343,2828,dry_bulk,1
5343,2833,dry_bulk,1
5343,2836,dry_bulk,1
5343,2837,dry_bulk,1
5343,2840,dry_bulk,1
5343,2842,dry_bulk,1
5343,2843,dry_bulk,1
5343,2846,dry_bulk,1
5343,2848,dry_bulk,1
5343,2855,dry_bulk,1
5343,2856,dry_bulk,1
5343,2861,dry_bulk,1
5343,2862,dry_bulk,1
5343,2863,dry_bulk,1
5343,2864,dry_bulk,1
5343,2865,dry_bulk,1
5343,2872,dry_bulk,1
5343,2873,dry_bulk,1
5343,2885,dry_bulk,1
5343,2886,dry_bulk,1
5343,2899,dry_bulk,1
5343,2900,dry_bulk,1
5343,2901,dry_bulk,1
5343,2902,dry_bulk,1
5343,2904,dry_bulk,1
5343,2907,dry_bulk,1
5343,2908,dry_bulk,1
5343,2909,dry_bulk,1
5343,2914,dry_bulk,1
5343,2915,dry_bulk,1
5343,2929,dry_bulk,1
5343,3279,dry_bulk,1
5343,3280,dry_bulk,1
5343,3281,dry_bulk,1
5343,3282,dry_bulk,1
5343,3284,dry_bulk,1
5343,3287,dry_bulk,1
5343,3288,dry_bulk,1
5343,3289,dry_bulk,1
5343,3294,dry_bulk,1
5343,3295,dry_bulk,1
5343,3309,dry_bulk,1
5344,2826,dry_bulk,1
5344,2836,dry_bulk,1
5344,2837,dry_bulk,1
5344,2842,dry_bulk,1
5344,2843,dry_bulk,1
5344,2846,dry_bulk,1
5344,2862,dry_bulk,1
5344,2886,dry_bulk,1
5345,2828,dry_bulk,1
5345,2856,dry_bulk,1
5345,2865,dry_bulk,1
5345,2885,dry_bulk,1
5346,2840,dry_bulk,1
5346,2863,dry_bulk,1
5346,2872,dry_bulk,1
5346,2873,dry_bulk,1
5347,2833,dry_bulk,1
5347,2848,dry_bulk,1
5347,2855,dry_bulk,1
5347,2861,dry_bulk,1
5347,2864,dry_bulk,1
5388,2720,liquid_bulk,1
5388,2735,liquid_bulk,1
5388,2742,liquid_bulk,1
5388,3355,liquid_bulk,1
5388,3357,liquid_bulk,1
5388,3358,liquid_bulk,1
5388,3359,liquid_bulk,1
5388,3360,liquid_bulk,1
5388,3371,liquid_bulk,1
5388,hh_211,liquid_bulk,1
5388,hh_213,liquid_bulk,1
5388,hh_215,liquid_bulk,1
5388,hh_216,liquid_bulk,1
5388,hh_227,liquid_bulk,1
553,116,liquid_bulk,1
553,2121,liquid_bulk,1
553,2205,liquid_bulk,1
553,2206,liquid_bulk,1
553,2215,liquid_bulk,1
553,2223,liquid_bulk,1
553,2236,liquid_bulk,1
553,2258,liquid_bulk,1
553,2271,liquid_bulk,1
553,2277,liquid_bulk,1
553,2281,liquid_bulk,1
553,2291,liquid_bulk,1
553,2302,liquid_bulk,1
553,2314,liquid_bulk,1
553,2315,liquid_bulk,1
553,2393,liquid_bulk,1
553,2402,liquid_bulk,1
553,2561,liquid_bulk,1
553,2563,liquid_bulk,1
553,2594,liquid_bulk,1
553,2636,liquid_bulk,1
553,2640,liquid_bulk,1
553,2647,liquid_bulk,1
553,2789,liquid_bulk,1
553,2794,liquid_bulk,1
553,3061,liquid_bulk,1
553,3171,liquid_bulk,1
553,3173,liquid_bulk,1
553,3212,liquid_bulk,1
553,3283,liquid_bulk,1
553,3325,liquid_bulk,1
553,3355,liquid_bulk,1
553,3393,liquid_bulk,1
553,3431,liquid_bulk,1
553,3472,liquid_bulk,1
553,3773,liquid_bulk,1
553,3776,liquid_bulk,1
553,3803,liquid_bulk,1
553,3927,liquid_bulk,1
553,3931,liquid_bulk,1
553,3935,liquid_bulk,1
553,49,liquid_bulk,1
553,52,liquid_bulk,1
553,5833,liquid_bulk,1
553,5967,liquid_bulk,1
554,132,liquid_bulk,1
554,135,liquid_bulk,1
554,2126,liquid_bulk,1
554,2127,liquid_bulk,1
554,2128,liquid_bulk,1
554,2129,liquid_bulk,1
554,2130,liquid_bulk,1
554,2133,liquid_bulk,1
554,2134,liquid_bulk,1
554,2135,liquid_bulk,1
554,2204,liquid_bulk,1
554,2207,liquid_bulk,1
554,2210,liquid_bulk,1
554,2211,liquid_bulk,1
554,2212,liquid_bulk,1
554,2213,liquid_bulk,1
554,2214,liquid_bulk,1
554,2217,liquid_bulk,1
554,2218,liquid_bulk,1
554,2219,liquid_bulk,1
554,2220,liquid_bulk,1
554,2222,liquid_bulk,1
554,2226,liquid_bulk,1
554,2227,liquid_bulk,1
554,2229,liquid_bulk,1
554,2230,liquid_bulk,1
554,2231,liquid_bulk,1
554,2232,liquid_bulk,1
554,2233,liquid_bulk,1
554,2235,liquid_bulk,1
554,2237,liquid_bulk,1
554,2238,liquid_bulk,1
554,2239,liquid_bulk,1
554,2240,liquid_bulk,1
554,2242,liquid_bulk,1
554,2243,liquid_bulk,1
554,2244,liquid_bulk,1
554,2245,liquid_bulk,1
554,2246,liquid_bulk,1
554,2247,liquid_bulk,1
554,2249,liquid_bulk,1
554,2252,liquid_bulk,1
554,2253,liquid_bulk,1
554,2254,liquid_bulk,1
554,2255,liquid_bulk,1
554,2256,liquid_bulk,1
554,2257,liquid_bulk,1
554,2259,liquid_bulk,1
554,2260,liquid_bulk,1
554,2261,liquid_bulk,1
554,2262,liquid_bulk,1
554,2263,liquid_bulk,1
554,2264,liquid_bulk,1
554,2265,liquid_bulk,1
554,2266,liquid_bulk,1
554,2268,liquid_bulk,1
554,2269,liquid_bulk,1
554,2270,liquid_bulk,1
554,2272,liquid_bulk,1
554,2273,liquid_bulk,1
554,2274,liquid_bulk,1
554,2275,liquid_bulk,1
554,2278,liquid_bulk,1
554,2279,liquid_bulk,1
554,2282,liquid_bulk,1
554,2283,liquid_bulk,1
554,2284,liquid_bulk,1
554,2285,liquid_bulk,1
554,2286,liquid_bulk,1
554,2294,liquid_bulk,1
554,2301,liquid_bulk,1
554,2303,liquid_bulk,1
554,2304,liquid_bulk,1
554,2305,liquid_bulk,1
554,2306,liquid_bulk,1
554,2307,liquid_bulk,1
554,2308,liquid_bulk,1
554,2310,liquid_bulk,1
554,2311,liquid_bulk,1
554,2312,liquid_bulk,1
554,2313,liquid_bulk,1
554,2316,liquid_bulk,1
554,2317,liquid_bulk,1
554,2318,liquid_bulk,1
554,2319,liquid_bulk,1
554,2321,liquid_bulk,1
554,2322,liquid_bulk,1
554,2323,liquid_bulk,1
554,2324,liquid_bulk,1
554,2325,liquid_bulk,1
554,2326,liquid_bulk,1
554,2327,liquid_bulk,1
554,2328,liquid_bulk,1
554,2329,liquid_bulk,1
554,2351,liquid_bulk,1
554,2354,liquid_bulk,1
554,2355,liquid_bulk,1
554,2356,liquid_bulk,1
554,2357,liquid_bulk,1
554,2358,liquid_bulk,1
554,2359,liquid_bulk,1
554,2360,liquid_bulk,1
554,2362,liquid_bulk,1
554,2363,liquid_bulk,1
554,2364,liquid_bulk,1
554,2365,liquid_bulk,1
554,2366,liquid_bulk,1
554,2367,liquid_bulk,1
554,2368,liquid_bulk,1
554,2387,liquid_bulk,1
554,2388,liquid_bulk,1
554,2389,liquid_bulk,1
554,2390,liquid_bulk,1
554,2391,liquid_bulk,1
554,2392,liquid_bulk,1
554,2395,liquid_bulk,1
554,2396,liquid_bulk,1
554,2397,liquid_bulk,1
554,2403,liquid_bulk,1
554,2417,liquid_bulk,1
554,2425,liquid_bulk,1
554,2426,liquid_bulk,1
554,2427,liquid_bulk,1
554,2428,liquid_bulk,1
554,2429,liquid_bulk,1
554,2430,liquid_bulk,1
554,2431,liquid_bulk,1
554,2433,liquid_bulk,1
554,2434,liquid_bulk,1
554,2435,liquid_bulk,1
554,2440,liquid_bulk,1
554,2441,liquid_bulk,1
554,2455,liquid_bulk,1
554,2517,liquid_bulk,1
554,2518,liquid_bulk,1
554,2519,liquid_bulk,1
554,2520,liquid_bulk,1
554,2521,liquid_bulk,1
554,2522,liquid_bulk,1
554,2523,liquid_bulk,1
554,2525,liquid_bulk,1
554,2526,liquid_bulk,1
554,2527,liquid_bulk,1
554,2532,liquid_bulk,1
554,2533,liquid_bulk,1
554,2547,liquid_bulk,1
554,2555,liquid_bulk,1
554,2556,liquid_bulk,1
554,2557,liquid_bulk,1
554,2558,liquid_bulk,1
554,2559,liquid_bulk,1
554,2560,liquid_bulk,1
554,2564,liquid_bulk,1
554,2565,liquid_bulk,1
554,2570,liquid_bulk,1
554,2571,liquid_bulk,1
554,2585,liquid_bulk,1
554,2593,liquid_bulk,1
554,2595,liquid_bulk,1
554,2596,liquid_bulk,1
554,2597,liquid_bulk,1
554,2598,liquid_bulk,1
554,2599,liquid_bulk,1
554,2601,liquid_bulk,1
554,2602,liquid_bulk,1
554,2603,liquid_bulk,1
554,2608,liquid_bulk,1
554,2609,liquid_bulk,1
554,2623,liquid_bulk,1
554,2631,liquid_bulk,1
554,2632,liquid_bulk,1
554,2633,liquid_bulk,1
554,2634,liquid_bulk,1
554,2635,liquid_bulk,1
554,2637,liquid_bulk,1
554,2639,liquid_bulk,1
554,2641,liquid_bulk,1
554,2646,liquid_bulk,1
554,2661,liquid_bulk,1
554,2720,liquid_bulk,1
554,2724,liquid_bulk,1
554,2726,liquid_bulk,1
554,2728,liquid_bulk,1
554,2735,liquid_bulk,1
554,2738,liquid_bulk,1
554,2742,liquid_bulk,1
554,2745,liquid_bulk,1
554,2748,liquid_bulk,1
554,2749,liquid_bulk,1
554,2750,liquid_bulk,1
554,2751,liquid_bulk,1
554,2752,liquid_bulk,1
554,2753,liquid_bulk,1
554,2754,liquid_bulk,1
554,2756,liquid_bulk,1
554,2757,liquid_bulk,1
554,2758,liquid_bulk,1
554,2763,liquid_bulk,1
554,2764,liquid_bulk,1
554,2778,liquid_bulk,1
554,2786,liquid_bulk,1
554,2787,liquid_bulk,1
554,2788,liquid_bulk,1
554,2790,liquid_bulk,1
554,2791,liquid_bulk,1
554,2792,liquid_bulk,1
554,2795,liquid_bulk,1
554,2796,liquid_bulk,1
554,2801,liquid_bulk,1
554,2802,liquid_bulk,1
554,2816,liquid_bulk,1
554,2826,liquid_bulk,1
554,2828,liquid_bulk,1
554,2833,liquid_bulk,1
554,2836,liquid_bulk,1
554,2837,liquid_bulk,1
554,2840,liquid_bulk,1
554,2842,liquid_bulk,1
554,2843,liquid_bulk,1
554,2846,liquid_bulk,1
554,2848,liquid_bulk,1
554,2855,liquid_bulk,1
554,2856,liquid_bulk,1
554,2859,liquid_bulk,1
554,2861,liquid_bulk,1
554,2862,liquid_bulk,1
554,2863,liquid_bulk,1
554,2864,liquid_bulk,1
554,2865,liquid_bulk,1
554,2872,liquid_bulk,1
554,2873,liquid_bulk,1
554,2885,liquid_bulk,1
554,2886,liquid_bulk,1
554,3051,liquid_bulk,1
554,3052,liquid_bulk,1
554,3053,liquid_bulk,1
554,3054,liquid_bulk,1
554,3055,liquid_bulk,1
554,3056,liquid_bulk,1
554,3057,liquid_bulk,1
554,3059,liquid_bulk,1
554,3060,liquid_bulk,1
554,3066,liquid_bulk,1
554,3067,liquid_bulk,1
554,3081,liquid_bulk,1
554,3165,liquid_bulk,1
554,3166,liquid_bulk,1
554,3167,liquid_bulk,1
554,3168,liquid_bulk,1
554,3169,liquid_bulk,1
554,3170,liquid_bulk,1
554,3174,liquid_bulk,1
554,3175,liquid_bulk,1
554,3180,liquid_bulk,1
554,3181,liquid_bulk,1
554,3195,liquid_bulk,1
554,3203,liquid_bulk,1
554,3204,liquid_bulk,1
554,3205,liquid_bulk,1
554,3206,liquid_bulk,1
554,3207,liquid_bulk,1
554,3208,liquid_bulk,1
554,3209,liquid_bulk,1
554,3211,liquid_bulk,1
554,3213,liquid_bulk,1
554,3218,liquid_bulk,1
554,3219,liquid_bulk,1
554,3233,liquid_bulk,1
554,3279,liquid_bulk,1
554,3280,liquid_bulk,1
554,3281,liquid_bulk,1
554,3282,liquid_bulk,1
554,3284,liquid_bulk,1
554,3285,liquid_bulk,1
554,3287,liquid_bulk,1
554,3288,liquid_bulk,1
554,3289,liquid_bulk,1
554,3294,liquid_bulk,1
554,3295,liquid_bulk,1
554,3309,liquid_bulk,1
554,3317,liquid_bulk,1
554,3318,liquid_bulk,1
554,3319,liquid_bulk,1
554,3320,liquid_bulk,1
554,3321,liquid_bulk,1
554,3322,liquid_bulk,1
554,3323,liquid_bulk,1
554,3326,liquid_bulk,1
554,3327,liquid_bulk,1
554,3332,liquid_bulk,1
554,3333,liquid_bulk,1
554,3347,liquid_bulk,1
554,3356,liquid_bulk,1
554,3357,liquid_bulk,1
554,3358,liquid_bulk,1
554,3359,liquid_bulk,1
554,3360,liquid_bulk,1
554,3361,liquid_bulk,1
554,3363,liquid_bulk,1
554,3364,liquid_bulk,1
554,3365,liquid_bulk,1
554,3370,liquid_bulk,1
554,3371,liquid_bulk,1
554,3385,liquid_bulk,1
554,3394,liquid_bulk,1
554,3395,liquid_bulk,1
554,3396,liquid_bulk,1
554,3397,liquid_bulk,1
554,3398,liquid_bulk,1
554,3399,liquid_bulk,1
554,3401,liquid_bulk,1
554,3402,liquid_bulk,1
554,3403,liquid_bulk,1
554,3408,liquid_bulk,1
554,3409,liquid_bulk,1
554,3423,liquid_bulk,1
554,3432,liquid_bulk,1
554,3433,liquid_bulk,1
554,3434,liquid_bulk,1
554,3435,liquid_bulk,1
554,3436,liquid_bulk,1
554,3437,liquid_bulk,1
554,3439,liquid_bulk,1
554,3440,liquid_bulk,1
554,3441,liquid_bulk,1
554,3446,liquid_bulk,1
554,3447,liquid_bulk,1
554,3461,liquid_bulk,1
554,3469,liquid_bulk,1
554,3470,liquid_bulk,1
554,3471,liquid_bulk,1
554,3473,liquid_bulk,1
554,3474,liquid_bulk,1
554,3475,liquid_bulk,1
554,3477,liquid_bulk,1
554,3478,liquid_bulk,1
554,3479,liquid_bulk,1
554,3484,liquid_bulk,1
554,3485,liquid_bulk,1
554,3499,liquid_bulk,1
554,3774,liquid_bulk,1
554,3775,liquid_bulk,1
554,3777,liquid_bulk,1
554,3778,liquid_bulk,1
554,3779,liquid_bulk,1
554,3781,liquid_bulk,1
554,3782,liquid_bulk,1
554,3783,liquid_bulk,1
554,3788,liquid_bulk,1
554,3789,liquid_bulk,1
554,3811,liquid_bulk,1
554,3812,liquid_bulk,1
554,3813,liquid_bulk,1
554,3814,liquid_bulk,1
554,3815,liquid_bulk,1
554,3816,liquid_bulk,1
554,3817,liquid_bulk,1
554,3819,liquid_bulk,1
554,3820,liquid_bulk,1
554,3821,liquid_bulk,1
554,3826,liquid_bulk,1
554,3827,liquid_bulk,1
554,3841,liquid_bulk,1
554,3849,liquid_bulk,1
554,3850,liquid_bulk,1
554,3851,liquid_bulk,1
554,3852,liquid_bulk,1
554,3853,liquid_bulk,1
554,3854,liquid_bulk,1
554,3855,liquid_bulk,1
554,3857,liquid_bulk,1
554,3858,liquid_bulk,1
554,3859,liquid_bulk,1
554,3864,liquid_bulk,1
554,3865,liquid_bulk,1
554,3879,liquid_bulk,1
554,3925,liquid_bulk,1
554,3926,liquid_bulk,1
554,3928,liquid_bulk,1
554,3929,liquid_bulk,1
554,3930,liquid_bulk,1
554,3933,liquid_bulk,1
554,3934,liquid_bulk,1
554,3940,liquid_bulk,1
554,3941,liquid_bulk,1
554,3955,liquid_bulk,1
554,5595,liquid_bulk,1
554,5610,liquid_bulk,1
554,5949,liquid_bulk,1
554,6031,liquid_bulk,1
554,hh_211,liquid_bulk,1
554,hh_212,liquid_bulk,1
554,hh_213,liquid_bulk,1
554,hh_214,liquid_bulk,1
554,hh_215,liquid_bulk,1
554,hh_216,liquid_bulk,1
554,hh_217,liquid_bulk,1
554,hh_219,liquid_bulk,1
554,hh_220,liquid_bulk,1
554,hh_221,liquid_bulk,1
554,hh_226,liquid_bulk,1
554,hh_227,liquid_bulk,1
554,hh_241,liquid_bulk,1
5578,7794,dry_bulk,1
5578,7800,dry_bulk,1
5579,7756,dry_bulk,1
5580,7739,dry_bulk,1
5586,7740,dry_bulk,1
5599,2370,dry_bulk,1
5599,7993,dry_bulk,1
5600,2223,dry_bulk,1
5601,2211,dry_bulk,1
5601,2273,dry_bulk,1
5602,12039,dry_bulk,1
5602,2602,dry_bulk,1
5602,7741,dry_bulk,1
5602,7990,dry_bulk,1
5604,2329,dry_bulk,1
5604,7746,dry_bulk,1
5604,7754,dry_bulk,1
5604,7988,dry_bulk,1
5605,2301,dry_bulk,1
5605,2306,dry_bulk,1
5605,2310,dry_bulk,1
5605,7759,dry_bulk,1
5605,hh_211,dry_bulk,1
5606,11640,dry_bulk,1
5606,11641,dry_bulk,1
5606,12037,dry_bulk,1
5606,12073,dry_bulk,1
5606,2598,dry_bulk,1
5606,7992,dry_bulk,1
5608,11642,dry_bulk,1
5608,11718,dry_bulk,1
5608,7737,dry_bulk,1
5608,7738,dry_bulk,1
5608,7743,dry_bulk,1
5609,11218,dry_bulk,1
5609,2087,dry_bulk,1
5609,2379,dry_bulk,1
5609,4352,dry_bulk,1
5609,5918,dry_bulk,1
5609,6010,dry_bulk,1
5609,6821,dry_bulk,1
5609,6838,dry_bulk,1
5609,6864,dry_bulk,1
5609,9380,dry_bulk,1
5610,12335,dry_bulk,1
5610,12417,dry_bulk,1
5610,12421,dry_bulk,1
5610,6837,dry_bulk,1
5610,9669,dry_bulk,1
5611,7761,dry_bulk,1
5611,7987,dry_bulk,1
5612,7798,dry_bulk,1
5613,12042,dry_bulk,1
5613,7762,dry_bulk,1
5613,7801,dry_bulk,1
5615,7753,dry_bulk,1
5616,7991,dry_bulk,1
5619,2130,dry_bulk,1
5619,2322,dry_bulk,1
5619,2355,dry_bulk,1
5619,2356,dry_bulk,1
5619,84,dry_bulk,1
5620,2270,dry_bulk,1
5622,2271,dry_bulk,1
5622,2363,dry_bulk,1
5622,83,dry_bulk,1
5623,2303,dry_bulk,1
5624,2265,dry_bulk,1
5624,6806,dry_bulk,1
5626,7749,dry_bulk,1
5627,2124,dry_bulk,1
5628,7752,dry_bulk,1
5629,5860,dry_bulk,1
5630,7747,dry_bulk,1
5632,1256,dry_bulk,1
5637,2226,dry_bulk,1
5637,2262,dry_bulk,1
5637,2328,dry_bulk,1
5638,2127,dry_bulk,1
5638,2279,dry_bulk,1
5638,7736,dry_bulk,1
5639,2249,dry_bulk,1
5645,2365,dry_bulk,1
5648,2126,dry_bulk,1
5648,2323,dry_bulk,1
5651,2129,dry_bulk,1
5671,5625,dry_bulk,1
5671,9668,dry_bulk,1
5674,1265,dry_bulk,1
5674,1266,dry_bulk,1
5674,5671,dry_bulk,1
5675,1264,dry_bulk,1
5675,5725,dry_bulk,1
5675,6347,dry_bulk,1
5676,6270,dry_bulk,1
5697,hh_216,dry_bulk,1
5698,4094,dry_bulk,1
5701,1271,dry_bulk,1
5701,1272,dry_bulk,1
5702,5698,dry_bulk,1
5703,1269,dry_bulk,1
5712,1305,dry_bulk,1
5725,6304,dry_bulk,1
5741,6297,dry_bulk,1
5752,10253,dry_bulk,1
5752,9633,dry_bulk,1
5752,AME,dry_bulk,1
5752,GBR,dry_bulk,1
5752,USA,dry_bulk,1
5755,5949,dry_bulk,1
5755,6725,dry_bulk,1
5759,6374,dry_bulk,1
5776,2846,dry_bulk,1
5777,2856,dry_bulk,1
5779,4656,dry_bulk,1
5782,3205,dry_bulk,1
5782,3309,dry_bulk,1
5783,2859,dry_bulk,1
5783,3056,dry_bulk,1
5784,2745,dry_bulk,1
5784,2837,dry_bulk,1
5784,2840,dry_bulk,1
5784,2899,dry_bulk,1
5784,3013,dry_bulk,1
5784,3043,dry_bulk,1
5784,3061,dry_bulk,1
5784,3081,dry_bulk,1
5786,2833,dry_bulk,1
5786,2864,dry_bulk,1
5788,2865,dry_bulk,1
5801,3301,dry_bulk,1
5803,2869,dry_bulk,1
5804,3279,dry_bulk,1
5806,5741,dry_bulk,1
5806,9811,dry_bulk,1
5809,1437,dry_bulk,1
5809,2840,dry_bulk,1
5809,5949,dry_bulk,1
5810,5752,dry_bulk,1
5811,1352,dry_bulk,1
5811,2533,dry_bulk,1
5820,5833,dry_bulk,1
5833,10197,dry_bulk,1
5833,5739,dry_bulk,1
5833,5783,dry_bulk,1
5833,5795,dry_bulk,1
5833,5810,dry_bulk,1
5833,8120,dry_bulk,1
5833,8182,dry_bulk,1
5833,9709,dry_bulk,1
5833,9723,dry_bulk,1
5833,9732,dry_bulk,1
5833,9743,dry_bulk,1
5833,9759,dry_bulk,1
5833,9782,dry_bulk,1
5833,hh_237,dry_bulk,1
5835,11710,dry_bulk,1
5835,11717,dry_bulk,1
5838,5833,dry_bulk,1
5942,1451,liquid_bulk,1
5942,1466,liquid_bulk,1
5942,2435,liquid_bulk,1
5942,2440,liquid_bulk,1
5942,2441,liquid_bulk,1
5942,5698,liquid_bulk,1
5942,5914,liquid_bulk,1
5942,6216,liquid_bulk,1
5942,6374,liquid_bulk,1
5942,6455,liquid_bulk,1
5942,6482,liquid_bulk,1
5942,6536,liquid_bulk,1
5942,6563,liquid_bulk,1
5942,6590,liquid_bulk,1
5942,6644,liquid_bulk,1
5942,6698,liquid_bulk,1
5942,6725,liquid_bulk,1
5942,6752,liquid_bulk,1
5942,6860,liquid_bulk,1
5942,hh_227,liquid_bulk,1
5943,2455,liquid_bulk,1
5943,5671,liquid_bulk,1
5943,5833,liquid_bulk,1
5943,6135,liquid_bulk,1
5943,6189,liquid_bulk,1
5943,6509,liquid_bulk,1
5944,1269,liquid_bulk,1
5944,2425,liquid_bulk,1
5944,2427,liquid_bulk,1
5944,2428,liquid_bulk,1
5944,2434,liquid_bulk,1
5944,5725,liquid_bulk,1
5944,5806,liquid_bulk,1
5944,5860,liquid_bulk,1
5944,6243,liquid_bulk,1
5944,6347,liquid_bulk,1
5944,6779,liquid_bulk,1
5944,hh_226,liquid_bulk,1
5945,12732,liquid_bulk,1
5945,1469,liquid_bulk,1
5945,5994,liquid_bulk,1
5945,6031,liquid_bulk,1
5945,6401,liquid_bulk,1
5946,6428,liquid_bulk,1
5946,6617,liquid_bulk,1
6,2617,dry_bulk,1
62,USA,dry_bulk,1
62,hh_233,dry_bulk,1
62,hh_235,dry_bulk,1
62,hh_236,dry_bulk,1
62,hh_238,dry_bulk,1
62,hh_239,dry_bulk,1
63,hh_234,dry_bulk,1
63,hh_240,dry_bulk,1
65,10043,dry_bulk,1
65,2827,dry_bulk,1
66,10046,dry_bulk,1
66,2739,dry_bulk,1
66,3225,dry_bulk,1
67,10045,dry_bulk,1
67,2544,dry_bulk,1
67,2736,dry_bulk,1
67,2857,dry_bulk,1
67,2883,dry_bulk,1
67,3230,dry_bulk,1
67,3304,dry_bulk,1
69,10050,dry_bulk,1
69,6345,dry_bulk,1
6929,2608,dry_bulk,1
6929,2623,dry_bulk,1
6929,hh_220,dry_bulk,1
6932,2602,dry_bulk,1
6934,2609,dry_bulk,1
6936,2593,dry_bulk,1
6936,hh_211,dry_bulk,1
6936,hh_226,dry_bulk,1
6936,hh_227,dry_bulk,1
6936,hh_241,dry_bulk,1
70,10048,dry_bulk,1
70,2541,dry_bulk,1
70,2746,dry_bulk,1
70,3303,dry_bulk,1
70,6344,dry_bulk,1
7014,3212,dry_bulk,1
7014,3233,dry_bulk,1
7017,3218,dry_bulk,1
7020,hh_211,dry_bulk,1
7020,hh_220,dry_bulk,1
7020,hh_226,dry_bulk,1
7020,hh_227,dry_bulk,1
7020,hh_241,dry_bulk,1
7022,3219,dry_bulk,1
7024,3203,dry_bulk,1
71,6351,dry_bulk,1
71,6352,dry_bulk,1
72,6350,dry_bulk,1
74,9701,dry_bulk,1
74,9702,dry_bulk,1
75,10048,dry_bulk,1
75,10197,dry_bulk,1
75,10203,dry_bulk,1
75,10207,dry_bulk,1
75,2546,dry_bulk,1
75,3228,dry_bulk,1
75,3307,dry_bulk,1
75,9690,dry_bulk,1
75,9691,dry_bulk,1
75,9723,dry_bulk,1
75,9745,dry_bulk,1
75,9747,dry_bulk,1
75,9767,dry_bulk,1
75,9796,dry_bulk,1
75,9882,dry_bulk,1
75,9993,dry_bulk,1
7565,2829,dry_bulk,1
7587,hh_211,liquid_bulk,1
7587,hh_212,liquid_bulk,1
7587,hh_213,liquid_bulk,1
7587,hh_220,liquid_bulk,1
7587,hh_226,liquid_bulk,1
7587,hh_227,liquid_bulk,1
7587,hh_241,liquid_bulk,1
76,3302,dry_bulk,1
76,3306,dry_bulk,1
76,9704,dry_bulk,1
76,9708,dry_bulk,1
76,9732,dry_bulk,1
76,9766,dry_bulk,1
7739,2616,dry_bulk,1
7740,2615,dry_bulk,1
7740,2618,dry_bulk,1
7740,2620,dry_bulk,1
7740,hh_233,dry_bulk,1
7740,hh_234,dry_bulk,1
7740,hh_235,dry_bulk,1
7740,hh_236,dry_bulk,1
7740,hh_238,dry_bulk,1
7740,hh_240,dry_bulk,1
7741,hh_239,dry_bulk,1
7743,GBR,dry_bulk,1
7753,2622,dry_bulk,1
7754,2617,dry_bulk,1
7754,2621,dry_bulk,1
7758,hh_233,dry_bulk,1
7758,hh_234,dry_bulk,1
7758,hh_235,dry_bulk,1
7758,hh_236,dry_bulk,1
7758,hh_239,dry_bulk,1
7758,hh_240,dry_bulk,1
7764,2606,dry_bulk,1
7764,USA,dry_bulk,1
7765,2617,dry_bulk,1
7765,2618,dry_bulk,1
7765,GBR,dry_bulk,1
7766,2615,dry_bulk,1
7766,2616,dry_bulk,1
7766,2621,dry_bulk,1
7766,2622,dry_bulk,1
7766,GBR,dry_bulk,1
7766,hh_233,dry_bulk,1
7766,hh_234,dry_bulk,1
7766,hh_235,dry_bulk,1
7766,hh_236,dry_bulk,1
7766,hh_239,dry_bulk,1
7766,hh_240,dry_bulk,1
7767,GBR,dry_bulk,1
7767,USA,dry_bulk,1
7768,USA,dry_bulk,1
7769,2620,dry_bulk,1
7769,GBR,dry_bulk,1
7769,USA,dry_bulk,1
7770,GBR,dry_bulk,1
7770,USA,dry_bulk,1
7773,3216,dry_bulk,1
7773,3225,dry_bulk,1
7773,3226,dry_bulk,1
7773,3227,dry_bulk,1
7773,3228,dry_bulk,1
7773,3229,dry_bulk,1
7773,3230,dry_bulk,1
7773,3231,dry_bulk,1
7773,3232,dry_bulk,1
7777,2921,dry_bulk,1
7777,2922,dry_bulk,1
7777,2923,dry_bulk,1
7777,2924,dry_bulk,1
7777,2926,dry_bulk,1
7777,2927,dry_bulk,1
7777,2928,dry_bulk,1
7778,2838,dry_bulk,1
7778,2852,dry_bulk,1
7778,2857,dry_bulk,1
7778,3303,dry_bulk,1
7778,3308,dry_bulk,1
7778,6018,dry_bulk,1
7778,6028,dry_bulk,1
7778,6042,dry_bulk,1
7779,3305,dry_bulk,1
7779,6021,dry_bulk,1
7779,6029,dry_bulk,1
7779,6339,dry_bulk,1
7779,6343,dry_bulk,1
7779,6345,dry_bulk,1
7780,2830,dry_bulk,1
7780,3304,dry_bulk,1
7781,2827,dry_bulk,1
7781,2829,dry_bulk,1
7781,2853,dry_bulk,1
7781,2854,dry_bulk,1
7781,2858,dry_bulk,1
7781,2867,dry_bulk,1
7781,3301,dry_bulk,1
7781,3302,dry_bulk,1
7781,3307,dry_bulk,1
7781,6013,dry_bulk,1
7781,6015,dry_bulk,1
7781,6019,dry_bulk,1
7781,6041,dry_bulk,1
7781,6346,dry_bulk,1
7782,6017,dry_bulk,1
7783,6350,dry_bulk,1
7783,6351,dry_bulk,1
7784,6027,dry_bulk,1
7784,6032,dry_bulk,1
7784,6033,dry_bulk,1
7784,6340,dry_bulk,1
7784,6344,dry_bulk,1
7785,2851,dry_bulk,1
7785,6020,dry_bulk,1
7785,6348,dry_bulk,1
7786,2725,dry_bulk,1
7786,3041,dry_bulk,1
7786,3042,dry_bulk,1
7786,3216,dry_bulk,1
7786,3225,dry_bulk,1
7786,6290,dry_bulk,1
7786,9710,dry_bulk,1
7786,9713,dry_bulk,1
7786,9728,dry_bulk,1
7786,9740,dry_bulk,1
7786,9744,dry_bulk,1
7786,9745,dry_bulk,1
7786,9754,dry_bulk,1
7786,9769,dry_bulk,1
7786,9773,dry_bulk,1
7786,9780,dry_bulk,1
7786,9782,dry_bulk,1
7786,9787,dry_bulk,1
7786,9795,dry_bulk,1
7786,9796,dry_bulk,1
7786,NOR,dry_bulk,1
7787,10001,dry_bulk,1
7787,10002,dry_bulk,1
7787,10206,dry_bulk,1
7787,6304,dry_bulk,1
7787,9689,dry_bulk,1
7787,9696,dry_bulk,1
7787,9762,dry_bulk,1
7787,9770,dry_bulk,1
7787,9772,dry_bulk,1
7787,9776,dry_bulk,1
7787,9786,dry_bulk,1
7787,9793,dry_bulk,1
7787,9881,dry_bulk,1
7788,10004,dry_bulk,1
7788,6294,dry_bulk,1
7788,6296,dry_bulk,1
7788,9693,dry_bulk,1
7788,9705,dry_bulk,1
7788,9718,dry_bulk,1
7788,9725,dry_bulk,1
7788,9731,dry_bulk,1
7788,9739,dry_bulk,1
7788,9747,dry_bulk,1
7788,9757,dry_bulk,1
7788,9763,dry_bulk,1
7788,9778,dry_bulk,1
7788,9785,dry_bulk,1
7788,9794,dry_bulk,1
7788,9799,dry_bulk,1
7788,9801,dry_bulk,1
7788,9804,dry_bulk,1
7788,9805,dry_bulk,1
7788,9993,dry_bulk,1
7789,10000,dry_bulk,1
7789,10003,dry_bulk,1
7789,10197,dry_bulk,1
7789,10199,dry_bulk,1
7789,10200,dry_bulk,1
7789,10201,dry_bulk,1
7789,10202,dry_bulk,1
7789,10203,dry_bulk,1
7789,10204,dry_bulk,1
7789,10205,dry_bulk,1
7789,10208,dry_bulk,1
7789,2719,dry_bulk,1
7789,2721,dry_bulk,1
7789,3035,dry_bulk,1
7789,3037,dry_bulk,1
7789,3038,dry_bulk,1
7789,3226,dry_bulk,1
7789,3227,dry_bulk,1
7789,3228,dry_bulk,1
7789,3231,dry_bulk,1
7789,6295,dry_bulk,1
7789,9690,dry_bulk,1
7789,9695,dry_bulk,1
7789,9697,dry_bulk,1
7789,9700,dry_bulk,1
7789,9702,dry_bulk,1
7789,9703,dry_bulk,1
7789,9704,dry_bulk,1
7789,9706,dry_bulk,1
7789,9707,dry_bulk,1
7789,9708,dry_bulk,1
7789,9709,dry_bulk,1
7789,9711,dry_bulk,1
7789,9712,dry_bulk,1
7789,9715,dry_bulk,1
7789,9716,dry_bulk,1
7789,9717,dry_bulk,1
7789,9719,dry_bulk,1
7789,9720,dry_bulk,1
7789,9721,dry_bulk,1
7789,9723,dry_bulk,1
7789,9724,dry_bulk,1
7789,9727,dry_bulk,1
7789,9729,dry_bulk,1
7789,9730,dry_bulk,1
7789,9732,dry_bulk,1
7789,9733,dry_bulk,1
7789,9734,dry_bulk,1
7789,9736,dry_bulk,1
7789,9738,dry_bulk,1
7789,9741,dry_bulk,1
7789,9742,dry_bulk,1
7789,9743,dry_bulk,1
7789,9746,dry_bulk,1
7789,9748,dry_bulk,1
7789,9751,dry_bulk,1
7789,9752,dry_bulk,1
7789,9753,dry_bulk,1
7789,9755,dry_bulk,1
7789,9756,dry_bulk,1
7789,9758,dry_bulk,1
7789,9759,dry_bulk,1
7789,9764,dry_bulk,1
7789,9765,dry_bulk,1
7789,9766,dry_bulk,1
7789,9767,dry_bulk,1
7789,9768,dry_bulk,1
7789,9771,dry_bulk,1
7789,9774,dry_bulk,1
7789,9775,dry_bulk,1
7789,9779,dry_bulk,1
7789,9781,dry_bulk,1
7789,9783,dry_bulk,1
7789,9784,dry_bulk,1
7789,9788,dry_bulk,1
7789,9789,dry_bulk,1
7789,9791,dry_bulk,1
7789,9797,dry_bulk,1
7789,9798,dry_bulk,1
7789,9800,dry_bulk,1
7789,9802,dry_bulk,1
7789,9803,dry_bulk,1
7789,9806,dry_bulk,1
7789,9807,dry_bulk,1
7789,9880,dry_bulk,1
7789,9883,dry_bulk,1
7789,9994,dry_bulk,1
7789,9995,dry_bulk,1
7789,9997,dry_bulk,1
7789,9998,dry_bulk,1
7789,9999,dry_bulk,1
7789,hh_110,dry_bulk,1
7789,hh_111,dry_bulk,1
7789,hh_112,dry_bulk,1
7789,hh_233,dry_bulk,1
7789,hh_234,dry_bulk,1
7789,hh_235,dry_bulk,1
7789,hh_236,dry_bulk,1
7789,hh_239,dry_bulk,1
7789,hh_240,dry_bulk,1
7790,3039,dry_bulk,1
7790,9691,dry_bulk,1
7790,9694,dry_bulk,1
7790,9698,dry_bulk,1
7790,9714,dry_bulk,1
7790,9726,dry_bulk,1
7790,9749,dry_bulk,1
7790,9761,dry_bulk,1
7791,10198,dry_bulk,1
7791,3232,dry_bulk,1
7791,6298,dry_bulk,1
7791,6299,dry_bulk,1
7791,9735,dry_bulk,1
7791,9750,dry_bulk,1
7791,9790,dry_bulk,1
7791,9884,dry_bulk,1
7791,9996,dry_bulk,1
7792,3036,dry_bulk,1
7792,9692,dry_bulk,1
7792,9777,dry_bulk,1
7792,GBR,dry_bulk,1
7793,10207,dry_bulk,1
7793,9699,dry_bulk,1
7793,9701,dry_bulk,1
7793,9722,dry_bulk,1
7793,9737,dry_bulk,1
7793,9760,dry_bulk,1
7793,9792,dry_bulk,1
7793,9882,dry_bulk,1
7793,AME,dry_bulk,1
78,10001,dry_bulk,1
78,10049,dry_bulk,1
78,9705,dry_bulk,1
78,9707,dry_bulk,1
78,9709,dry_bulk,1
78,9730,dry_bulk,1
78,9733,dry_bulk,1
78,9738,dry_bulk,1
78,9743,dry_bulk,1
78,9753,dry_bulk,1
78,9755,dry_bulk,1
78,9770,dry_bulk,1
78,9780,dry_bulk,1
7819,2739,liquid_bulk,1
7819,2740,liquid_bulk,1
7819,2746,liquid_bulk,1
7819,hh_115,liquid_bulk,1
7819,hh_234,liquid_bulk,1
7819,hh_235,liquid_bulk,1
7819,hh_236,liquid_bulk,1
7819,hh_239,liquid_bulk,1
7819,hh_240,liquid_bulk,1
79,10046,dry_bulk,1
79,10051,dry_bulk,1
79,10199,dry_bulk,1
79,10206,dry_bulk,1
79,2725,dry_bulk,1
79,3301,dry_bulk,1
79,9696,dry_bulk,1
79,9697,dry_bulk,1
79,9703,dry_bulk,1
79,9711,dry_bulk,1
79,9712,dry_bulk,1
79,9713,dry_bulk,1
79,9736,dry_bulk,1
79,9746,dry_bulk,1
79,9750,dry_bulk,1
79,9754,dry_bulk,1
79,9775,dry_bulk,1
79,9776,dry_bulk,1
79,9777,dry_bulk,1
79,9778,dry_bulk,1
79,9786,dry_bulk,1
79,9787,dry_bulk,1
79,9790,dry_bulk,1
79,9799,dry_bulk,1
79,9800,dry_bulk,1
79,9802,dry_bulk,1
79,9803,dry_bulk,1
79,9805,dry_bulk,1
79,9806,dry_bulk,1
79,9880,dry_bulk,1
79,9884,dry_bulk,1
79,9994,dry_bulk,1
8,hh_234,dry_bulk,1
81,USA,dry_bulk,1
8107,2673,dry_bulk,1
8108,2671,dry_bulk,1
8108,2679,dry_bulk,1
8108,2699,dry_bulk,1
8109,2669,dry_bulk,1
8109,2670,dry_bulk,1
8109,2672,dry_bulk,1
8109,2674,dry_bulk,1
8109,2675,dry_bulk,1
8109,2677,dry_bulk,1
8109,2678,dry_bulk,1
8109,2684,dry_bulk,1
8109,2685,dry_bulk,1
8109,hh_211,dry_bulk,1
8109,hh_212,dry_bulk,1
8109,hh_213,dry_bulk,1
8109,hh_214,dry_bulk,1
8109,hh_215,dry_bulk,1
8109,hh_216,dry_bulk,1
8109,hh_217,dry_bulk,1
8109,hh_219,dry_bulk,1
8109,hh_220,dry_bulk,1
8109,hh_221,dry_bulk,1
8109,hh_226,dry_bulk,1
8109,hh_227,dry_bulk,1
8109,hh_241,dry_bulk,1
8111,5698,dry_bulk,1
8112,5860,dry_bulk,1
8112,6536,dry_bulk,1
8112,hh_113,dry_bulk,1
8116,2720,dry_bulk,1
8116,2724,dry_bulk,1
8116,2726,dry_bulk,1
8116,2728,dry_bulk,1
8116,2730,dry_bulk,1
8116,3203,dry_bulk,1
8116,3204,dry_bulk,1
8116,3205,dry_bulk,1
8116,3206,dry_bulk,1
8116,3207,dry_bulk,1
8116,3208,dry_bulk,1
8116,3209,dry_bulk,1
8116,3211,dry_bulk,1
8116,3212,dry_bulk,1
8116,3213,dry_bulk,1
8116,3218,dry_bulk,1
8116,3219,dry_bulk,1
8116,3233,dry_bulk,1
8116,hh_211,dry_bulk,1
8116,hh_212,dry_bulk,1
8116,hh_213,dry_bulk,1
8116,hh_214,dry_bulk,1
8116,hh_215,dry_bulk,1
8116,hh_216,dry_bulk,1
8116,hh_217,dry_bulk,1
8116,hh_219,dry_bulk,1
8116,hh_220,dry_bulk,1
8116,hh_221,dry_bulk,1
8116,hh_226,dry_bulk,1
8116,hh_227,dry_bulk,1
8116,hh_241,dry_bulk,1
8118,2885,dry_bulk,1
8119,2886,dry_bulk,1
8141,2354,container,1
8143,2354,container,1
82,hh_117,dry_bulk,1
8288,2593,dry_bulk,1
8292,2370,dry_bulk,1
8293,2127,dry_bulk,1
8295,2132,dry_bulk,1
8297,2351,dry_bulk,1
8312,2220,dry_bulk,1
8313,2306,dry_bulk,1
8453,2921,dry_bulk,1
8459,3066,dry_bulk,1
8471,3035,dry_bulk,1
8477,2826,dry_bulk,1
8496,9713,dry_bulk,1
8496,9789,dry_bulk,1
8498,10198,dry_bulk,1
8498,10203,dry_bulk,1
8498,9689,dry_bulk,1
8498,9690,dry_bulk,1
8498,9691,dry_bulk,1
8498,9692,dry_bulk,1
8498,9695,dry_bulk,1
8498,9707,dry_bulk,1
8498,9711,dry_bulk,1
8498,9712,dry_bulk,1
8498,9722,dry_bulk,1
8498,9727,dry_bulk,1
8498,9729,dry_bulk,1
8498,9730,dry_bulk,1
8498,9731,dry_bulk,1
8498,9740,dry_bulk,1
8498,9744,dry_bulk,1
8498,9746,dry_bulk,1
8498,9752,dry_bulk,1
8498,9753,dry_bulk,1
8498,9755,dry_bulk,1
8498,9757,dry_bulk,1
8498,9759,dry_bulk,1
8498,9764,dry_bulk,1
8498,9766,dry_bulk,1
8498,9767,dry_bulk,1
8498,9772,dry_bulk,1
8498,9775,dry_bulk,1
8498,9777,dry_bulk,1
8498,9782,dry_bulk,1
8498,9785,dry_bulk,1
8498,9787,dry_bulk,1
8498,9797,dry_bulk,1
8498,9806,dry_bulk,1
8498,9821,dry_bulk,1
8498,9825,dry_bulk,1
8583,6297,liquid_bulk,1
8583,6455,liquid_bulk,1
8593,5833,liquid_bulk,1
8595,2354,container,1
9,hh_235,dry_bulk,1
9380,2213,dry_bulk,1
9380,2302,dry_bulk,1
9380,2314,dry_bulk,1
9380,2362,dry_bulk,1
9381,2121,dry_bulk,1
9381,2239,dry_bulk,1
9381,2351,dry_bulk,1
9381,2609,dry_bulk,1
9382,2129,dry_bulk,1
9382,2133,dry_bulk,1
9382,2207,dry_bulk,1
9382,2215,dry_bulk,1
9382,2219,dry_bulk,1
9382,2232,dry_bulk,1
9382,2235,dry_bulk,1
9382,2318,dry_bulk,1
9382,2359,dry_bulk,1
9382,2595,dry_bulk,1
9382,2603,dry_bulk,1
9382,2608,dry_bulk,1
9383,2130,dry_bulk,1
9383,2132,dry_bulk,1
9383,2134,dry_bulk,1
9383,2135,dry_bulk,1
9383,2204,dry_bulk,1
9383,2211,dry_bulk,1
9383,2214,dry_bulk,1
9383,2220,dry_bulk,1
9383,2222,dry_bulk,1
9383,2223,dry_bulk,1
9383,2226,dry_bulk,1
9383,2229,dry_bulk,1
9383,2230,dry_bulk,1
9383,2231,dry_bulk,1
9383,2236,dry_bulk,1
9383,2237,dry_bulk,1
9383,2240,dry_bulk,1
9383,2242,dry_bulk,1
9383,2245,dry_bulk,1
9383,2258,dry_bulk,1
9383,2259,dry_bulk,1
9383,2268,dry_bulk,1
9383,2270,dry_bulk,1
9383,2274,dry_bulk,1
9383,2277,dry_bulk,1
9383,2278,dry_bulk,1
9383,2279,dry_bulk,1
9383,2306,dry_bulk,1
9383,2310,dry_bulk,1
9383,2311,dry_bulk,1
9383,2312,dry_bulk,1
9383,2323,dry_bulk,1
9383,2325,dry_bulk,1
9383,2329,dry_bulk,1
9383,2358,dry_bulk,1
9383,2360,dry_bulk,1
9383,2363,dry_bulk,1
9383,2593,dry_bulk,1
9383,2594,dry_bulk,1
9383,hh_211,dry_bulk,1
9383,hh_212,dry_bulk,1
9383,hh_213,dry_bulk,1
9383,hh_214,dry_bulk,1
9383,hh_216,dry_bulk,1
9383,hh_220,dry_bulk,1
9383,hh_221,dry_bulk,1
9383,hh_226,dry_bulk,1
9383,hh_227,dry_bulk,1
9383,hh_241,dry_bulk,1
9384,2315,dry_bulk,1
9384,2316,dry_bulk,1
9384,2328,dry_bulk,1
9384,2602,dry_bulk,1
9385,2212,dry_bulk,1
9385,2304,dry_bulk,1
9385,2313,dry_bulk,1
9385,2327,dry_bulk,1
9385,2368,dry_bulk,1
9385,2598,dry_bulk,1
9386,2124,dry_bulk,1
9386,2126,dry_bulk,1
9386,2127,dry_bulk,1
9386,2128,dry_bulk,1
9386,2205,dry_bulk,1
9386,2206,dry_bulk,1
9386,2246,dry_bulk,1
9386,2247,dry_bulk,1
9386,2266,dry_bulk,1
9386,2271,dry_bulk,1
9386,2321,dry_bulk,1
9386,2355,dry_bulk,1
9386,2365,dry_bulk,1
9386,2367,dry_bulk,1
9387,2217,dry_bulk,1
9387,2218,dry_bulk,1
9387,2243,dry_bulk,1
9387,2253,dry_bulk,1
9387,2317,dry_bulk,1
9387,2322,dry_bulk,1
9387,2354,dry_bulk,1
9387,2357,dry_bulk,1
9387,2623,dry_bulk,1
9388,2233,dry_bulk,1
9388,2238,dry_bulk,1
9388,2244,dry_bulk,1
9388,2319,dry_bulk,1
9388,2324,dry_bulk,1
9388,2366,dry_bulk,1
9388,2596,dry_bulk,1
9389,2210,dry_bulk,1
9389,2227,dry_bulk,1
9389,2356,dry_bulk,1
9389,2364,dry_bulk,1
9391,hh_211,dry_bulk,1
9391,hh_212,dry_bulk,1
9391,hh_213,dry_bulk,1
9391,hh_214,dry_bulk,1
9391,hh_216,dry_bulk,1
9391,hh_220,dry_bulk,1
9391,hh_221,dry_bulk,1
9391,hh_226,dry_bulk,1
9391,hh_227,dry_bulk,1
9391,hh_241,dry_bulk,1
9393,5860,dry_bulk,1
9393,6536,dry_bulk,1
9393,hh_113,dry_bulk,1
9397,2720,dry_bulk,1
9397,3203,dry_bulk,1
9397,3204,dry_bulk,1
9397,3205,dry_bulk,1
9397,3206,dry_bulk,1
9397,3208,dry_bulk,1
9397,3212,dry_bulk,1
9397,3213,dry_bulk,1
9397,3218,dry_bulk,1
9397,3219,dry_bulk,1
9397,3233,dry_bulk,1
9397,hh_211,dry_bulk,1
9397,hh_212,dry_bulk,1
9397,hh_213,dry_bulk,1
9397,hh_214,dry_bulk,1
9397,hh_216,dry_bulk,1
9397,hh_220,dry_bulk,1
9397,hh_221,dry_bulk,1
9397,hh_226,dry_bulk,1
9397,hh_227,dry_bulk,1
9397,hh_241,dry_bulk,1
9400,2520,dry_bulk,1
9400,2826,dry_bulk,1
9400,2855,dry_bulk,1
9401,2517,dry_bulk,1
9401,2518,dry_bulk,1
9401,2519,dry_bulk,1
9401,2522,dry_bulk,1
9401,2526,dry_bulk,1
9401,2527,dry_bulk,1
9401,2532,dry_bulk,1
9401,2533,dry_bulk,1
9401,2547,dry_bulk,1
9401,2720,dry_bulk,1
9401,2735,dry_bulk,1
9401,2738,dry_bulk,1
9401,2742,dry_bulk,1
9401,2828,dry_bulk,1
9401,2833,dry_bulk,1
9401,2836,dry_bulk,1
9401,2837,dry_bulk,1
9401,2840,dry_bulk,1
9401,2842,dry_bulk,1
9401,2843,dry_bulk,1
9401,2846,dry_bulk,1
9401,2848,dry_bulk,1
9401,2856,dry_bulk,1
9401,2861,dry_bulk,1
9401,2862,dry_bulk,1
9401,2863,dry_bulk,1
9401,2872,dry_bulk,1
9401,2873,dry_bulk,1
9401,2885,dry_bulk,1
9401,2886,dry_bulk,1
9401,3203,dry_bulk,1
9401,3204,dry_bulk,1
9401,3205,dry_bulk,1
9401,3206,dry_bulk,1
9401,3208,dry_bulk,1
9401,3212,dry_bulk,1
9401,3213,dry_bulk,1
9401,3218,dry_bulk,1
9401,3219,dry_bulk,1
9401,3233,dry_bulk,1
9401,3279,dry_bulk,1
9401,3280,dry_bulk,1
9401,3281,dry_bulk,1
9401,3282,dry_bulk,1
9401,3284,dry_bulk,1
9401,3288,dry_bulk,1
9401,3289,dry_bulk,1
9401,3294,dry_bulk,1
9401,3295,dry_bulk,1
9401,3309,dry_bulk,1
9401,6031,dry_bulk,1
9401,6347,dry_bulk,1
9401,hh_211,dry_bulk,1
9401,hh_212,dry_bulk,1
9401,hh_213,dry_bulk,1
9401,hh_214,dry_bulk,1
9401,hh_216,dry_bulk,1
9401,hh_220,dry_bulk,1
9401,hh_221,dry_bulk,1
9401,hh_226,dry_bulk,1
9401,hh_227,dry_bulk,1
9401,hh_241,dry_bulk,1
9412,hh_212,liquid_bulk,1
9412,hh_213,liquid_bulk,1
9412,hh_214,liquid_bulk,1
9412,hh_220,liquid_bulk,1
9412,hh_227,liquid_bulk,1
9412,hh_241,liquid_bulk,1
949,hh_226,dry_bulk,1
949,hh_241,dry_bulk,1
952,2623,dry_bulk,1
953,2609,dry_bulk,1
9532,2593,dry_bulk,1
9532,2598,dry_bulk,1
9532,2603,dry_bulk,1
9534,2594,dry_bulk,1
9534,2595,dry_bulk,1
9534,2596,dry_bulk,1
9534,2601,dry_bulk,1
9534,2602,dry_bulk,1
9534,2608,dry_bulk,1
9534,2609,dry_bulk,1
9534,2623,dry_bulk,1
9534,hh_211,dry_bulk,1
9534,hh_212,dry_bulk,1
9534,hh_213,dry_bulk,1
9534,hh_214,dry_bulk,1
9534,hh_216,dry_bulk,1
9534,hh_219,dry_bulk,1
9534,hh_220,dry_bulk,1
9534,hh_221,dry_bulk,1
9534,hh_226,dry_bulk,1
9534,hh_227,dry_bulk,1
9534,hh_241,dry_bulk,1
9539,5949,dry_bulk,1
9539,6031,dry_bulk,1
9539,6072,dry_bulk,1
9539,6297,dry_bulk,1
9539,6347,dry_bulk,1
9541,hh_211,dry_bulk,1
9541,hh_212,dry_bulk,1
9541,hh_213,dry_bulk,1
9541,hh_214,dry_bulk,1
9541,hh_216,dry_bulk,1
9541,hh_219,dry_bulk,1
9541,hh_220,dry_bulk,1
9541,hh_221,dry_bulk,1
9541,hh_226,dry_bulk,1
9541,hh_227,dry_bulk,1
9541,hh_241,dry_bulk,1
9547,2354,container,1
9547,2355,container,1
9547,2356,container,1
9550,2846,container,1
956,2593,dry_bulk,1
956,2602,dry_bulk,1
9590,hh_211,dry_bulk,1
9590,hh_227,dry_bulk,1
9590,hh_241,dry_bulk,1
9633,21,dry_bulk,1
9633,2130,dry_bulk,1
9633,2238,dry_bulk,1
9633,7753,dry_bulk,1
9634,12037,dry_bulk,1
9634,1249,dry_bulk,1
9634,7748,dry_bulk,1
9634,9,dry_bulk,1
9635,11636,dry_bulk,1
9635,1643,dry_bulk,1
9635,83,dry_bulk,1
9635,87,dry_bulk,1
9636,2219,dry_bulk,1
9637,11642,dry_bulk,1
9639,11638,dry_bulk,1
9639,11643,dry_bulk,1
9639,11725,dry_bulk,1
9639,2236,dry_bulk,1
9639,2275,dry_bulk,1
9639,2329,dry_bulk,1
9639,2389,dry_bulk,1
9639,4,dry_bulk,1
9639,7746,dry_bulk,1
9639,7794,dry_bulk,1
9640,7797,dry_bulk,1
9641,7741,dry_bulk,1
9641,7743,dry_bulk,1
9642,7736,dry_bulk,1
9643,7735,dry_bulk,1
9643,7796,dry_bulk,1
9645,1248,dry_bulk,1
9646,11644,dry_bulk,1
9646,11718,dry_bulk,1
9646,12039,dry_bulk,1
9646,12041,dry_bulk,1
9646,2121,dry_bulk,1
9646,2205,dry_bulk,1
9646,2230,dry_bulk,1
9646,2593,dry_bulk,1
9646,7738,dry_bulk,1
9646,7795,dry_bulk,1
9648,11634,dry_bulk,1
9648,1303,dry_bulk,1
9648,2133,dry_bulk,1
9648,2223,dry_bulk,1
9648,2285,dry_bulk,1
9648,2305,dry_bulk,1
9648,2310,dry_bulk,1
9648,2319,dry_bulk,1
9648,3550,dry_bulk,1
9648,3554,dry_bulk,1
9648,7528,dry_bulk,1
9648,7541,dry_bulk,1
9648,7750,dry_bulk,1
9648,7798,dry_bulk,1
9648,7799,dry_bulk,1
9649,1309,dry_bulk,1
9649,2259,dry_bulk,1
9649,2272,dry_bulk,1
9649,2299,dry_bulk,1
9649,2301,dry_bulk,1
9649,28,dry_bulk,1
9649,7740,dry_bulk,1
9651,17,dry_bulk,1
9651,2325,dry_bulk,1
9652,22,dry_bulk,1
9652,2278,dry_bulk,1
9652,7752,dry_bulk,1
9653,2308,dry_bulk,1
9653,8517,dry_bulk,1
9655,12250,dry_bulk,1
9655,7749,dry_bulk,1
9655,84,dry_bulk,1
9657,11637,dry_bulk,1
9657,2213,dry_bulk,1
9657,2229,dry_bulk,1
9658,1,dry_bulk,1
9658,2387,dry_bulk,1
9658,7747,dry_bulk,1
9658,88,dry_bulk,1
9659,12073,dry_bulk,1
9659,7,dry_bulk,1
9659,7739,dry_bulk,1
9659,7745,dry_bulk,1
9659,7754,dry_bulk,1
9659,7800,dry_bulk,1
9660,10,dry_bulk,1
9660,1250,dry_bulk,1
9660,1308,dry_bulk,1
9661,1253,dry_bulk,1
9661,1254,dry_bulk,1
9661,1305,dry_bulk,1
9661,2222,dry_bulk,1
9661,2237,dry_bulk,1
9661,23,dry_bulk,1
9661,2306,dry_bulk,1
9661,2598,dry_bulk,1
9661,7573,dry_bulk,1
9662,11635,dry_bulk,1
9662,12036,dry_bulk,1
9662,12072,dry_bulk,1
9662,1258,dry_bulk,1
9662,3,dry_bulk,1
9662,5,dry_bulk,1
9662,5595,dry_bulk,1
9662,5610,dry_bulk,1
9662,6,dry_bulk,1
9662,7527,dry_bulk,1
9662,7801,dry_bulk,1
9663,0,dry_bulk,1
9663,11640,dry_bulk,1
9663,2,dry_bulk,1
9663,7525,dry_bulk,1
9663,7529,dry_bulk,1
9663,7737,dry_bulk,1
9663,8,dry_bulk,1
9664,7524,dry_bulk,1
9664,85,dry_bulk,1
9665,40,dry_bulk,1
9665,7814,dry_bulk,1
9666,1266,dry_bulk,1
9666,1449,dry_bulk,1
9666,2598,dry_bulk,1
9667,2674,dry_bulk,1
9668,11741,dry_bulk,1
9668,1264,dry_bulk,1
9668,1425,dry_bulk,1
9668,2669,dry_bulk,1
9668,3170,dry_bulk,1
9668,7761,dry_bulk,1
9668,7816,dry_bulk,1
9669,1317,dry_bulk,1
9669,1319,dry_bulk,1
9669,1427,dry_bulk,1
9669,1448,dry_bulk,1
9669,2387,dry_bulk,1
9669,2595,dry_bulk,1
9669,3167,dry_bulk,1
9669,7762,dry_bulk,1
9670,103,dry_bulk,1
9670,5914,dry_bulk,1
9671,2671,dry_bulk,1
9671,7755,dry_bulk,1
9671,8561,dry_bulk,1
9674,1263,dry_bulk,1
9674,1318,dry_bulk,1
9674,1320,dry_bulk,1
9674,1443,dry_bulk,1
9674,2394,dry_bulk,1
9674,2716,dry_bulk,1
9674,5671,dry_bulk,1
9674,7759,dry_bulk,1
9674,8559,dry_bulk,1
9675,106,dry_bulk,1
9675,11671,dry_bulk,1
9675,1262,dry_bulk,1
9675,1323,dry_bulk,1
9675,1444,dry_bulk,1
9675,1445,dry_bulk,1
9675,7760,dry_bulk,1
9675,7811,dry_bulk,1
9675,7813,dry_bulk,1
9675,7815,dry_bulk,1
9676,101,dry_bulk,1
9676,102,dry_bulk,1
9676,11664,dry_bulk,1
9676,11734,dry_bulk,1
9676,35,dry_bulk,1
9676,36,dry_bulk,1
9676,7756,dry_bulk,1
9676,7757,dry_bulk,1
9676,7758,dry_bulk,1
9676,7810,dry_bulk,1
9676,7812,dry_bulk,1
9676,7817,dry_bulk,1
9676,hh_136,dry_bulk,1
9676,hh_137,dry_bulk,1
9676,hh_138,dry_bulk,1
9676,hh_139,dry_bulk,1
9676,hh_140,dry_bulk,1
9676,hh_141,dry_bulk,1
9676,hh_142,dry_bulk,1
9676,hh_143,dry_bulk,1
9676,hh_150,dry_bulk,1
9676,hh_151,dry_bulk,1
9676,hh_152,dry_bulk,1
9676,hh_61,dry_bulk,1
9676,hh_68,dry_bulk,1
9678,2603,dry_bulk,1
9681,2593,dry_bulk,1
9682,2602,dry_bulk,1
9682,6536,dry_bulk,1
9686,2598,dry_bulk,1
9702,12259,dry_bulk,1
9718,8439,dry_bulk,1
9719,8669,dry_bulk,1
9732,12257,dry_bulk,1
9733,8900,dry_bulk,1
9739,12732,dry_bulk,1
9752,12285,dry_bulk,1
9752,8658,dry_bulk,1
9755,12246,dry_bulk,1
977,hh_227,dry_bulk,1
9784,1331,dry_bulk,1
9798,8898,dry_bulk,1
9802,8667,dry_bulk,1
9805,8585,dry_bulk,1
9805,8676,dry_bulk,1
9808,2517,dry_bulk,1
981,hh_211,dry_bulk,1
981,hh_220,dry_bulk,1
981,hh_226,dry_bulk,1
981,hh_241,dry_bulk,1
9810,2856,dry_bulk,1
9812,3205,dry_bulk,1
9812,3284,dry_bulk,1
9813,2865,dry_bulk,1
9814,2525,dry_bulk,1
9814,2526,dry_bulk,1
9814,2842,dry_bulk,1
9814,2863,dry_bulk,1
9815,3285,dry_bulk,1
9815,3286,dry_bulk,1
9817,2523,dry_bulk,1
9817,2527,dry_bulk,1
9817,3213,dry_bulk,1
9817,3281,dry_bulk,1
9817,6347,dry_bulk,1
9818,3203,dry_bulk,1
9818,3279,dry_bulk,1
9818,6031,dry_bulk,1
9820,11717,dry_bulk,1
9821,7792,dry_bulk,1
9823,3281,dry_bulk,1
9824,2557,dry_bulk,1
9824,5725,dry_bulk,1
9824,7787,dry_bulk,1
9824,7793,dry_bulk,1
9825,7789,dry_bulk,1
9826,3286,dry_bulk,1
9828,2555,dry_bulk,1
9829,11702,dry_bulk,1
9829,2562,dry_bulk,1
9829,2724,dry_bulk,1
9829,2726,dry_bulk,1
9829,3288,dry_bulk,1
9829,5833,dry_bulk,1
9829,7791,dry_bulk,1
983,hh_211,dry_bulk,1
983,hh_220,dry_bulk,1
9830,10455,dry_bulk,1
9830,11710,dry_bulk,1
9830,3203,dry_bulk,1
9830,7774,dry_bulk,1
9830,7775,dry_bulk,1
9830,7776,dry_bulk,1
9831,11709,dry_bulk,1
9831,7786,dry_bulk,1
9831,7788,dry_bulk,1
9831,7790,dry_bulk,1
987,hh_226,dry_bulk,1
987,hh_227,dry_bulk,1
987,hh_241,dry_bulk,1
9880,2121,liquid_bulk,1
9880,2124,liquid_bulk,1
9880,2126,liquid_bulk,1
9880,2127,liquid_bulk,1
9880,2128,liquid_bulk,1
9880,2129,liquid_bulk,1
9880,2130,liquid_bulk,1
9880,2132,liquid_bulk,1
9880,2133,liquid_bulk,1
9880,2134,liquid_bulk,1
9880,2135,liquid_bulk,1
9880,2205,liquid_bulk,1
9880,2206,liquid_bulk,1
9880,2207,liquid_bulk,1
9880,2210,liquid_bulk,1
9880,2211,liquid_bulk,1
9880,2212,liquid_bulk,1
9880,2214,liquid_bulk,1
9880,2215,liquid_bulk,1
9880,2217,liquid_bulk,1
9880,2219,liquid_bulk,1
9880,2220,liquid_bulk,1
9880,2222,liquid_bulk,1
9880,2223,liquid_bulk,1
9880,2226,liquid_bulk,1
9880,2227,liquid_bulk,1
9880,2230,liquid_bulk,1
9880,2231,liquid_bulk,1
9880,2235,liquid_bulk,1
9880,2238,liquid_bulk,1
9880,2239,liquid_bulk,1
9880,2240,liquid_bulk,1
9880,2242,liquid_bulk,1
9880,2243,liquid_bulk,1
9880,2244,liquid_bulk,1
9880,2245,liquid_bulk,1
9880,2247,liquid_bulk,1
9880,2252,liquid_bulk,1
9880,2253,liquid_bulk,1
9880,2254,liquid_bulk,1
9880,2255,liquid_bulk,1
9880,2256,liquid_bulk,1
9880,2258,liquid_bulk,1
9880,2259,liquid_bulk,1
9880,2260,liquid_bulk,1
9880,2262,liquid_bulk,1
9880,2263,liquid_bulk,1
9880,2264,liquid_bulk,1
9880,2265,liquid_bulk,1
9880,2268,liquid_bulk,1
9880,2269,liquid_bulk,1
9880,2270,liquid_bulk,1
9880,2271,liquid_bulk,1
9880,2272,liquid_bulk,1
9880,2274,liquid_bulk,1
9880,2275,liquid_bulk,1
9880,2278,liquid_bulk,1
9880,2282,liquid_bulk,1
9880,2283,liquid_bulk,1
9880,2294,liquid_bulk,1
9880,2301,liquid_bulk,1
9880,2302,liquid_bulk,1
9880,2303,liquid_bulk,1
9880,2304,liquid_bulk,1
9880,2305,liquid_bulk,1
9880,2306,liquid_bulk,1
9880,2308,liquid_bulk,1
9880,2310,liquid_bulk,1
9880,2311,liquid_bulk,1
9880,2312,liquid_bulk,1
9880,2313,liquid_bulk,1
9880,2315,liquid_bulk,1
9880,2316,liquid_bulk,1
9880,2317,liquid_bulk,1
9880,2318,liquid_bulk,1
9880,2321,liquid_bulk,1
9880,2322,liquid_bulk,1
9880,2323,liquid_bulk,1
9880,2325,liquid_bulk,1
9880,2326,liquid_bulk,1
9880,2327,liquid_bulk,1
9880,2328,liquid_bulk,1
9880,2329,liquid_bulk,1
9880,2351,liquid_bulk,1
9880,2354,liquid_bulk,1
9880,2355,liquid_bulk,1
9880,2357,liquid_bulk,1
9880,2358,liquid_bulk,1
9880,2359,liquid_bulk,1
9880,2362,liquid_bulk,1
9880,2364,liquid_bulk,1
9880,2365,liquid_bulk,1
9880,2366,liquid_bulk,1
9880,2367,liquid_bulk,1
9880,2368,liquid_bulk,1
9880,2390,liquid_bulk,1
9880,2391,liquid_bulk,1
9880,2393,liquid_bulk,1
9880,2395,liquid_bulk,1
9880,2396,liquid_bulk,1
9880,2397,liquid_bulk,1
9880,2402,liquid_bulk,1
9880,2403,liquid_bulk,1
9880,2417,liquid_bulk,1
9880,2425,liquid_bulk,1
9880,2426,liquid_bulk,1
9880,2428,liquid_bulk,1
9880,2429,liquid_bulk,1
9880,2433,liquid_bulk,1
9880,2434,liquid_bulk,1
9880,2435,liquid_bulk,1
9880,2440,liquid_bulk,1
9880,2441,liquid_bulk,1
9880,2455,liquid_bulk,1
9880,2517,liquid_bulk,1
9880,2519,liquid_bulk,1
9880,2520,liquid_bulk,1
9880,2521,liquid_bulk,1
9880,2522,liquid_bulk,1
9880,2523,liquid_bulk,1
9880,2525,liquid_bulk,1
9880,2527,liquid_bulk,1
9880,2532,liquid_bulk,1
9880,2533,liquid_bulk,1
9880,2555,liquid_bulk,1
9880,2556,liquid_bulk,1
9880,2557,liquid_bulk,1
9880,2559,liquid_bulk,1
9880,2560,liquid_bulk,1
9880,2561,liquid_bulk,1
9880,2563,liquid_bulk,1
9880,2565,liquid_bulk,1
9880,2570,liquid_bulk,1
9880,2593,liquid_bulk,1
9880,2594,liquid_bulk,1
9880,2597,liquid_bulk,1
9880,2598,liquid_bulk,1
9880,2599,liquid_bulk,1
9880,2602,liquid_bulk,1
9880,2603,liquid_bulk,1
9880,2608,liquid_bulk,1
9880,2609,liquid_bulk,1
9880,2623,liquid_bulk,1
9880,2669,liquid_bulk,1
9880,2672,liquid_bulk,1
9880,2675,liquid_bulk,1
9880,2677,liquid_bulk,1
9880,2678,liquid_bulk,1
9880,2679,liquid_bulk,1
9880,2685,liquid_bulk,1
9880,2699,liquid_bulk,1
9880,2708,liquid_bulk,1
9880,2711,liquid_bulk,1
9880,2715,liquid_bulk,1
9880,2720,liquid_bulk,1
9880,2726,liquid_bulk,1
9880,2728,liquid_bulk,1
9880,2735,liquid_bulk,1
9880,2738,liquid_bulk,1
9880,2742,liquid_bulk,1
9880,2748,liquid_bulk,1
9880,2749,liquid_bulk,1
9880,2752,liquid_bulk,1
9880,2754,liquid_bulk,1
9880,2756,liquid_bulk,1
9880,2758,liquid_bulk,1
9880,2764,liquid_bulk,1
9880,2826,liquid_bulk,1
9880,2836,liquid_bulk,1
9880,2843,liquid_bulk,1
9880,2846,liquid_bulk,1
9880,2855,liquid_bulk,1
9880,2856,liquid_bulk,1
9880,2859,liquid_bulk,1
9880,2861,liquid_bulk,1
9880,2863,liquid_bulk,1
9880,2865,liquid_bulk,1
9880,2873,liquid_bulk,1
9880,2885,liquid_bulk,1
9880,2899,liquid_bulk,1
9880,2900,liquid_bulk,1
9880,2901,liquid_bulk,1
9880,2903,liquid_bulk,1
9880,2904,liquid_bulk,1
9880,2907,liquid_bulk,1
9880,2908,liquid_bulk,1
9880,2914,liquid_bulk,1
9880,2915,liquid_bulk,1
9880,2929,liquid_bulk,1
9880,2975,liquid_bulk,1
9880,2976,liquid_bulk,1
9880,2978,liquid_bulk,1
9880,2980,liquid_bulk,1
9880,2981,liquid_bulk,1
9880,2983,liquid_bulk,1
9880,2984,liquid_bulk,1
9880,2985,liquid_bulk,1
9880,2990,liquid_bulk,1
9880,2991,liquid_bulk,1
9880,3005,liquid_bulk,1
9880,3013,liquid_bulk,1
9880,3014,liquid_bulk,1
9880,3016,liquid_bulk,1
9880,3017,liquid_bulk,1
9880,3018,liquid_bulk,1
9880,3019,liquid_bulk,1
9880,3021,liquid_bulk,1
9880,3023,liquid_bulk,1
9880,3028,liquid_bulk,1
9880,3029,liquid_bulk,1
9880,3054,liquid_bulk,1
9880,3055,liquid_bulk,1
9880,3056,liquid_bulk,1
9880,3059,liquid_bulk,1
9880,3060,liquid_bulk,1
9880,3061,liquid_bulk,1
9880,3066,liquid_bulk,1
9880,3067,liquid_bulk,1
9880,3081,liquid_bulk,1
9880,3165,liquid_bulk,1
9880,3169,liquid_bulk,1
9880,3170,liquid_bulk,1
9880,3173,liquid_bulk,1
9880,3174,liquid_bulk,1
9880,3175,liquid_bulk,1
9880,3181,liquid_bulk,1
9880,3195,liquid_bulk,1
9880,3203,liquid_bulk,1
9880,3204,liquid_bulk,1
9880,3205,liquid_bulk,1
9880,3206,liquid_bulk,1
9880,3207,liquid_bulk,1
9880,3208,liquid_bulk,1
9880,3211,liquid_bulk,1
9880,3213,liquid_bulk,1
9880,3219,liquid_bulk,1
9880,3241,liquid_bulk,1
9880,3242,liquid_bulk,1
9880,3245,liquid_bulk,1
9880,3246,liquid_bulk,1
9880,3247,liquid_bulk,1
9880,3249,liquid_bulk,1
9880,3250,liquid_bulk,1
9880,3251,liquid_bulk,1
9880,3256,liquid_bulk,1
9880,3271,liquid_bulk,1
9880,3279,liquid_bulk,1
9880,3280,liquid_bulk,1
9880,3282,liquid_bulk,1
9880,3283,liquid_bulk,1
9880,3287,liquid_bulk,1
9880,3288,liquid_bulk,1
9880,3289,liquid_bulk,1
9880,3295,liquid_bulk,1
9880,3309,liquid_bulk,1
9880,3317,liquid_bulk,1
9880,3320,liquid_bulk,1
9880,3321,liquid_bulk,1
9880,3323,liquid_bulk,1
9880,3325,liquid_bulk,1
9880,3326,liquid_bulk,1
9880,3333,liquid_bulk,1
9880,3347,liquid_bulk,1
9880,3356,liquid_bulk,1
9880,3358,liquid_bulk,1
9880,3363,liquid_bulk,1
9880,3365,liquid_bulk,1
9880,3385,liquid_bulk,1
9880,3393,liquid_bulk,1
9880,3397,liquid_bulk,1
9880,3398,liquid_bulk,1
9880,3399,liquid_bulk,1
9880,3403,liquid_bulk,1
9880,3409,liquid_bulk,1
9880,3435,liquid_bulk,1
9880,3436,liquid_bulk,1
9880,3437,liquid_bulk,1
9880,3439,liquid_bulk,1
9880,3440,liquid_bulk,1
9880,3441,liquid_bulk,1
9880,3446,liquid_bulk,1
9880,3447,liquid_bulk,1
9880,3461,liquid_bulk,1
9880,3470,liquid_bulk,1
9880,3472,liquid_bulk,1
9880,3473,liquid_bulk,1
9880,3474,liquid_bulk,1
9880,3477,liquid_bulk,1
9880,3485,liquid_bulk,1
9880,3499,liquid_bulk,1
9880,3508,liquid_bulk,1
9880,3510,liquid_bulk,1
9880,3511,liquid_bulk,1
9880,3512,liquid_bulk,1
9880,3513,liquid_bulk,1
9880,3516,liquid_bulk,1
9880,3517,liquid_bulk,1
9880,3522,liquid_bulk,1
9880,3537,liquid_bulk,1
9880,3697,liquid_bulk,1
9880,3698,liquid_bulk,1
9880,3699,liquid_bulk,1
9880,3700,liquid_bulk,1
9880,3702,liquid_bulk,1
9880,3712,liquid_bulk,1
9880,3713,liquid_bulk,1
9880,3727,liquid_bulk,1
9880,3773,liquid_bulk,1
9880,3775,liquid_bulk,1
9880,3781,liquid_bulk,1
9880,3789,liquid_bulk,1
9880,3803,liquid_bulk,1
9880,3811,liquid_bulk,1
9880,3813,liquid_bulk,1
9880,3814,liquid_bulk,1
9880,3819,liquid_bulk,1
9880,3820,liquid_bulk,1
9880,3821,liquid_bulk,1
9880,3827,liquid_bulk,1
9880,3841,liquid_bulk,1
9880,3849,liquid_bulk,1
9880,3850,liquid_bulk,1
9880,3852,liquid_bulk,1
9880,3853,liquid_bulk,1
9880,3855,liquid_bulk,1
9880,3857,liquid_bulk,1
9880,3859,liquid_bulk,1
9880,3864,liquid_bulk,1
9880,3879,liquid_bulk,1
9880,3925,liquid_bulk,1
9880,3926,liquid_bulk,1
9880,3929,liquid_bulk,1
9880,3930,liquid_bulk,1
9880,3931,liquid_bulk,1
9880,3933,liquid_bulk,1
9880,3934,liquid_bulk,1
9880,3935,liquid_bulk,1
9880,3940,liquid_bulk,1
9880,4001,liquid_bulk,1
9880,4002,liquid_bulk,1
9880,4003,liquid_bulk,1
9880,4004,liquid_bulk,1
9880,4005,liquid_bulk,1
9880,4009,liquid_bulk,1
9880,4010,liquid_bulk,1
9880,4011,liquid_bulk,1
9880,4017,liquid_bulk,1
9880,6031,liquid_bulk,1
9880,6401,liquid_bulk,1
9880,6428,liquid_bulk,1
9880,hh_211,liquid_bulk,1
9880,hh_212,liquid_bulk,1
9880,hh_214,liquid_bulk,1
9880,hh_215,liquid_bulk,1
9880,hh_216,liquid_bulk,1
9880,hh_217,liquid_bulk,1
9880,hh_219,liquid_bulk,1
9880,hh_220,liquid_bulk,1
9880,hh_221,liquid_bulk,1
9880,hh_226,liquid_bulk,1
9880,hh_227,liquid_bulk,1
9880,hh_241,liquid_bulk,1
9881,2213,liquid_bulk,1
9881,2236,liquid_bulk,1
9881,2249,liquid_bulk,1
9881,2261,liquid_bulk,1
9881,2273,liquid_bulk,1
9881,2277,liquid_bulk,1
9881,2281,liquid_bulk,1
9881,2307,liquid_bulk,1
9881,2314,liquid_bulk,1
9881,2324,liquid_bulk,1
9881,2356,liquid_bulk,1
9881,2360,liquid_bulk,1
9881,2363,liquid_bulk,1
9881,2387,liquid_bulk,1
9881,2389,liquid_bulk,1
9881,2392,liquid_bulk,1
9881,2558,liquid_bulk,1
9881,2564,liquid_bulk,1
9881,2601,liquid_bulk,1
9881,2724,liquid_bulk,1
9881,2840,liquid_bulk,1
9881,3052,liquid_bulk,1
9881,3168,liquid_bulk,1
9881,3180,liquid_bulk,1
9881,3209,liquid_bulk,1
9881,3294,liquid_bulk,1
9881,3318,liquid_bulk,1
9881,3319,liquid_bulk,1
9881,3322,liquid_bulk,1
9881,3355,liquid_bulk,1
9881,3361,liquid_bulk,1
9881,3371,liquid_bulk,1
9881,3402,liquid_bulk,1
9881,3423,liquid_bulk,1
9881,3431,liquid_bulk,1
9881,3432,liquid_bulk,1
9881,3434,liquid_bulk,1
9881,3469,liquid_bulk,1
9881,3475,liquid_bulk,1
9881,3706,liquid_bulk,1
9881,3707,liquid_bulk,1
9881,3776,liquid_bulk,1
9881,3782,liquid_bulk,1
9881,3815,liquid_bulk,1
9881,3817,liquid_bulk,1
9881,3854,liquid_bulk,1
9881,3858,liquid_bulk,1
9881,4006,liquid_bulk,1
9881,4016,liquid_bulk,1
9881,5833,liquid_bulk,1
9881,6374,liquid_bulk,1
9881,6455,liquid_bulk,1
9881,6509,liquid_bulk,1
9882,2229,liquid_bulk,1
9882,2257,liquid_bulk,1
9882,2266,liquid_bulk,1
9882,2286,liquid_bulk,1
9882,2291,liquid_bulk,1
9882,2319,liquid_bulk,1
9882,2388,liquid_bulk,1
9882,2526,liquid_bulk,1
9882,2547,liquid_bulk,1
9882,2670,liquid_bulk,1
9882,2673,liquid_bulk,1
9882,2674,liquid_bulk,1
9882,2684,liquid_bulk,1
9882,2709,liquid_bulk,1
9882,2713,liquid_bulk,1
9882,2745,liquid_bulk,1
9882,2751,liquid_bulk,1
9882,2753,liquid_bulk,1
9882,2757,liquid_bulk,1
9882,2828,liquid_bulk,1
9882,2837,liquid_bulk,1
9882,2862,liquid_bulk,1
9882,2864,liquid_bulk,1
9882,2872,liquid_bulk,1
9882,2902,liquid_bulk,1
9882,2905,liquid_bulk,1
9882,2977,liquid_bulk,1
9882,2979,liquid_bulk,1
9882,3043,liquid_bulk,1
9882,3051,liquid_bulk,1
9882,3057,liquid_bulk,1
9882,3166,liquid_bulk,1
9882,3167,liquid_bulk,1
9882,3171,liquid_bulk,1
9882,3218,liquid_bulk,1
9882,3327,liquid_bulk,1
9882,3357,liquid_bulk,1
9882,3364,liquid_bulk,1
9882,3396,liquid_bulk,1
9882,3408,liquid_bulk,1
9882,3478,liquid_bulk,1
9882,3484,liquid_bulk,1
9882,3507,liquid_bulk,1
9882,3515,liquid_bulk,1
9882,3701,liquid_bulk,1
9882,3703,liquid_bulk,1
9882,3705,liquid_bulk,1
9882,3774,liquid_bulk,1
9882,3928,liquid_bulk,1
9882,4007,liquid_bulk,1
9882,5949,liquid_bulk,1
9882,6297,liquid_bulk,1
9883,2218,liquid_bulk,1
9883,2232,liquid_bulk,1
9883,2233,liquid_bulk,1
9883,2237,liquid_bulk,1
9883,2246,liquid_bulk,1
9883,2285,liquid_bulk,1
9883,2427,liquid_bulk,1
9883,2571,liquid_bulk,1
9883,2596,liquid_bulk,1
9883,2671,liquid_bulk,1
9883,2750,liquid_bulk,1
9883,2763,liquid_bulk,1
9883,2848,liquid_bulk,1
9883,2909,liquid_bulk,1
9883,3015,liquid_bulk,1
9883,3022,liquid_bulk,1
9883,3053,liquid_bulk,1
9883,3233,liquid_bulk,1
9883,3281,liquid_bulk,1
9883,3359,liquid_bulk,1
9883,3394,liquid_bulk,1
9883,3395,liquid_bulk,1
9883,3433,liquid_bulk,1
9883,3471,liquid_bulk,1
9883,3509,liquid_bulk,1
9883,3812,liquid_bulk,1
9883,3816,liquid_bulk,1
9883,3851,liquid_bulk,1
9883,3927,liquid_bulk,1
9883,3955,liquid_bulk,1
9883,5595,liquid_bulk,1
9883,5609,liquid_bulk,1
9883,5610,liquid_bulk,1
9883,5671,liquid_bulk,1
9883,5698,liquid_bulk,1
9883,5725,liquid_bulk,1
9883,5779,liquid_bulk,1
9883,5806,liquid_bulk,1
9883,6347,liquid_bulk,1
9883,6725,liquid_bulk,1
9883,hh_113,liquid_bulk,1
9883,hh_213,liquid_bulk,1
9884,2204,liquid_bulk,1
9884,2279,liquid_bulk,1
9884,2284,liquid_bulk,1
9884,2430,liquid_bulk,1
9884,2431,liquid_bulk,1
9884,2518,liquid_bulk,1
9884,2585,liquid_bulk,1
9884,2595,liquid_bulk,1
9884,2710,liquid_bulk,1
9884,2778,liquid_bulk,1
9884,2833,liquid_bulk,1
9884,2842,liquid_bulk,1
9884,2886,liquid_bulk,1
9884,3212,liquid_bulk,1
9884,3243,liquid_bulk,1
9884,3244,liquid_bulk,1
9884,3257,liquid_bulk,1
9884,3284,liquid_bulk,1
9884,3285,liquid_bulk,1
9884,3332,liquid_bulk,1
9884,3360,liquid_bulk,1
9884,3370,liquid_bulk,1
9884,3401,liquid_bulk,1
9884,3479,liquid_bulk,1
9884,3523,liquid_bulk,1
9884,3777,liquid_bulk,1
9884,3778,liquid_bulk,1
9884,3779,liquid_bulk,1
9884,3783,liquid_bulk,1
9884,3788,liquid_bulk,1
9884,3826,liquid_bulk,1
9884,3865,liquid_bulk,1
9884,3941,liquid_bulk,1
9884,4031,liquid_bulk,1
AFR,1304,dry_bulk,1
AFR,1305,dry_bulk,1
AFR,1306,dry_bulk,1
AFR,1318,dry_bulk,1
AFR,1319,dry_bulk,1
AFR,1320,dry_bulk,1
AFR,1356,dry_bulk,1
AFR,1357,dry_bulk,1
AFR,1358,dry_bulk,1
AFR,1363,dry_bulk,1
AFR,1364,dry_bulk,1
AFR,1365,dry_bulk,1
AFR,1426,dry_bulk,1
AFR,1427,dry_bulk,1
AFR,2121,dry_bulk,1
AFR,2124,dry_bulk,1
AFR,2126,dry_bulk,1
AFR,2127,dry_bulk,1
AFR,2128,dry_bulk,1
AFR,2129,dry_bulk,1
AFR,2130,dry_bulk,1
AFR,2132,dry_bulk,1
AFR,2133,dry_bulk,1
AFR,2134,dry_bulk,1
AFR,2135,dry_bulk,1
AFR,2204,dry_bulk,1
AFR,2205,dry_bulk,1
AFR,2206,dry_bulk,1
AFR,2207,dry_bulk,1
AFR,2210,dry_bulk,1
AFR,2211,dry_bulk,1
AFR,2212,dry_bulk,1
AFR,2213,dry_bulk,1
AFR,2214,dry_bulk,1
AFR,2215,dry_bulk,1
AFR,2217,dry_bulk,1
AFR,2218,dry_bulk,1
AFR,2219,dry_bulk,1
AFR,2220,dry_bulk,1
AFR,2222,dry_bulk,1
AFR,2223,dry_bulk,1
AFR,2226,dry_bulk,1
AFR,2227,dry_bulk,1
AFR,2229,dry_bulk,1
AFR,2230,dry_bulk,1
AFR,2231,dry_bulk,1
AFR,2236,dry_bulk,1
AFR,2237,dry_bulk,1
AFR,2238,dry_bulk,1
AFR,2239,dry_bulk,1
AFR,2240,dry_bulk,1
AFR,2242,dry_bulk,1
AFR,2243,dry_bulk,1
AFR,2247,dry_bulk,1
AFR,2253,dry_bulk,1
AFR,2255,dry_bulk,1
AFR,2257,dry_bulk,1
AFR,2258,dry_bulk,1
AFR,2259,dry_bulk,1
AFR,2263,dry_bulk,1
AFR,2264,dry_bulk,1
AFR,2266,dry_bulk,1
AFR,2268,dry_bulk,1
AFR,2269,dry_bulk,1
AFR,2270,dry_bulk,1
AFR,2271,dry_bulk,1
AFR,2273,dry_bulk,1
AFR,2274,dry_bulk,1
AFR,2277,dry_bulk,1
AFR,2278,dry_bulk,1
AFR,2279,dry_bulk,1
AFR,2281,dry_bulk,1
AFR,2282,dry_bulk,1
AFR,2283,dry_bulk,1
AFR,2284,dry_bulk,1
AFR,2285,dry_bulk,1
AFR,2286,dry_bulk,1
AFR,2291,dry_bulk,1
AFR,2294,dry_bulk,1
AFR,2301,dry_bulk,1
AFR,2302,dry_bulk,1
AFR,2303,dry_bulk,1
AFR,2304,dry_bulk,1
AFR,2305,dry_bulk,1
AFR,2306,dry_bulk,1
AFR,2307,dry_bulk,1
AFR,2308,dry_bulk,1
AFR,2310,dry_bulk,1
AFR,2311,dry_bulk,1
AFR,2312,dry_bulk,1
AFR,2313,dry_bulk,1
AFR,2314,dry_bulk,1
AFR,2315,dry_bulk,1
AFR,2316,dry_bulk,1
AFR,2317,dry_bulk,1
AFR,2318,dry_bulk,1
AFR,2319,dry_bulk,1
AFR,2321,dry_bulk,1
AFR,2322,dry_bulk,1
AFR,2323,dry_bulk,1
AFR,2324,dry_bulk,1
AFR,2325,dry_bulk,1
AFR,2327,dry_bulk,1
AFR,2328,dry_bulk,1
AFR,2329,dry_bulk,1
AFR,2351,dry_bulk,1
AFR,2354,dry_bulk,1
AFR,2355,dry_bulk,1
AFR,2356,dry_bulk,1
AFR,2357,dry_bulk,1
AFR,2358,dry_bulk,1
AFR,2359,dry_bulk,1
AFR,2360,dry_bulk,1
AFR,2362,dry_bulk,1
AFR,2363,dry_bulk,1
AFR,2364,dry_bulk,1
AFR,2365,dry_bulk,1
AFR,2366,dry_bulk,1
AFR,2367,dry_bulk,1
AFR,2368,dry_bulk,1
AFR,2370,dry_bulk,1
AFR,2371,dry_bulk,1
AFR,2387,dry_bulk,1
AFR,2388,dry_bulk,1
AFR,2389,dry_bulk,1
AFR,2392,dry_bulk,1
AFR,2393,dry_bulk,1
AFR,2395,dry_bulk,1
AFR,2396,dry_bulk,1
AFR,2397,dry_bulk,1
AFR,2402,dry_bulk,1
AFR,2403,dry_bulk,1
AFR,2417,dry_bulk,1
AFR,2517,dry_bulk,1
AFR,2518,dry_bulk,1
AFR,2519,dry_bulk,1
AFR,2522,dry_bulk,1
AFR,2523,dry_bulk,1
AFR,2525,dry_bulk,1
AFR,2526,dry_bulk,1
AFR,2527,dry_bulk,1
AFR,2532,dry_bulk,1
AFR,2533,dry_bulk,1
AFR,2547,dry_bulk,1
AFR,2593,dry_bulk,1
AFR,2594,dry_bulk,1
AFR,2595,dry_bulk,1
AFR,2598,dry_bulk,1
AFR,2599,dry_bulk,1
AFR,2601,dry_bulk,1
AFR,2602,dry_bulk,1
AFR,2603,dry_bulk,1
AFR,2608,dry_bulk,1
AFR,2609,dry_bulk,1
AFR,2623,dry_bulk,1
AFR,2720,dry_bulk,1
AFR,2724,dry_bulk,1
AFR,2726,dry_bulk,1
AFR,2728,dry_bulk,1
AFR,2735,dry_bulk,1
AFR,2738,dry_bulk,1
AFR,2742,dry_bulk,1
AFR,2745,dry_bulk,1
AFR,2826,dry_bulk,1
AFR,2828,dry_bulk,1
AFR,2833,dry_bulk,1
AFR,2836,dry_bulk,1
AFR,2837,dry_bulk,1
AFR,2840,dry_bulk,1
AFR,2842,dry_bulk,1
AFR,2843,dry_bulk,1
AFR,2846,dry_bulk,1
AFR,2855,dry_bulk,1
AFR,2856,dry_bulk,1
AFR,2861,dry_bulk,1
AFR,2862,dry_bulk,1
AFR,2863,dry_bulk,1
AFR,2864,dry_bulk,1
AFR,2865,dry_bulk,1
AFR,2869,dry_bulk,1
AFR,2872,dry_bulk,1
AFR,2873,dry_bulk,1
AFR,2885,dry_bulk,1
AFR,2886,dry_bulk,1
AFR,2899,dry_bulk,1
AFR,2900,dry_bulk,1
AFR,2901,dry_bulk,1
AFR,2904,dry_bulk,1
AFR,2905,dry_bulk,1
AFR,2907,dry_bulk,1
AFR,2908,dry_bulk,1
AFR,2909,dry_bulk,1
AFR,2914,dry_bulk,1
AFR,2915,dry_bulk,1
AFR,2929,dry_bulk,1
AFR,2975,dry_bulk,1
AFR,2976,dry_bulk,1
AFR,2977,dry_bulk,1
AFR,2980,dry_bulk,1
AFR,2981,dry_bulk,1
AFR,2983,dry_bulk,1
AFR,2984,dry_bulk,1
AFR,2985,dry_bulk,1
AFR,2990,dry_bulk,1
AFR,2991,dry_bulk,1
AFR,3005,dry_bulk,1
AFR,3203,dry_bulk,1
AFR,3204,dry_bulk,1
AFR,3205,dry_bulk,1
AFR,3208,dry_bulk,1
AFR,3209,dry_bulk,1
AFR,3211,dry_bulk,1
AFR,3212,dry_bulk,1
AFR,3213,dry_bulk,1
AFR,3218,dry_bulk,1
AFR,3219,dry_bulk,1
AFR,3233,dry_bulk,1
AFR,3279,dry_bulk,1
AFR,3280,dry_bulk,1
AFR,3281,dry_bulk,1
AFR,3284,dry_bulk,1
AFR,3285,dry_bulk,1
AFR,3287,dry_bulk,1
AFR,3288,dry_bulk,1
AFR,3289,dry_bulk,1
AFR,3294,dry_bulk,1
AFR,3295,dry_bulk,1
AFR,3309,dry_bulk,1
AFR,3355,liquid_bulk,1
AFR,3356,liquid_bulk,1
AFR,3357,liquid_bulk,1
AFR,3360,liquid_bulk,1
AFR,3361,liquid_bulk,1
AFR,3363,liquid_bulk,1
AFR,3364,liquid_bulk,1
AFR,3365,liquid_bulk,1
AFR,3370,liquid_bulk,1
AFR,3371,liquid_bulk,1
AFR,3385,liquid_bulk,1
AFR,3431,liquid_bulk,1
AFR,3432,liquid_bulk,1
AFR,3433,liquid_bulk,1
AFR,3436,liquid_bulk,1
AFR,3437,liquid_bulk,1
AFR,3439,liquid_bulk,1
AFR,3440,liquid_bulk,1
AFR,3441,liquid_bulk,1
AFR,3446,liquid_bulk,1
AFR,3447,liquid_bulk,1
AFR,3461,liquid_bulk,1
AFR,5609,dry_bulk,1
AFR,5610,dry_bulk,1
AFR,5671,dry_bulk,1
AFR,5752,dry_bulk,1
AFR,5806,dry_bulk,1
AFR,5833,dry_bulk,1
AFR,5860,dry_bulk,1
AFR,5914,dry_bulk,1
AFR,6031,dry_bulk,1
AFR,6297,dry_bulk,1
AME,1,dry_bulk,1
AME,10,dry_bulk,1
AME,115,dry_bulk,1
AME,12036,dry_bulk,1
AME,12037,dry_bulk,1
AME,12039,dry_bulk,1
AME,12052,dry_bulk,1
AME,12060,dry_bulk,1
AME,12064,dry_bulk,1
AME,12072,dry_bulk,1
AME,12097,dry_bulk,1
AME,12135,dry_bulk,1
AME,1248,dry_bulk,1
AME,1249,dry_bulk,1
AME,1250,dry_bulk,1
AME,1251,dry_bulk,1
AME,1252,dry_bulk,1
AME,1253,dry_bulk,1
AME,1254,dry_bulk,1
AME,1255,dry_bulk,1
AME,1256,dry_bulk,1
AME,1257,dry_bulk,1
AME,1258,dry_bulk,1
AME,1261,dry_bulk,1
AME,1262,dry_bulk,1
AME,1263,dry_bulk,1
AME,1264,dry_bulk,1
AME,1265,dry_bulk,1
AME,1266,dry_bulk,1
AME,12727,dry_bulk,1
AME,12732,dry_bulk,1
AME,1282,dry_bulk,1
AME,1283,dry_bulk,1
AME,1284,dry_bulk,1
AME,1285,dry_bulk,1
AME,1286,dry_bulk,1
AME,1287,dry_bulk,1
AME,1303,dry_bulk,1
AME,1304,dry_bulk,1
AME,1305,dry_bulk,1
AME,1306,dry_bulk,1
AME,1307,dry_bulk,1
AME,1308,dry_bulk,1
AME,1331,dry_bulk,1
AME,1355,dry_bulk,1
AME,1356,dry_bulk,1
AME,1357,dry_bulk,1
AME,1358,dry_bulk,1
AME,1359,dry_bulk,1
AME,1360,dry_bulk,1
AME,145,dry_bulk,1
AME,147,dry_bulk,1
AME,148,dry_bulk,1
AME,151,dry_bulk,1
AME,152,dry_bulk,1
AME,153,dry_bulk,1
AME,154,dry_bulk,1
AME,1643,dry_bulk,1
AME,20,dry_bulk,1
AME,21,dry_bulk,1
AME,2121,dry_bulk,1
AME,2124,dry_bulk,1
AME,2126,dry_bulk,1
AME,2127,dry_bulk,1
AME,2128,dry_bulk,1
AME,2129,dry_bulk,1
AME,2130,dry_bulk,1
AME,2132,dry_bulk,1
AME,2133,dry_bulk,1
AME,2134,dry_bulk,1
AME,2135,dry_bulk,1
AME,22,dry_bulk,1
AME,2204,dry_bulk,1
AME,2205,dry_bulk,1
AME,2206,dry_bulk,1
AME,2207,dry_bulk,1
AME,2210,dry_bulk,1
AME,2211,dry_bulk,1
AME,2212,dry_bulk,1
AME,2213,dry_bulk,1
AME,2214,dry_bulk,1
AME,2215,dry_bulk,1
AME,2217,dry_bulk,1
AME,2218,dry_bulk,1
AME,2219,dry_bulk,1
AME,2220,dry_bulk,1
AME,2222,dry_bulk,1
AME,2223,dry_bulk,1
AME,2226,dry_bulk,1
AME,2227,dry_bulk,1
AME,2229,dry_bulk,1
AME,2230,dry_bulk,1
AME,2231,dry_bulk,1
AME,2232,dry_bulk,1
AME,2233,dry_bulk,1
AME,2235,dry_bulk,1
AME,2236,dry_bulk,1
AME,2237,dry_bulk,1
AME,2238,dry_bulk,1
AME,2239,dry_bulk,1
AME,2240,dry_bulk,1
AME,2242,dry_bulk,1
AME,2243,dry_bulk,1
AME,2244,dry_bulk,1
AME,2245,dry_bulk,1
AME,2246,dry_bulk,1
AME,2247,dry_bulk,1
AME,2249,dry_bulk,1
AME,2250,dry_bulk,1
AME,2251,dry_bulk,1
AME,2252,dry_bulk,1
AME,2253,dry_bulk,1
AME,2254,dry_bulk,1
AME,2255,dry_bulk,1
AME,2256,dry_bulk,1
AME,2257,dry_bulk,1
AME,2258,dry_bulk,1
AME,2259,dry_bulk,1
AME,2260,dry_bulk,1
AME,2261,dry_bulk,1
AME,2262,dry_bulk,1
AME,2263,dry_bulk,1
AME,2264,dry_bulk,1
AME,2265,dry_bulk,1
AME,2266,dry_bulk,1
AME,2267,dry_bulk,1
AME,2268,dry_bulk,1
AME,2269,dry_bulk,1
AME,2270,dry_bulk,1
AME,2271,dry_bulk,1
AME,2272,dry_bulk,1
AME,2273,dry_bulk,1
AME,2274,dry_bulk,1
AME,2275,dry_bulk,1
AME,2277,dry_bulk,1
AME,2278,dry_bulk,1
AME,2279,dry_bulk,1
AME,228,dry_bulk,1
AME,2281,dry_bulk,1
AME,2282,dry_bulk,1
AME,2283,dry_bulk,1
AME,2284,dry_bulk,1
AME,2285,dry_bulk,1
AME,2286,dry_bulk,1
AME,229,dry_bulk,1
AME,2291,dry_bulk,1
AME,2294,dry_bulk,1
AME,23,dry_bulk,1
AME,2301,dry_bulk,1
AME,2302,dry_bulk,1
AME,2303,dry_bulk,1
AME,2304,dry_bulk,1
AME,2305,dry_bulk,1
AME,2306,dry_bulk,1
AME,2307,dry_bulk,1
AME,2308,dry_bulk,1
AME,2310,dry_bulk,1
AME,2311,dry_bulk,1
AME,2312,dry_bulk,1
AME,2313,dry_bulk,1
AME,2314,dry_bulk,1
AME,2315,dry_bulk,1
AME,2316,dry_bulk,1
AME,2317,dry_bulk,1
AME,2318,dry_bulk,1
AME,2319,dry_bulk,1
AME,232,dry_bulk,1
AME,2321,dry_bulk,1
AME,2322,dry_bulk,1
AME,2323,dry_bulk,1
AME,2324,dry_bulk,1
AME,2325,dry_bulk,1
AME,2326,dry_bulk,1
AME,2327,dry_bulk,1
AME,2328,dry_bulk,1
AME,2329,dry_bulk,1
AME,233,dry_bulk,1
AME,234,dry_bulk,1
AME,235,dry_bulk,1
AME,2351,dry_bulk,1
AME,2354,dry_bulk,1
AME,2355,dry_bulk,1
AME,2356,dry_bulk,1
AME,2357,dry_bulk,1
AME,2358,dry_bulk,1
AME,2359,dry_bulk,1
AME,2360,dry_bulk,1
AME,2362,dry_bulk,1
AME,2363,dry_bulk,1
AME,2364,dry_bulk,1
AME,2365,dry_bulk,1
AME,2366,dry_bulk,1
AME,2367,dry_bulk,1
AME,2368,dry_bulk,1
AME,2370,dry_bulk,1
AME,2371,dry_bulk,1
AME,2387,dry_bulk,1
AME,2388,dry_bulk,1
AME,2389,dry_bulk,1
AME,2390,dry_bulk,1
AME,2391,dry_bulk,1
AME,2392,dry_bulk,1
AME,2393,dry_bulk,1
AME,2395,dry_bulk,1
AME,2396,dry_bulk,1
AME,2397,dry_bulk,1
AME,24,dry_bulk,1
AME,2402,dry_bulk,1
AME,2403,dry_bulk,1
AME,2417,dry_bulk,1
AME,2517,dry_bulk,1
AME,2518,dry_bulk,1
AME,2519,dry_bulk,1
AME,2520,dry_bulk,1
AME,2521,dry_bulk,1
AME,2522,dry_bulk,1
AME,2523,dry_bulk,1
AME,2525,dry_bulk,1
AME,2526,dry_bulk,1
AME,2527,dry_bulk,1
AME,2532,dry_bulk,1
AME,2533,dry_bulk,1
AME,2547,dry_bulk,1
AME,2555,dry_bulk,1
AME,2556,dry_bulk,1
AME,2557,dry_bulk,1
AME,2558,dry_bulk,1
AME,2559,dry_bulk,1
AME,2560,dry_bulk,1
AME,2561,dry_bulk,1
AME,2563,dry_bulk,1
AME,2564,dry_bulk,1
AME,2565,dry_bulk,1
AME,2570,dry_bulk,1
AME,2571,dry_bulk,1
AME,2585,dry_bulk,1
AME,2593,dry_bulk,1
AME,2594,dry_bulk,1
AME,2595,dry_bulk,1
AME,2596,dry_bulk,1
AME,2597,dry_bulk,1
AME,2598,dry_bulk,1
AME,2599,dry_bulk,1
AME,26,dry_bulk,1
AME,2601,dry_bulk,1
AME,2602,dry_bulk,1
AME,2603,dry_bulk,1
AME,2608,dry_bulk,1
AME,2609,dry_bulk,1
AME,2623,dry_bulk,1
AME,27,dry_bulk,1
AME,2720,dry_bulk,1
AME,2724,dry_bulk,1
AME,2726,dry_bulk,1
AME,2728,dry_bulk,1
AME,2730,dry_bulk,1
AME,28,dry_bulk,1
AME,2826,dry_bulk,1
AME,2828,dry_bulk,1
AME,2833,dry_bulk,1
AME,2836,dry_bulk,1
AME,2837,dry_bulk,1
AME,2840,dry_bulk,1
AME,2842,dry_bulk,1
AME,2843,dry_bulk,1
AME,2846,dry_bulk,1
AME,2848,dry_bulk,1
AME,2855,dry_bulk,1
AME,2856,dry_bulk,1
AME,2859,dry_bulk,1
AME,2861,dry_bulk,1
AME,2862,dry_bulk,1
AME,2863,dry_bulk,1
AME,2864,dry_bulk,1
AME,2865,dry_bulk,1
AME,2869,dry_bulk,1
AME,2872,dry_bulk,1
AME,2873,dry_bulk,1
AME,2885,dry_bulk,1
AME,2886,dry_bulk,1
AME,29,dry_bulk,1
AME,3,dry_bulk,1
AME,31,dry_bulk,1
AME,32,dry_bulk,1
AME,3203,dry_bulk,1
AME,3204,dry_bulk,1
AME,3205,dry_bulk,1
AME,3206,dry_bulk,1
AME,3207,dry_bulk,1
AME,3208,dry_bulk,1
AME,3209,dry_bulk,1
AME,3211,dry_bulk,1
AME,3212,dry_bulk,1
AME,3213,dry_bulk,1
AME,3218,dry_bulk,1
AME,3219,dry_bulk,1
AME,3233,dry_bulk,1
AME,33,dry_bulk,1
AME,34,dry_bulk,1
AME,3545,dry_bulk,1
AME,3546,dry_bulk,1
AME,3547,dry_bulk,1
AME,3548,dry_bulk,1
AME,3549,dry_bulk,1
AME,3550,dry_bulk,1
AME,3551,dry_bulk,1
AME,3553,dry_bulk,1
AME,3554,dry_bulk,1
AME,3555,dry_bulk,1
AME,3560,dry_bulk,1
AME,3561,dry_bulk,1
AME,3575,dry_bulk,1
AME,4,dry_bulk,1
AME,5,dry_bulk,1
AME,5595,dry_bulk,1
AME,5609,dry_bulk,1
AME,5610,dry_bulk,1
AME,5779,dry_bulk,1
AME,5806,dry_bulk,1
AME,5833,dry_bulk,1
AME,5860,dry_bulk,1
AME,6,dry_bulk,1
AME,6031,dry_bulk,1
AME,7,dry_bulk,1
AME,7778,dry_bulk,1
AME,7779,dry_bulk,1
AME,7782,dry_bulk,1
AME,7783,dry_bulk,1
AME,7784,dry_bulk,1
AME,7785,dry_bulk,1
AME,7839,dry_bulk,1
AME,7840,dry_bulk,1
AME,7841,dry_bulk,1
AME,8,dry_bulk,1
AME,84,dry_bulk,1
AME,85,dry_bulk,1
AME,88,dry_bulk,1
AME,89,dry_bulk,1
AME,9,dry_bulk,1
AME,90,dry_bulk,1
AME,91,dry_bulk,1
ASI,2354,container,1
ASI,2593,dry_bulk,1
ASI,2602,dry_bulk,1
ASI,2608,dry_bulk,1
ASI,2609,dry_bulk,1
ASI,2623,dry_bulk,1
ASI,3203,dry_bulk,1
ASI,3212,dry_bulk,1
ASI,3218,dry_bulk,1
ASI,3219,dry_bulk,1
ASI,3233,dry_bulk,1
ASI,5671,liquid_bulk,1
ASI,5698,liquid_bulk,1
ASI,5725,liquid_bulk,1
ASI,5779,liquid_bulk,1
ASI,5806,liquid_bulk,1
ASI,6297,liquid_bulk,1
ASI,6320,liquid_bulk,1
ASI,6401,liquid_bulk,1
ASI,6455,liquid_bulk,1
CHN,2354,container,1
CHN,5698,liquid_bulk,1
CHN,6401,liquid_bulk,1
CHN,6455,liquid_bulk,1
GBR,115,dry_bulk,1
GBR,11778,dry_bulk,1
GBR,12727,dry_bulk,1
GBR,227,dry_bulk,1
GBR,228,dry_bulk,1
GBR,229,dry_bulk,1
GBR,232,dry_bulk,1
GBR,233,dry_bulk,1
GBR,234,dry_bulk,1
GBR,235,dry_bulk,1
GBR,2354,container,1
GBR,271,liquid_bulk,1
GBR,2720,dry_bulk,1
GBR,2724,dry_bulk,1
GBR,2726,dry_bulk,1
GBR,2728,dry_bulk,1
GBR,2730,dry_bulk,1
GBR,3203,dry_bulk,1
GBR,3204,dry_bulk,1
GBR,3205,dry_bulk,1
GBR,3206,dry_bulk,1
GBR,3207,dry_bulk,1
GBR,3208,dry_bulk,1
GBR,3209,dry_bulk,1
GBR,3211,dry_bulk,1
GBR,3212,dry_bulk,1
GBR,3213,dry_bulk,1
GBR,3218,dry_bulk,1
GBR,3219,dry_bulk,1
GBR,3233,dry_bulk,1
GBR,5671,dry_bulk,1
GBR,5698,dry_bulk,1
GBR,6428,liquid_bulk,1
MEA,2121,dry_bulk,1
MEA,2124,dry_bulk,1
MEA,2126,dry_bulk,1
MEA,2127,dry_bulk,1
MEA,2128,dry_bulk,1
MEA,2129,dry_bulk,1
MEA,2130,dry_bulk,1
MEA,2132,dry_bulk,1
MEA,2133,dry_bulk,1
MEA,2134,dry_bulk,1
MEA,2135,dry_bulk,1
MEA,2210,dry_bulk,1
MEA,2211,dry_bulk,1
MEA,2213,dry_bulk,1
MEA,2220,dry_bulk,1
MEA,2222,dry_bulk,1
MEA,2223,dry_bulk,1
MEA,2310,dry_bulk,1
MEA,2311,dry_bulk,1
MEA,2312,dry_bulk,1
MEA,2313,dry_bulk,1
MEA,2314,dry_bulk,1
MEA,2315,dry_bulk,1
MEA,2316,dry_bulk,1
MEA,2317,dry_bulk,1
MEA,2318,dry_bulk,1
MEA,2351,dry_bulk,1
MEA,2354,dry_bulk,1
MEA,2355,dry_bulk,1
MEA,2356,dry_bulk,1
MEA,2357,dry_bulk,1
MEA,2358,dry_bulk,1
MEA,2359,dry_bulk,1
MEA,2360,dry_bulk,1
MEA,2362,dry_bulk,1
MEA,2363,dry_bulk,1
MEA,2364,dry_bulk,1
MEA,2365,dry_bulk,1
MEA,2366,dry_bulk,1
MEA,2367,dry_bulk,1
MEA,2368,dry_bulk,1
MEA,2370,dry_bulk,1
MEA,2371,dry_bulk,1
MEA,2387,dry_bulk,1
MEA,2396,dry_bulk,1
MEA,2402,dry_bulk,1
MEA,2403,dry_bulk,1
MEA,2417,dry_bulk,1
MEA,2425,liquid_bulk,1
MEA,2426,liquid_bulk,1
MEA,2427,liquid_bulk,1
MEA,2434,liquid_bulk,1
MEA,2440,liquid_bulk,1
MEA,2441,liquid_bulk,1
MEA,2455,liquid_bulk,1
MEA,2517,dry_bulk,1
MEA,2526,dry_bulk,1
MEA,2532,dry_bulk,1
MEA,2533,dry_bulk,1
MEA,2547,dry_bulk,1
MEA,2555,dry_bulk,1
MEA,2564,dry_bulk,1
MEA,2570,dry_bulk,1
MEA,2571,dry_bulk,1
MEA,2585,dry_bulk,1
MEA,2593,dry_bulk,1
MEA,2602,dry_bulk,1
MEA,2608,dry_bulk,1
MEA,2609,dry_bulk,1
MEA,2623,dry_bulk,1
MEA,2669,dry_bulk,1
MEA,2678,dry_bulk,1
MEA,2684,dry_bulk,1
MEA,2685,dry_bulk,1
MEA,2699,dry_bulk,1
MEA,2735,dry_bulk,1
MEA,2738,dry_bulk,1
MEA,2742,dry_bulk,1
MEA,2826,dry_bulk,1
MEA,2828,dry_bulk,1
MEA,2840,dry_bulk,1
MEA,2843,dry_bulk,1
MEA,2846,dry_bulk,1
MEA,2856,dry_bulk,1
MEA,2863,dry_bulk,1
MEA,2869,dry_bulk,1
MEA,2872,dry_bulk,1
MEA,2873,dry_bulk,1
MEA,3203,dry_bulk,1
MEA,3212,dry_bulk,1
MEA,3218,dry_bulk,1
MEA,3219,dry_bulk,1
MEA,3233,dry_bulk,1
MEA,5609,liquid_bulk,1
MEA,5671,liquid_bulk,1
MEA,5698,liquid_bulk,1
MEA,5779,liquid_bulk,1
MEA,5914,liquid_bulk,1
MEA,6297,liquid_bulk,1
MEA,6320,liquid_bulk,1
MEA,6374,liquid_bulk,1
MEA,6401,liquid_bulk,1
MEA,6428,liquid_bulk,1
MEA,6455,liquid_bulk,1
MEA,6509,liquid_bulk,1
MEA,6752,liquid_bulk,1
MEA,6779,liquid_bulk,1
MEA,6860,liquid_bulk,1
NOR,1268,dry_bulk,1
NOR,1269,dry_bulk,1
NOR,1270,dry_bulk,1
NOR,1271,dry_bulk,1
NOR,1272,dry_bulk,1
NOR,1273,dry_bulk,1
NOR,12732,dry_bulk,1
NOR,1274,dry_bulk,1
NOR,1331,dry_bulk,1
NOR,2135,container,1
NOR,2354,container,1
NOR,2355,container,1
NOR,2356,container,1
NOR,2362,container,1
NOR,2366,container,1
NOR,2387,dry_bulk,1
NOR,2388,dry_bulk,1
NOR,2389,dry_bulk,1
NOR,2390,dry_bulk,1
NOR,2391,dry_bulk,1
NOR,2392,dry_bulk,1
NOR,2393,dry_bulk,1
NOR,2395,dry_bulk,1
NOR,2396,dry_bulk,1
NOR,2397,dry_bulk,1
NOR,2402,dry_bulk,1
NOR,2403,dry_bulk,1
NOR,2417,dry_bulk,1
NOR,2425,dry_bulk,1
NOR,2426,dry_bulk,1
NOR,2427,dry_bulk,1
NOR,2428,dry_bulk,1
NOR,2429,dry_bulk,1
NOR,2430,dry_bulk,1
NOR,2431,dry_bulk,1
NOR,2433,dry_bulk,1
NOR,2434,dry_bulk,1
NOR,2435,dry_bulk,1
NOR,2440,dry_bulk,1
NOR,2441,dry_bulk,1
NOR,2455,dry_bulk,1
NOR,2517,dry_bulk,1
NOR,2518,dry_bulk,1
NOR,2519,dry_bulk,1
NOR,2520,dry_bulk,1
NOR,2521,dry_bulk,1
NOR,2522,dry_bulk,1
NOR,2523,dry_bulk,1
NOR,2525,dry_bulk,1
NOR,2526,dry_bulk,1
NOR,2527,dry_bulk,1
NOR,2532,dry_bulk,1
NOR,2533,dry_bulk,1
NOR,2547,dry_bulk,1
NOR,2555,dry_bulk,1
NOR,2556,dry_bulk,1
NOR,2557,dry_bulk,1
NOR,2558,dry_bulk,1
NOR,2559,dry_bulk,1
NOR,2560,dry_bulk,1
NOR,2561,dry_bulk,1
NOR,2563,dry_bulk,1
NOR,2564,dry_bulk,1
NOR,2565,dry_bulk,1
NOR,2570,dry_bulk,1
NOR,2571,dry_bulk,1
NOR,2585,dry_bulk,1
NOR,2593,dry_bulk,1
NOR,2594,dry_bulk,1
NOR,2595,dry_bulk,1
NOR,2596,dry_bulk,1
NOR,2597,dry_bulk,1
NOR,2598,dry_bulk,1
NOR,2599,dry_bulk,1
NOR,2601,dry_bulk,1
NOR,2602,dry_bulk,1
NOR,2603,dry_bulk,1
NOR,2608,dry_bulk,1
NOR,2609,dry_bulk,1
NOR,2623,dry_bulk,1
NOR,2669,dry_bulk,1
NOR,2670,dry_bulk,1
NOR,2671,dry_bulk,1
NOR,2672,dry_bulk,1
NOR,2673,dry_bulk,1
NOR,2674,dry_bulk,1
NOR,2675,dry_bulk,1
NOR,2677,dry_bulk,1
NOR,2678,dry_bulk,1
NOR,2679,dry_bulk,1
NOR,2684,dry_bulk,1
NOR,2685,dry_bulk,1
NOR,2699,dry_bulk,1
NOR,2708,dry_bulk,1
NOR,2709,dry_bulk,1
NOR,2710,dry_bulk,1
NOR,2711,dry_bulk,1
NOR,2713,dry_bulk,1
NOR,2715,dry_bulk,1
NOR,2720,dry_bulk,1
NOR,2724,dry_bulk,1
NOR,2726,dry_bulk,1
NOR,2728,dry_bulk,1
NOR,2730,dry_bulk,1
NOR,2735,dry_bulk,1
NOR,2738,dry_bulk,1
NOR,2742,dry_bulk,1
NOR,2744,dry_bulk,1
NOR,2745,dry_bulk,1
NOR,2826,dry_bulk,1
NOR,2828,dry_bulk,1
NOR,2833,dry_bulk,1
NOR,2836,dry_bulk,1
NOR,2837,dry_bulk,1
NOR,2840,dry_bulk,1
NOR,2842,dry_bulk,1
NOR,2843,dry_bulk,1
NOR,2846,dry_bulk,1
NOR,2848,dry_bulk,1
NOR,2855,dry_bulk,1
NOR,2856,dry_bulk,1
NOR,2859,dry_bulk,1
NOR,2861,dry_bulk,1
NOR,2862,dry_bulk,1
NOR,2863,dry_bulk,1
NOR,2864,dry_bulk,1
NOR,2865,dry_bulk,1
NOR,2872,dry_bulk,1
NOR,2873,dry_bulk,1
NOR,2885,dry_bulk,1
NOR,2886,dry_bulk,1
NOR,3203,dry_bulk,1
NOR,3204,dry_bulk,1
NOR,3205,dry_bulk,1
NOR,3206,dry_bulk,1
NOR,3207,dry_bulk,1
NOR,3208,dry_bulk,1
NOR,3209,dry_bulk,1
NOR,3211,dry_bulk,1
NOR,3212,dry_bulk,1
NOR,3213,dry_bulk,1
NOR,3218,dry_bulk,1
NOR,3219,dry_bulk,1
NOR,3233,dry_bulk,1
NOR,3431,liquid_bulk,1
NOR,3432,liquid_bulk,1
NOR,3433,liquid_bulk,1
NOR,3434,liquid_bulk,1
NOR,3435,liquid_bulk,1
NOR,3436,liquid_bulk,1
NOR,3439,liquid_bulk,1
NOR,3440,liquid_bulk,1
NOR,3441,liquid_bulk,1
NOR,3446,liquid_bulk,1
NOR,3447,liquid_bulk,1
NOR,3461,liquid_bulk,1
NOR,5725,dry_bulk,1
NOR,5752,dry_bulk,1
NOR,5779,dry_bulk,1
NOR,5806,dry_bulk,1
NOR,5833,dry_bulk,1
NOR,5949,dry_bulk,1
NOR,6031,dry_bulk,1
NOR,6297,dry_bulk,1
NOR,hh_211,dry_bulk,1
NOR,hh_212,dry_bulk,1
NOR,hh_213,dry_bulk,1
NOR,hh_214,dry_bulk,1
NOR,hh_215,dry_bulk,1
NOR,hh_216,dry_bulk,1
NOR,hh_217,dry_bulk,1
NOR,hh_219,dry_bulk,1
NOR,hh_220,dry_bulk,1
NOR,hh_221,dry_bulk,1
NOR,hh_226,dry_bulk,1
NOR,hh_227,dry_bulk,1
NOR,hh_241,dry_bulk,1
ROW,2121,dry_bulk,1
ROW,2124,dry_bulk,1
ROW,2126,dry_bulk,1
ROW,2127,dry_bulk,1
ROW,2128,dry_bulk,1
ROW,2129,dry_bulk,1
ROW,2130,dry_bulk,1
ROW,2132,dry_bulk,1
ROW,2133,dry_bulk,1
ROW,2134,dry_bulk,1
ROW,2135,dry_bulk,1
ROW,2210,dry_bulk,1
ROW,2211,dry_bulk,1
ROW,2213,dry_bulk,1
ROW,2220,dry_bulk,1
ROW,2222,dry_bulk,1
ROW,2223,dry_bulk,1
ROW,2310,dry_bulk,1
ROW,2311,dry_bulk,1
ROW,2312,dry_bulk,1
ROW,2313,dry_bulk,1
ROW,2314,dry_bulk,1
ROW,2315,dry_bulk,1
ROW,2316,dry_bulk,1
ROW,2317,dry_bulk,1
ROW,2318,dry_bulk,1
ROW,2351,dry_bulk,1
ROW,2354,dry_bulk,1
ROW,2355,dry_bulk,1
ROW,2356,dry_bulk,1
ROW,2357,dry_bulk,1
ROW,2358,dry_bulk,1
ROW,2359,dry_bulk,1
ROW,2360,dry_bulk,1
ROW,2362,dry_bulk,1
ROW,2363,dry_bulk,1
ROW,2364,dry_bulk,1
ROW,2365,dry_bulk,1
ROW,2366,dry_bulk,1
ROW,2367,dry_bulk,1
ROW,2368,dry_bulk,1
ROW,2370,dry_bulk,1
ROW,2371,dry_bulk,1
ROW,2387,dry_bulk,1
ROW,2396,dry_bulk,1
ROW,2402,dry_bulk,1
ROW,2403,dry_bulk,1
ROW,2417,dry_bulk,1
ROW,2425,liquid_bulk,1
ROW,2426,liquid_bulk,1
ROW,2427,liquid_bulk,1
ROW,2434,liquid_bulk,1
ROW,2440,liquid_bulk,1
ROW,2441,liquid_bulk,1
ROW,2455,liquid_bulk,1
ROW,2517,dry_bulk,1
ROW,2526,dry_bulk,1
ROW,2532,dry_bulk,1
ROW,2533,dry_bulk,1
ROW,2547,dry_bulk,1
ROW,2555,dry_bulk,1
ROW,2564,dry_bulk,1
ROW,2570,dry_bulk,1
ROW,2571,dry_bulk,1
ROW,2585,dry_bulk,1
ROW,2593,dry_bulk,1
ROW,2602,dry_bulk,1
ROW,2608,dry_bulk,1
ROW,2609,dry_bulk,1
ROW,2623,dry_bulk,1
ROW,2735,dry_bulk,1
ROW,2738,dry_bulk,1
ROW,2742,dry_bulk,1
ROW,2826,dry_bulk,1
ROW,2828,dry_bulk,1
ROW,2840,dry_bulk,1
ROW,2843,dry_bulk,1
ROW,2846,dry_bulk,1
ROW,2856,dry_bulk,1
ROW,2863,dry_bulk,1
ROW,2869,dry_bulk,1
ROW,2872,dry_bulk,1
ROW,2873,dry_bulk,1
ROW,3203,dry_bulk,1
ROW,3212,dry_bulk,1
ROW,3218,dry_bulk,1
ROW,3219,dry_bulk,1
ROW,3233,dry_bulk,1
ROW,3431,liquid_bulk,1
ROW,3432,liquid_bulk,1
ROW,3433,liquid_bulk,1
ROW,3440,liquid_bulk,1
ROW,3446,liquid_bulk,1
ROW,3447,liquid_bulk,1
ROW,3461,liquid_bulk,1
ROW,5698,liquid_bulk,1
ROW,6320,liquid_bulk,1
ROW,6401,liquid_bulk,1
RUS,1289,dry_bulk,1
RUS,1290,dry_bulk,1
RUS,1291,dry_bulk,1
RUS,1292,dry_bulk,1
RUS,1293,dry_bulk,1
RUS,1294,dry_bulk,1
RUS,1295,dry_bulk,1
RUS,1348,dry_bulk,1
RUS,1349,dry_bulk,1
RUS,1350,dry_bulk,1
RUS,1351,dry_bulk,1
RUS,1352,dry_bulk,1
RUS,1353,dry_bulk,1
RUS,1354,dry_bulk,1
RUS,2121,liquid_bulk,1
RUS,2124,liquid_bulk,1
RUS,2126,liquid_bulk,1
RUS,2127,liquid_bulk,1
RUS,2128,liquid_bulk,1
RUS,2129,liquid_bulk,1
RUS,2130,liquid_bulk,1
RUS,2132,liquid_bulk,1
RUS,2133,liquid_bulk,1
RUS,2134,liquid_bulk,1
RUS,2135,liquid_bulk,1
RUS,2204,liquid_bulk,1
RUS,2205,liquid_bulk,1
RUS,2206,liquid_bulk,1
RUS,2207,liquid_bulk,1
RUS,2210,liquid_bulk,1
RUS,2211,liquid_bulk,1
RUS,2212,liquid_bulk,1
RUS,2213,liquid_bulk,1
RUS,2214,liquid_bulk,1
RUS,2215,liquid_bulk,1
RUS,2217,liquid_bulk,1
RUS,2218,liquid_bulk,1
RUS,2219,liquid_bulk,1
RUS,2220,liquid_bulk,1
RUS,2222,liquid_bulk,1
RUS,2223,liquid_bulk,1
RUS,2226,liquid_bulk,1
RUS,2227,liquid_bulk,1
RUS,2229,liquid_bulk,1
RUS,2230,liquid_bulk,1
RUS,2231,liquid_bulk,1
RUS,2232,liquid_bulk,1
RUS,2233,liquid_bulk,1
RUS,2235,liquid_bulk,1
RUS,2236,liquid_bulk,1
RUS,2237,liquid_bulk,1
RUS,2238,liquid_bulk,1
RUS,2239,liquid_bulk,1
RUS,2240,liquid_bulk,1
RUS,2242,liquid_bulk,1
RUS,2243,liquid_bulk,1
RUS,2244,liquid_bulk,1
RUS,2245,liquid_bulk,1
RUS,2246,liquid_bulk,1
RUS,2252,liquid_bulk,1
RUS,2253,liquid_bulk,1
RUS,2254,liquid_bulk,1
RUS,2256,liquid_bulk,1
RUS,2258,liquid_bulk,1
RUS,2259,liquid_bulk,1
RUS,2260,liquid_bulk,1
RUS,2262,liquid_bulk,1
RUS,2266,liquid_bulk,1
RUS,2268,liquid_bulk,1
RUS,2270,liquid_bulk,1
RUS,2271,liquid_bulk,1
RUS,2277,liquid_bulk,1
RUS,2278,liquid_bulk,1
RUS,2279,liquid_bulk,1
RUS,2282,liquid_bulk,1
RUS,2302,liquid_bulk,1
RUS,2306,liquid_bulk,1
RUS,2310,liquid_bulk,1
RUS,2311,liquid_bulk,1
RUS,2312,liquid_bulk,1
RUS,2313,liquid_bulk,1
RUS,2314,liquid_bulk,1
RUS,2315,liquid_bulk,1
RUS,2316,liquid_bulk,1
RUS,2317,liquid_bulk,1
RUS,2318,liquid_bulk,1
RUS,2319,liquid_bulk,1
RUS,2321,liquid_bulk,1
RUS,2322,liquid_bulk,1
RUS,2323,liquid_bulk,1
RUS,2324,liquid_bulk,1
RUS,2325,liquid_bulk,1
RUS,2326,liquid_bulk,1
RUS,2327,liquid_bulk,1
RUS,2328,liquid_bulk,1
RUS,2329,liquid_bulk,1
RUS,2351,liquid_bulk,1
RUS,2354,liquid_bulk,1
RUS,2355,liquid_bulk,1
RUS,2356,liquid_bulk,1
RUS,2357,liquid_bulk,1
RUS,2358,liquid_bulk,1
RUS,2359,liquid_bulk,1
RUS,2360,liquid_bulk,1
RUS,2362,liquid_bulk,1
RUS,2363,liquid_bulk,1
RUS,2364,liquid_bulk,1
RUS,2365,liquid_bulk,1
RUS,2366,liquid_bulk,1
RUS,2387,liquid_bulk,1
RUS,2388,liquid_bulk,1
RUS,2389,liquid_bulk,1
RUS,2390,liquid_bulk,1
RUS,2391,liquid_bulk,1
RUS,2392,liquid_bulk,1
RUS,2396,liquid_bulk,1
RUS,2397,liquid_bulk,1
RUS,2402,liquid_bulk,1
RUS,2403,liquid_bulk,1
RUS,2417,liquid_bulk,1
RUS,2425,liquid_bulk,1
RUS,2426,liquid_bulk,1
RUS,2427,liquid_bulk,1
RUS,2428,liquid_bulk,1
RUS,2429,liquid_bulk,1
RUS,2430,liquid_bulk,1
RUS,2434,liquid_bulk,1
RUS,2435,liquid_bulk,1
RUS,2440,liquid_bulk,1
RUS,2441,liquid_bulk,1
RUS,2455,liquid_bulk,1
RUS,2517,dry_bulk,1
RUS,2518,dry_bulk,1
RUS,2519,dry_bulk,1
RUS,2520,dry_bulk,1
RUS,2522,dry_bulk,1
RUS,2525,dry_bulk,1
RUS,2526,dry_bulk,1
RUS,2527,dry_bulk,1
RUS,2532,dry_bulk,1
RUS,2533,dry_bulk,1
RUS,2547,dry_bulk,1
RUS,2555,dry_bulk,1
RUS,2556,dry_bulk,1
RUS,2557,dry_bulk,1
RUS,2558,dry_bulk,1
RUS,2560,dry_bulk,1
RUS,2563,dry_bulk,1
RUS,2564,dry_bulk,1
RUS,2565,dry_bulk,1
RUS,2570,dry_bulk,1
RUS,2571,dry_bulk,1
RUS,2585,dry_bulk,1
RUS,2593,liquid_bulk,1
RUS,2594,liquid_bulk,1
RUS,2595,liquid_bulk,1
RUS,2596,liquid_bulk,1
RUS,2597,liquid_bulk,1
RUS,2598,liquid_bulk,1
RUS,2602,liquid_bulk,1
RUS,2603,liquid_bulk,1
RUS,2608,liquid_bulk,1
RUS,2609,liquid_bulk,1
RUS,2623,liquid_bulk,1
RUS,2708,liquid_bulk,1
RUS,2709,liquid_bulk,1
RUS,2710,liquid_bulk,1
RUS,2711,liquid_bulk,1
RUS,2713,liquid_bulk,1
RUS,2715,liquid_bulk,1
RUS,2720,dry_bulk,1
RUS,2724,dry_bulk,1
RUS,2726,dry_bulk,1
RUS,2728,dry_bulk,1
RUS,2735,liquid_bulk,1
RUS,2738,liquid_bulk,1
RUS,2742,liquid_bulk,1
RUS,2826,dry_bulk,1
RUS,2828,dry_bulk,1
RUS,2833,dry_bulk,1
RUS,2836,dry_bulk,1
RUS,2837,dry_bulk,1
RUS,2840,dry_bulk,1
RUS,2842,dry_bulk,1
RUS,2843,dry_bulk,1
RUS,2846,dry_bulk,1
RUS,2848,dry_bulk,1
RUS,2855,dry_bulk,1
RUS,2856,dry_bulk,1
RUS,2861,dry_bulk,1
RUS,2862,dry_bulk,1
RUS,2863,dry_bulk,1
RUS,2864,dry_bulk,1
RUS,2865,dry_bulk,1
RUS,2872,dry_bulk,1
RUS,2873,dry_bulk,1
RUS,2885,dry_bulk,1
RUS,2886,dry_bulk,1
RUS,3203,dry_bulk,1
RUS,3204,dry_bulk,1
RUS,3205,dry_bulk,1
RUS,3206,dry_bulk,1
RUS,3208,dry_bulk,1
RUS,3211,dry_bulk,1
RUS,3212,dry_bulk,1
RUS,3213,dry_bulk,1
RUS,3218,dry_bulk,1
RUS,3219,dry_bulk,1
RUS,3233,dry_bulk,1
RUS,3241,liquid_bulk,1
RUS,3242,liquid_bulk,1
RUS,3243,liquid_bulk,1
RUS,3244,liquid_bulk,1
RUS,3245,liquid_bulk,1
RUS,3246,liquid_bulk,1
RUS,3250,liquid_bulk,1
RUS,3251,liquid_bulk,1
RUS,3256,liquid_bulk,1
RUS,3257,liquid_bulk,1
RUS,3271,liquid_bulk,1
RUS,3317,liquid_bulk,1
RUS,3318,liquid_bulk,1
RUS,3319,liquid_bulk,1
RUS,3320,liquid_bulk,1
RUS,3321,liquid_bulk,1
RUS,3322,liquid_bulk,1
RUS,3326,liquid_bulk,1
RUS,3327,liquid_bulk,1
RUS,3332,liquid_bulk,1
RUS,3333,liquid_bulk,1
RUS,3347,liquid_bulk,1
RUS,3355,liquid_bulk,1
RUS,3356,liquid_bulk,1
RUS,3357,liquid_bulk,1
RUS,3358,liquid_bulk,1
RUS,3359,liquid_bulk,1
RUS,3360,liquid_bulk,1
RUS,3364,liquid_bulk,1
RUS,3365,liquid_bulk,1
RUS,3370,liquid_bulk,1
RUS,3371,liquid_bulk,1
RUS,3385,liquid_bulk,1
RUS,3393,liquid_bulk,1
RUS,3394,liquid_bulk,1
RUS,3395,liquid_bulk,1
RUS,3396,liquid_bulk,1
RUS,3397,liquid_bulk,1
RUS,3398,liquid_bulk,1
RUS,3402,liquid_bulk,1
RUS,3403,liquid_bulk,1
RUS,3408,liquid_bulk,1
RUS,3409,liquid_bulk,1
RUS,3423,liquid_bulk,1
RUS,3431,liquid_bulk,1
RUS,3432,liquid_bulk,1
RUS,3433,liquid_bulk,1
RUS,3434,liquid_bulk,1
RUS,3435,liquid_bulk,1
RUS,3436,liquid_bulk,1
RUS,3440,liquid_bulk,1
RUS,3441,liquid_bulk,1
RUS,3446,liquid_bulk,1
RUS,3447,liquid_bulk,1
RUS,3461,liquid_bulk,1
RUS,3545,liquid_bulk,1
RUS,3546,liquid_bulk,1
RUS,3547,liquid_bulk,1
RUS,3548,liquid_bulk,1
RUS,3549,liquid_bulk,1
RUS,3550,liquid_bulk,1
RUS,3554,liquid_bulk,1
RUS,3555,liquid_bulk,1
RUS,3560,liquid_bulk,1
RUS,3561,liquid_bulk,1
RUS,3575,liquid_bulk,1
RUS,3849,liquid_bulk,1
RUS,3850,liquid_bulk,1
RUS,3851,liquid_bulk,1
RUS,3852,liquid_bulk,1
RUS,3853,liquid_bulk,1
RUS,3854,liquid_bulk,1
RUS,3858,liquid_bulk,1
RUS,3859,liquid_bulk,1
RUS,3864,liquid_bulk,1
RUS,3865,liquid_bulk,1
RUS,3879,liquid_bulk,1
RUS,3925,liquid_bulk,1
RUS,3926,liquid_bulk,1
RUS,3927,liquid_bulk,1
RUS,3928,liquid_bulk,1
RUS,3929,liquid_bulk,1
RUS,3930,liquid_bulk,1
RUS,3934,liquid_bulk,1
RUS,3935,liquid_bulk,1
RUS,3940,liquid_bulk,1
RUS,3941,liquid_bulk,1
RUS,3955,liquid_bulk,1
RUS,4001,liquid_bulk,1
RUS,4002,liquid_bulk,1
RUS,4003,liquid_bulk,1
RUS,4004,liquid_bulk,1
RUS,4005,liquid_bulk,1
RUS,4006,liquid_bulk,1
RUS,4010,liquid_bulk,1
RUS,4011,liquid_bulk,1
RUS,4016,liquid_bulk,1
RUS,4017,liquid_bulk,1
RUS,4031,liquid_bulk,1
RUS,5595,liquid_bulk,1
RUS,5609,liquid_bulk,1
RUS,5610,liquid_bulk,1
RUS,5671,liquid_bulk,1
RUS,5698,liquid_bulk,1
RUS,5725,liquid_bulk,1
RUS,5752,dry_bulk,1
RUS,5779,liquid_bulk,1
RUS,5806,liquid_bulk,1
RUS,5833,liquid_bulk,1
RUS,5860,liquid_bulk,1
RUS,5914,liquid_bulk,1
RUS,5949,liquid_bulk,1
RUS,6031,liquid_bulk,1
RUS,6270,liquid_bulk,1
RUS,6297,liquid_bulk,1
RUS,6320,liquid_bulk,1
RUS,6347,liquid_bulk,1
RUS,6374,liquid_bulk,1
RUS,6401,liquid_bulk,1
RUS,6428,liquid_bulk,1
RUS,6455,liquid_bulk,1
RUS,6509,liquid_bulk,1
RUS,6536,liquid_bulk,1
RUS,6644,liquid_bulk,1
RUS,6671,liquid_bulk,1
RUS,6698,liquid_bulk,1
RUS,6725,liquid_bulk,1
RUS,6752,liquid_bulk,1
RUS,6779,liquid_bulk,1
RUS,6806,liquid_bulk,1
RUS,6833,liquid_bulk,1
RUS,6860,liquid_bulk,1
RUS,7782,dry_bulk,1
RUS,7790,dry_bulk,1
RUS,7798,dry_bulk,1
RUS,7839,dry_bulk,1
RUS,7841,dry_bulk,1
RUS,7846,dry_bulk,1
RUS,7855,dry_bulk,1
RUS,7919,dry_bulk,1
RUS,7927,dry_bulk,1
RUS,8055,dry_bulk,1
RUS,hh_113,liquid_bulk,1
RUS,hh_140,dry_bulk,1
RUS,hh_211,liquid_bulk,1
RUS,hh_212,liquid_bulk,1
RUS,hh_213,liquid_bulk,1
RUS,hh_214,liquid_bulk,1
RUS,hh_215,liquid_bulk,1
RUS,hh_216,liquid_bulk,1
RUS,hh_220,liquid_bulk,1
RUS,hh_221,liquid_bulk,1
RUS,hh_226,liquid_bulk,1
RUS,hh_227,liquid_bulk,1
RUS,hh_241,liquid_bulk,1
TUR,2354,container,1
TUR,2517,dry_bulk,1
TUR,2526,dry_bulk,1
TUR,2532,dry_bulk,1
TUR,2533,dry_bulk,1
TUR,2547,dry_bulk,1
TUR,2720,liquid_bulk,1
TUR,6401,liquid_bulk,1
USA,115,dry_bulk,1
USA,12052,dry_bulk,1
USA,12060,dry_bulk,1
USA,12135,dry_bulk,1
USA,12727,dry_bulk,1
USA,12732,dry_bulk,1
USA,1331,dry_bulk,1
USA,1355,dry_bulk,1
USA,1356,dry_bulk,1
USA,1357,dry_bulk,1
USA,1358,dry_bulk,1
USA,1359,dry_bulk,1
USA,1360,dry_bulk,1
USA,228,dry_bulk,1
USA,229,dry_bulk,1
USA,232,dry_bulk,1
USA,233,dry_bulk,1
USA,234,dry_bulk,1
USA,235,dry_bulk,1
USA,2354,container,1
USA,2720,dry_bulk,1
USA,2724,dry_bulk,1
USA,2726,dry_bulk,1
USA,2728,dry_bulk,1
USA,2730,dry_bulk,1
USA,2826,dry_bulk,1
USA,2828,dry_bulk,1
USA,2833,dry_bulk,1
USA,2836,dry_bulk,1
USA,2837,dry_bulk,1
USA,2840,dry_bulk,1
USA,2842,dry_bulk,1
USA,2843,dry_bulk,1
USA,2846,dry_bulk,1
USA,2848,dry_bulk,1
USA,2855,dry_bulk,1
USA,2856,dry_bulk,1
USA,2859,dry_bulk,1
USA,2861,dry_bulk,1
USA,2862,dry_bulk,1
USA,2863,dry_bulk,1
USA,2864,dry_bulk,1
USA,2865,dry_bulk,1
USA,2869,dry_bulk,1
USA,2872,dry_bulk,1
USA,2873,dry_bulk,1
USA,2885,dry_bulk,1
USA,2886,dry_bulk,1
USA,3203,dry_bulk,1
USA,3204,dry_bulk,1
USA,3205,dry_bulk,1
USA,3206,dry_bulk,1
USA,3207,dry_bulk,1
USA,3208,dry_bulk,1
USA,3209,dry_bulk,1
USA,3211,dry_bulk,1
USA,3212,dry_bulk,1
USA,3213,dry_bulk,1
USA,3218,dry_bulk,1
USA,3219,dry_bulk,1
USA,3233,dry_bulk,1
USA,5671,liquid_bulk,1
USA,5698,liquid_bulk,1
USA,5752,dry_bulk,1
USA,5806,dry_bulk,1
USA,5833,dry_bulk,1
USA,6297,dry_bulk,1
USA,6320,liquid_bulk,1
USA,6401,liquid_bulk,1
USA,6428,liquid_bulk,1
USA,6455,liquid_bulk,1
USA,6509,liquid_bulk,1
USA,7771,dry_bulk,1
USA,7773,dry_bulk,1
USA,7842,dry_bulk,1
USA,7843,dry_bulk,1
USA,7846,dry_bulk,1
USA,7847,dry_bulk,1
USA,7848,dry_bulk,1
USA,7849,dry_bulk,1
USA,7915,dry_bulk,1
USA,7916,dry_bulk,1
USA,7919,dry_bulk,1
USA,7920,dry_bulk,1
USA,7921,dry_bulk,1
USA,7922,dry_bulk,1
